rater_id,n_ratings,consensus_agreement,expected_by_chance,p_above_chance,median_rt_ms,agreement_audio,agreement_visual,agreement_audiovisual,q_bh,at_chance
SSI_1073928842,90,0.5777777777777777,0.19825222767444847,2.750605928959078e-15,3682.5,0.6833333333333333,0.65,0.4,3.893238867002913e-15,False
SSI_1079191253,90,0.6814814814814815,0.19934019464144279,1.118341621482324e-22,4953.0,0.7833333333333333,0.611111111111111,0.65,4.456947114651416e-22,False
SSI_1102053744,90,0.6444444444444445,0.19505584738621892,1.7990789204140727e-20,2949.5,0.6333333333333333,0.65,0.65,4.690661475529968e-20,False
SSI_1105890547,90,0.5962962962962963,0.20200845583983337,1.8962705410683578e-16,3164.0,0.55,0.5555555555555555,0.6833333333333333,2.9450660723649067e-16,False
SSI_1132012319,90,0.7055555555555556,0.19264902836068049,2.064961224708044e-26,3577.5,0.6666666666666666,0.8,0.65,2.1558548170776715e-25,False
SSI_1132037920,90,0.787037037037037,0.2004020216059217,5.975371360898369e-33,3496.0,0.6166666666666667,0.9111111111111111,0.8333333333333334,1.0427023024767655e-30,False
SSI_1132150938,90,0.7703703703703704,0.2041512616829205,3.706931518681859e-30,3449.5,0.7166666666666667,0.8111111111111111,0.7833333333333333,1.7086856037999588e-28,False
SSI_1132155575,90,0.7370370370370369,0.19798473309211362,9.149883412160922e-28,8750.5,0.6166666666666667,0.7611111111111111,0.8333333333333334,1.5310387106787076e-26,False
SSI_1132280572,90,0.6314814814814815,0.20529533566595554,1.608263211936208e-18,8457.5,0.6333333333333333,0.5611111111111111,0.7,3.067124923310036e-18,False
SSI_1162900022,90,0.6333333333333333,0.20902902324226394,3.861226635249118e-18,3793.0,0.5833333333333334,0.6333333333333333,0.6833333333333333,7.087134988665361e-18,False
SSI_1079540381,90,0.5037037037037037,0.20597394732751562,5.695104198114991e-10,2437.5,0.42777777777777776,0.6833333333333333,0.4,6.23907603407844e-10,False
SSI_1092213850,90,0.6888888888888889,0.21629745282913898,1.136927029500049e-21,4566.5,0.5666666666666667,0.6333333333333333,0.8666666666666667,3.673958641625158e-21,False
SSI_1106010344,90,0.725,0.21341114894288513,8.0270886524706835e-25,5233.0,0.6333333333333333,0.625,0.9166666666666666,5.2433629887662776e-24,False
SSI_1114581881,90,0.7148148148148148,0.20349363957513775,4.870770212363556e-25,4112.5,0.5277777777777778,0.75,0.8666666666666667,3.3238244773195996e-24,False
SSI_1120293764,90,0.6981481481481481,0.21220633591176094,4.7715041949904746e-23,3048.5,0.611111111111111,0.6833333333333333,0.8,2.0704768647178915e-22,False
SSI_1132233840,89,0.7303370786516854,0.20623866423445844,3.7854180909464676e-26,3405.0,0.6896551724137931,0.6333333333333333,0.8666666666666667,3.640856848890638e-25,False
SSI_1132307353,90,0.7370370370370369,0.20692624928306766,1.297392277104238e-26,3821.0,0.6277777777777779,0.65,0.9333333333333333,1.4453191924219826e-25,False
SSI_1152434780,90,0.7148148148148148,0.20603404151582008,9.934245957211987e-25,4990.0,0.5611111111111111,0.6833333333333333,0.9,6.303730616485424e-24,False
SSI_1158587155,90,0.6111111111111112,0.2064016621703502,8.425392359938415e-17,5020.0,0.5166666666666667,0.65,0.6666666666666666,1.3649359108308718e-16,False
SSI_1159369573,90,0.7722222222222223,0.21495439956220347,8.020802921621026e-30,5602.0,0.7166666666666667,0.8,0.8,3.2122658258229783e-28,False
SSI_1074876451,90,0.6481481481481481,0.19820124581852688,4.026151244470059e-20,3492.0,0.7,0.5611111111111111,0.6833333333333333,9.95535171076959e-20,False
SSI_1079235950,90,0.31666666666666665,0.2193410898585557,0.027438545466901658,4069.5,0.21666666666666667,0.3333333333333333,0.4,0.02759669270302213,False
SSI_1106186046,90,0.5833333333333334,0.21798883153430101,1.5244585277992278e-13,2891.5,0.48333333333333334,0.6166666666666667,0.65,1.9336719540049397e-13,False
SSI_1131951419,90,0.5916666666666667,0.21446710051821438,1.494254351360501e-14,8195.0,0.5333333333333333,0.5916666666666667,0.65,2.0134933151537255e-14,False
SSI_1131998546,90,0.5416666666666666,0.2165544484198154,1.1765915058260194e-11,2578.5,0.5666666666666667,0.4083333333333333,0.65,1.3590605431361539e-11,False
SSI_1132187682,90,0.6333333333333333,0.20575885076376688,1.7948692553064774e-18,4843.5,0.6666666666666666,0.6,0.6333333333333333,3.4150043541384146e-18,False
SSI_1132192547,90,0.7,0.2138963996087345,7.43141838901872e-23,6876.0,0.65,0.75,0.7,3.103411132371407e-22,False
SSI_1151419384,90,0.6611111111111111,0.21890250933908695,1.225117810734811e-19,4120.5,0.65,0.6333333333333333,0.7,2.773830223934331e-19,False
SSI_1156777177,90,0.5777777777777777,0.2227407400663776,3.736808824999583e-13,4658.5,0.43333333333333335,0.5666666666666667,0.7333333333333333,4.638731686724584e-13,False
SSI_1159792302,90,0.6166666666666667,0.22073874125393111,3.190827219814103e-16,2441.0,0.45,0.7333333333333333,0.6666666666666666,4.850772182953238e-16,False
SSI_1091278364,90,0.7083333333333334,0.20219041166837112,3.365798844746786e-25,4199.5,0.625,0.6166666666666667,0.8833333333333333,2.3833758196279415e-24,False
SSI_1092401610,90,0.5703703703703704,0.20760616752327649,1.0082552069145433e-13,2797.5,0.5,0.6277777777777778,0.5833333333333334,1.2957219729049077e-13,False
SSI_1132146913,90,0.5277777777777778,0.21557901159264015,4.260676295752231e-11,4782.5,0.5333333333333333,0.43333333333333335,0.6166666666666667,4.8099963911842424e-11,False
SSI_1132170515,90,0.6509259259259259,0.2051166800021984,3.1189779355417123e-20,2196.0,0.5166666666666667,0.6027777777777777,0.8333333333333334,7.855322779926189e-20,False
SSI_1132204235,90,0.5611111111111111,0.21416529349465452,1.7021927940231035e-12,3320.5,0.48333333333333334,0.5333333333333333,0.6666666666666666,2.048500983151942e-12,False
SSI_1132242636,90,0.5444444444444444,0.20423465511887168,1.2395422185315167e-12,4664.0,0.4666666666666667,0.6166666666666667,0.55,1.4998522238100522e-12,False
SSI_1152102689,90,0.625,0.207029894688075,1.567982941795911e-17,3669.0,0.475,0.65,0.75,2.712877001988251e-17,False
SSI_1160114312,90,0.6120370370370369,0.19648630654998836,8.579577101523219e-18,1976.0,0.31666666666666665,0.736111111111111,0.7833333333333333,1.5199352327063976e-17,False
SSI_1162762102,90,0.5972222222222222,0.20342206856857317,2.5969419084632703e-16,3274.0,0.35833333333333334,0.5666666666666667,0.8666666666666667,3.980131168366229e-16,False
SSI_1079198572,90,0.5222222222222223,0.20106207142112936,1.419469420641643e-11,3135.5,0.6333333333333333,0.48333333333333334,0.45,1.6326571537794417e-11,False
SSI_1112652203,90,0.5888888888888889,0.21028321230200275,6.366598792404752e-15,4108.0,0.48333333333333334,0.6166666666666667,0.6666666666666666,8.797285548554757e-15,False
SSI_1115889271,90,0.6055555555555555,0.20700310139623523,5.690767372110793e-16,8689.5,0.6,0.6,0.6166666666666667,8.436010127467638e-16,False
SSI_1131867529,90,0.6444444444444445,0.2124713606389726,1.296159632232781e-18,3505.0,0.5833333333333334,0.6666666666666666,0.6833333333333333,2.5031762699957977e-18,False
SSI_1132115761,90,0.6277777777777778,0.211180250195481,4.0048651489168323e-17,4155.0,0.6166666666666667,0.75,0.5166666666666667,6.669315309341391e-17,False
SSI_1140853040,90,0.6407407407407407,0.2091610424777991,5.942625279553398e-19,3301.0,0.6611111111111111,0.6777777777777777,0.5833333333333334,1.2098963730508825e-18,False
SSI_1145171562,90,0.6888888888888889,0.2051210717923663,6.24460291119495e-23,6046.5,0.6166666666666667,0.6833333333333333,0.7666666666666667,2.639371092050045e-22,False
SSI_1148451601,90,0.5666666666666667,0.20672143675771584,8.459092453791147e-14,3648.0,0.4666666666666667,0.65,0.5833333333333334,1.0928378035225687e-13,False
SSI_1157998289,90,0.5722222222222222,0.21226791369904724,5.0038707323130396e-14,4145.0,0.4666666666666667,0.7,0.55,6.56522889314756e-14,False
SSI_1163717921,90,0.6333333333333333,0.21342097357137005,1.056045500824487e-17,4237.5,0.6166666666666667,0.6,0.6833333333333333,1.8507311036687387e-17,False
SSI_1067041332,90,0.437037037037037,0.20871081654927687,1.3262481586755195e-06,3168.0,0.611111111111111,0.21666666666666667,0.48333333333333334,1.3590705753541503e-06,False
SSI_1090054680,90,0.587037037037037,0.21589890419356111,1.9911183333507427e-14,2581.0,0.4944444444444444,0.6166666666666667,0.65,2.659541874453726e-14,False
SSI_1095416301,90,0.5611111111111111,0.2143212610523909,1.751761857345217e-12,7701.5,0.45555555555555555,0.5444444444444444,0.6833333333333333,2.1050438846504503e-12,False
SSI_1106344414,90,0.5944444444444444,0.21439617858620433,2.727055539343803e-15,4448.0,0.5333333333333333,0.6166666666666667,0.6333333333333333,3.864383226575934e-15,False
SSI_1125711538,90,0.55,0.21162166304027868,1.0616324129081851e-12,6339.0,0.6333333333333333,0.5333333333333333,0.48333333333333334,1.288409331711225e-12,False
SSI_1126490381,90,0.6574074074074073,0.21338161183588295,2.338171070173489e-19,5589.0,0.5611111111111111,0.6444444444444444,0.7666666666666667,5.068457785655576e-19,False
SSI_1132170702,90,0.6092592592592592,0.21617853309825033,7.041194210875677e-16,3279.0,0.5444444444444445,0.5166666666666667,0.7666666666666667,1.0387462232590144e-15,False
SSI_1132255625,90,0.587037037037037,0.22395479608774946,9.574959801043226e-14,4935.5,0.4777777777777778,0.5833333333333334,0.7,1.2343866382030924e-13,False
SSI_1155726740,90,0.5333333333333333,0.22296505011698511,1.4618812607217425e-10,4909.0,0.36666666666666664,0.65,0.5833333333333334,1.630020958440537e-10,False
SSI_1155854544,90,0.5277777777777778,0.2123409219421255,2.435921786627516e-11,2567.5,0.43333333333333335,0.5166666666666667,0.6333333333333333,2.775632893997678e-11,False
SSI_1078058811,90,0.5444444444444444,0.1870181632977168,3.879863166562218e-14,4040.5,0.6,0.4166666666666667,0.6166666666666667,5.1235166031954045e-14,False
SSI_1079350670,90,0.75,0.18968295152576356,4.534897649668486e-31,4353.5,0.6666666666666666,0.7333333333333333,0.85,3.6929183193800375e-29,False
SSI_1079500637,90,0.6185185185185185,0.1926802766642356,5.08738862509813e-19,3586.0,0.5166666666666667,0.6333333333333333,0.7055555555555556,1.0444109589172043e-18,False
SSI_1097232292,90,0.6833333333333333,0.18650170226124085,3.2256026854577777e-25,3248.5,0.65,0.7166666666666667,0.6833333333333333,2.3108936541270824e-24,False
SSI_1132096249,90,0.7444444444444445,0.19180008942055682,1.1414233744552362e-29,5463.0,0.6833333333333333,0.85,0.7,4.1424437858075e-28,False
SSI_1139709864,90,0.6666666666666666,0.1821623438301333,7.686012237305552e-24,3062.5,0.6166666666666667,0.7333333333333333,0.65,3.8795305569705504e-23,False
SSI_1155616517,90,0.6777777777777778,0.19276919987821,1.8248454911975286e-23,3335.5,0.55,0.7333333333333333,0.75,8.589783304423048e-23,False
SSI_1158833416,90,0.4777777777777778,0.18851590704712887,4.744377922100067e-10,6162.5,0.43333333333333335,0.35,0.65,5.211562618565857e-10,False
SSI_1162763220,90,0.6888888888888889,0.18959375856651967,8.05481376963564e-25,3690.0,0.6833333333333333,0.7666666666666667,0.6166666666666667,5.2474426771252994e-24,False
SSI_1163178016,90,0.65,0.19087391903798046,6.01777405669666e-21,5572.0,0.38333333333333336,0.7166666666666667,0.85,1.687843811692969e-20,False
SSI_1079270746,90,0.5777777777777777,0.21755515700692,1.4028906868969156e-13,3306.5,0.4666666666666667,0.6333333333333333,0.6333333333333333,1.7831747908892638e-13,False
SSI_1079293758,90,0.7,0.21869165283379208,2.5558117211758325e-22,2289.0,0.6333333333333333,0.6833333333333333,0.7833333333333333,9.36109150649559e-22,False
SSI_1082283160,90,0.7944444444444444,0.20080013190543677,4.4983253766667615e-34,4056.5,0.7,0.8,0.8833333333333333,2.3982012403285633e-31,False
SSI_1115511735,90,0.6111111111111112,0.21451248094502562,4.945996266001443e-16,3561.5,0.6833333333333333,0.5333333333333333,0.6166666666666667,7.376720926643177e-16,False
SSI_1128884239,90,0.7722222222222223,0.21616529450619926,1.1530338822550552e-29,5211.5,0.8666666666666667,0.7,0.75,4.1424437858075e-28,False
SSI_1132191529,90,0.7055555555555556,0.21740006190653935,2.1397121776190305e-23,3002.5,0.5833333333333334,0.75,0.7833333333333333,9.895078073196725e-23,False
SSI_1133228516,90,0.7611111111111111,0.21781011686376617,2.564637597335345e-27,4255.0,0.65,0.7833333333333333,0.85,3.6216240753122824e-26,False
SSI_1152040370,90,0.7055555555555556,0.2154977255416064,1.296841901796225e-23,5414.5,0.7,0.6833333333333333,0.7333333333333333,6.224331564023925e-23,False
SSI_1155865073,90,0.5222222222222223,0.21586430936275716,1.8387068933970923e-10,9200.0,0.5666666666666667,0.38333333333333336,0.6166666666666667,2.0445885027624473e-10,False
SSI_1157137501,90,0.6944444444444444,0.21751980351754574,1.544976112428879e-21,3003.0,0.6166666666666667,0.8166666666666667,0.65,4.851383859464977e-21,False
SSI_1159311865,90,0.5611111111111111,0.21953664674935033,4.502542030051017e-12,7332.5,0.55,0.5666666666666667,0.5666666666666667,5.316437979417417e-12,False
SSI_1080738509,90,0.5259259259259259,0.19542688200431527,4.998917416697681e-12,4947.5,0.4944444444444444,0.4166666666666667,0.6666666666666666,5.888310148983816e-12,False
SSI_1084630828,90,0.7194444444444444,0.20078422536408022,2.2498645430346734e-26,4109.0,0.6583333333333333,0.6833333333333333,0.8166666666666667,2.3191641681998765e-25,False
SSI_1099811621,90,0.6388888888888888,0.19185134945128754,7.792821755148091e-21,3017.0,0.5833333333333334,0.6666666666666666,0.6666666666666666,2.124761556677097e-20,False
SSI_1119901138,90,0.7370370370370369,0.19964531025932297,1.5123691782774099e-27,5045.5,0.7166666666666667,0.6777777777777777,0.8166666666666667,2.30919868908232e-26,False
SSI_1125362474,90,0.7083333333333334,0.19283467211282365,2.1834360629957965e-26,3804.5,0.6416666666666667,0.65,0.8333333333333334,2.269844383786694e-25,False
SSI_1131912865,90,0.6759259259259258,0.1892764454047376,6.760756506512099e-24,7223.5,0.6333333333333333,0.711111111111111,0.6833333333333333,3.433789635220178e-23,False
SSI_1132209419,90,0.6814814814814815,0.19728723926169373,6.395204853924515e-23,4031.0,0.5444444444444444,0.7833333333333333,0.7166666666666667,2.693704389334067e-22,False
SSI_1154771525,90,0.6962962962962963,0.19570142368181387,5.025192312353509e-25,3304.0,0.8111111111111111,0.5444444444444444,0.7333333333333333,3.400704936033136e-24,False
SSI_1160261483,90,0.6305555555555555,0.20205348644074822,7.399870390708232e-19,2428.5,0.4083333333333333,0.5666666666666667,0.9166666666666666,1.4757455807755275e-18,False
SSI_1079340511,90,0.46111111111111114,0.2026899756925794,1.7282389843499546e-08,5163.5,0.6166666666666667,0.4,0.36666666666666664,1.8128329062975263e-08,False
SSI_1114390735,90,0.6111111111111112,0.2029833573912396,3.8932080448819053e-17,4682.0,0.4166666666666667,0.7666666666666667,0.65,6.496657960141047e-17,False
SSI_1114549663,90,0.5611111111111111,0.22003516129586975,4.919925261202974e-12,5648.5,0.43333333333333335,0.5333333333333333,0.7166666666666667,5.7980595335836296e-12,False
SSI_1131856576,90,0.5777777777777777,0.20117076190562896,5.140031837334327e-15,3655.5,0.45,0.75,0.5333333333333333,7.142831500914539e-15,False
SSI_1131943355,90,0.7166666666666667,0.2066093828868881,1.1658213574710701e-24,3500.0,0.6,0.7833333333333333,0.7666666666666667,7.156034111311116e-24,False
SSI_1131964832,90,0.55,0.2041826870068087,2.553365402096545e-13,5157.5,0.55,0.6166666666666667,0.48333333333333334,3.205483904070842e-13,False
SSI_1132170208,90,0.65,0.20670421520817087,3.2991630718925155e-19,4330.5,0.6833333333333333,0.6166666666666667,0.65,7.014669612387655e-19,False
SSI_1150316342,90,0.6148148148148148,0.21287562450244646,3.48405182144386e-16,6569.5,0.6333333333333333,0.7277777777777777,0.48333333333333334,5.270302538568019e-16,False
SSI_1157182929,90,0.5833333333333334,0.20566382456307172,1.3163021586241038e-14,9274.5,0.7,0.4666666666666667,0.5833333333333334,1.7766442947617048e-14,False
SSI_1162646334,90,0.6388888888888888,0.21339712640364483,1.6077951115032288e-18,2802.5,0.5666666666666667,0.7,0.65,3.067124923310036e-18,False
SSI_1079358305,90,0.6388888888888888,0.20996609301963304,7.193454994485528e-19,4297.0,0.5166666666666667,0.7,0.7,1.4369264555623996e-18,False
SSI_1079381234,90,0.5166666666666667,0.21220532436700057,4.0170391487969866e-10,5170.0,0.3,0.5833333333333334,0.6666666666666666,4.4245386115919916e-10,False
SSI_1092769711,90,0.5944444444444444,0.19214027192346247,1.951696597735011e-17,3687.5,0.48333333333333334,0.6333333333333333,0.6666666666666666,3.353020244913243e-17,False
SSI_1119058247,90,0.7222222222222222,0.20771254831390662,1.6491024066620878e-25,4104.5,0.7333333333333333,0.6833333333333333,0.75,1.274923158061861e-24,False
SSI_1125396082,90,0.5666666666666667,0.21273838316708593,2.7394224832184373e-13,3773.0,0.5666666666666667,0.4166666666666667,0.7166666666666667,3.424979082140554e-13,False
SSI_1131873411,90,0.6333333333333333,0.21570825329485419,1.7656370737730297e-17,3172.0,0.6833333333333333,0.6333333333333333,0.5833333333333334,3.0419262138416865e-17,False
SSI_1132102336,90,0.7611111111111111,0.21636922192988578,1.699195325805946e-27,7484.5,0.75,0.7333333333333333,0.8,2.56242850675551e-26,False
SSI_1137392153,90,0.5,0.21560679535539107,2.6228654295059248e-09,3567.5,0.5333333333333333,0.5166666666666667,0.45,2.8202729948428585e-09,False
SSI_1147652869,90,0.65,0.20380565898600728,1.629803025735574e-19,6992.5,0.5833333333333334,0.6666666666666666,0.7,3.6229379361892693e-19,False
SSI_1158523508,90,0.6277777777777778,0.21028429971262014,3.2772847231317913e-17,2327.0,0.6333333333333333,0.5166666666666667,0.7333333333333333,5.506469448838353e-17,False
SSI_1161903148,90,0.75,0.2078746989389907,1.4074274542543117e-28,4148.5,0.65,0.8333333333333334,0.7666666666666667,3.2014705728093046e-27,False
SSI_1079208575,90,0.6388888888888888,0.19770832005680836,3.5522464364554553e-20,8419.0,0.55,0.6833333333333333,0.6833333333333333,8.855242902306813e-20,False
SSI_1079342744,90,0.662962962962963,0.18947653738787448,6.26735783319623e-23,5415.5,0.6166666666666667,0.6888888888888888,0.6833333333333333,2.644413676424592e-22,False
SSI_1106367790,90,0.7,0.19982151292703626,1.6302840616230142e-24,3614.5,0.6666666666666666,0.85,0.5833333333333334,9.643544703498846e-24,False
SSI_1112048480,90,0.6,0.19388313825692632,2.946451483125249e-17,7747.0,0.45,0.6166666666666667,0.7333333333333333,4.9642627401896444e-17,False
SSI_1131891996,89,0.6554307116104868,0.19556704886351073,9.031208815282219e-21,6438.0,0.6833333333333333,0.5977011494252873,0.6833333333333333,2.4352365491980642e-20,False
SSI_1131897755,90,0.5074074074074074,0.1931824074832733,1.4727160249702277e-11,4856.0,0.65,0.5055555555555556,0.36666666666666664,1.693103646589302e-11,False
SSI_1132183144,90,0.6925925925925925,0.18836578537515325,5.611844503494068e-25,4257.5,0.6333333333333333,0.7277777777777779,0.7166666666666667,3.766411022537365e-24,False
SSI_1148976055,90,0.7111111111111111,0.18894836772079746,6.704474866448554e-27,5472.5,0.6833333333333333,0.7,0.75,8.272238433703947e-26,False
SSI_1158911766,90,0.6555555555555556,0.19134335167263983,8.68563846356971e-22,4480.0,0.6166666666666667,0.6,0.75,2.867434427905514e-21,False
SSI_1093069514,90,0.6425925925925925,0.1876764091914352,2.555142028057217e-21,4210.5,0.6166666666666667,0.6444444444444444,0.6666666666666666,7.696932151102073e-21,False
SSI_1114267506,90,0.6,0.18141602610594718,1.3943061499308884e-18,2865.0,0.5,0.6,0.7,2.680007808246389e-18,False
SSI_1125066450,90,0.5925925925925926,0.19396460132829316,1.8373195669504145e-16,21273.0,0.4666666666666667,0.6777777777777777,0.6333333333333333,2.8588824032106996e-16,False
SSI_1130563390,90,0.6685185185185185,0.18788851326860123,4.0058991779633334e-23,4016.5,0.6277777777777778,0.711111111111111,0.6666666666666666,1.7665003053726396e-22,False
SSI_1131907849,90,0.5666666666666667,0.18682943433405458,1.2411686935168563e-15,4008.0,0.6,0.4666666666666667,0.6333333333333333,1.8016489116231016e-15,False
SSI_1131924246,90,0.5592592592592592,0.19502641986323244,4.0148410687817896e-14,4841.0,0.6444444444444444,0.5,0.5333333333333333,5.296034951962155e-14,False
SSI_1132236891,90,0.5203703703703704,0.18670020949091992,9.151269406076416e-13,2385.0,0.26666666666666666,0.5944444444444446,0.7,1.1139288071272889e-12,False
SSI_1138172172,90,0.5296296296296296,0.1866223374034523,1.8318538248233787e-13,4281.5,0.36111111111111105,0.4944444444444444,0.7333333333333333,2.31277462224471e-13,False
SSI_1160221391,90,0.7259259259259259,0.18413905402357106,1.344177456130872e-28,3166.0,0.65,0.7444444444444446,0.7833333333333333,3.1274528812644955e-27,False
SSI_1161995240,90,0.6203703703703703,0.18744470643453737,1.3476996810328117e-19,2485.0,0.5166666666666667,0.6444444444444445,0.7,3.0344979914867825e-19,False
SSI_1080710302,90,0.5555555555555556,0.23557944318507118,6.850204309106588e-11,3534.5,0.5166666666666667,0.5833333333333334,0.5666666666666667,7.697814685900366e-11,False
SSI_1080763135,90,0.75,0.2282465023311049,4.6287336891258025e-26,4460.0,0.7666666666666667,0.65,0.8333333333333334,4.311854027821883e-25,False
SSI_1096765600,90,0.5444444444444444,0.22905637035486004,9.72531622689723e-11,5887.0,0.5833333333333334,0.5,0.55,1.0893602724580436e-10,False
SSI_1110434621,90,0.7388888888888889,0.22249655316122913,9.777043344613693e-25,7430.0,0.8,0.6666666666666666,0.75,6.220134607002931e-24,False
SSI_1116365034,90,0.7722222222222223,0.22999397119322834,6.2428405438377e-28,7928.5,0.7666666666666667,0.7166666666666667,0.8333333333333334,1.0972129099708995e-26,False
SSI_1131910386,90,0.5888888888888889,0.2319640304798667,4.2472534989296563e-13,2420.5,0.43333333333333335,0.5666666666666667,0.7666666666666667,5.256352734490958e-13,False
SSI_1131935292,90,0.5333333333333333,0.23517621615497677,9.940126762641106e-10,6906.0,0.48333333333333334,0.4,0.7166666666666667,1.0816806094045534e-09,False
SSI_1131967832,90,0.5388888888888889,0.22847569308518118,3.535462743052146e-10,6711.5,0.45,0.5833333333333334,0.5833333333333334,3.901145203828542e-10,False
SSI_1131975573,90,0.65,0.22425479497505024,1.853515032888955e-17,2487.0,0.6666666666666666,0.55,0.7333333333333333,3.191076268743987e-17,False
SSI_1152519517,90,0.49444444444444446,0.23816163878343535,2.080695075199473e-07,2502.0,0.3333333333333333,0.5166666666666667,0.6333333333333333,2.149318422288504e-07,False
SSI_1157888093,90,0.6888888888888889,0.22989838021337525,3.0887734203188755e-20,4119.5,0.6166666666666667,0.6333333333333333,0.8166666666666667,7.787279118512912e-20,False
SSI_1079235003,90,0.5537037037037037,0.18914088997731104,1.1511483255874533e-14,5092.5,0.4,0.5611111111111112,0.7,1.5597644810927057e-14,False
SSI_1079284200,90,0.5,0.20605192056945923,5.768291283311017e-10,2054.5,0.7,0.5166666666666667,0.2833333333333333,6.316421158730979e-10,False
SSI_1079436226,90,0.5203703703703704,0.22122797487727439,4.3824258791701884e-10,6806.5,0.36666666666666664,0.711111111111111,0.48333333333333334,4.822642532798545e-10,False
SSI_1079755441,90,0.5314814814814814,0.2268478393909691,2.7322734331453896e-10,3205.0,0.35,0.6944444444444444,0.55,3.023072462488309e-10,False
SSI_1084637935,90,0.5277777777777778,0.22221751853908664,1.2937621044600311e-10,2721.0,0.5,0.6,0.48333333333333334,1.4458649685250943e-10,False
SSI_1109865912,90,0.7148148148148148,0.22630661236694394,2.0890921978147955e-22,3666.0,0.6166666666666667,0.7944444444444444,0.7333333333333333,7.835717965076493e-22,False
SSI_1131956985,90,0.65,0.2185211569644351,5.192248372245854e-18,3307.5,0.5666666666666667,0.7833333333333333,0.6,9.403011692658725e-18,False
SSI_1131988388,90,0.5666666666666667,0.23660618640544537,1.9384413973574763e-11,4696.0,0.5,0.75,0.45,2.2200988576599452e-11,False
SSI_1144919445,90,0.6314814814814814,0.22947340497093327,3.396678571499811e-16,3237.5,0.45,0.7611111111111111,0.6833333333333333,5.144504494838213e-16,False
SSI_1160550748,90,0.6888888888888889,0.21263788619514523,4.483674025678288e-22,3092.5,0.5666666666666667,0.7833333333333333,0.7166666666666667,1.5625699921158426e-21,False
SSI_1080250410,90,0.5796296296296296,0.21337219182530218,6.223093346006269e-14,3484.5,0.5722222222222222,0.5666666666666667,0.6,8.108275756956435e-14,False
SSI_1090159897,90,0.6694444444444444,0.21734499172387794,8.461468526907969e-20,3012.5,0.5,0.775,0.7333333333333333,1.9724587415301688e-19,False
SSI_1100373523,90,0.6814814814814815,0.2188660684390954,1.660900429575428e-20,3117.0,0.5666666666666667,0.711111111111111,0.7666666666666667,4.3396574860457437e-20,False
SSI_1120099137,90,0.5703703703703704,0.21543063483537617,4.569996959859334e-13,2625.0,0.38333333333333336,0.7277777777777777,0.6,5.647194017671398e-13,False
SSI_1122550758,90,0.6592592592592592,0.21525991979798778,3.6478393673319785e-19,5147.0,0.4444444444444444,0.6666666666666666,0.8666666666666667,7.695744019336807e-19,False
SSI_1129973601,90,0.5,0.22087001447520554,5.799278474375367e-09,9831.0,0.5,0.4666666666666667,0.5333333333333333,6.173262445707635e-09,False
SSI_1131993370,90,0.6111111111111112,0.22153556035027774,2.1425255844131787e-15,5416.5,0.5166666666666667,0.65,0.6666666666666666,3.055569178471334e-15,False
SSI_1132161378,90,0.6305555555555555,0.22101736704339967,5.674882111641315e-17,4388.0,0.4472222222222222,0.6444444444444444,0.8,9.34844032281843e-17,False
SSI_1158774190,90,0.7037037037037037,0.21849753739428096,2.4326529927994846e-22,4609.0,0.611111111111111,0.6333333333333333,0.8666666666666667,8.977297977959427e-22,False
SSI_1158821725,90,0.6222222222222222,0.22173465764773365,3.935518656628665e-16,2700.0,0.4166666666666667,0.5833333333333334,0.8666666666666667,5.916598201934663e-16,False
SSI_1073848647,90,0.6537037037037037,0.19570672586226603,2.7887069342008078e-21,4031.0,0.6166666666666667,0.6333333333333333,0.711111111111111,8.340607526334325e-21,False
SSI_1079252945,90,0.7388888888888889,0.20371905811021188,5.0878942569878816e-27,8915.0,0.55,0.8333333333333334,0.8333333333333334,6.411919302365563e-26,False
SSI_1080999232,90,0.6388888888888888,0.20693952580804725,3.491728226448479e-19,7025.0,0.5666666666666667,0.6666666666666666,0.6833333333333333,7.385534248669813e-19,False
SSI_1091906485,90,0.7314814814814816,0.20460017681802414,6.590833381427758e-27,5852.0,0.6277777777777778,0.8666666666666667,0.7,8.187245369687099e-26,False
SSI_1117130186,90,0.6296296296296297,0.2104466147137278,5.35772017924489e-18,3706.0,0.4444444444444445,0.7,0.7444444444444444,9.681146744005375e-18,False
SSI_1131863022,90,0.5277777777777778,0.19909052010596945,2.1778004384877923e-12,2878.0,0.3333333333333333,0.7333333333333333,0.5166666666666667,2.6054683992290286e-12,False
SSI_1131888883,90,0.6037037037037037,0.1995119296531312,1.0809304568891158e-16,5009.5,0.6444444444444444,0.6666666666666666,0.5,1.730480410340832e-16,False
SSI_1131905705,90,0.5611111111111111,0.19933556682416417,9.721734437149628e-14,2945.0,0.5666666666666667,0.55,0.5666666666666667,1.25132756743712e-13,False
SSI_1158605707,90,0.7,0.19920061410882406,1.3677724308022867e-24,2422.0,0.6166666666666667,0.8,0.6833333333333333,8.270960515965313e-24,False
SSI_1159960077,90,0.5981481481481481,0.20123115112782186,1.5933132911970112e-16,4741.0,0.5333333333333333,0.6333333333333333,0.6277777777777778,2.495169468201473e-16,False
SSI_1161155448,90,0.6648148148148147,0.20618459730908864,5.419603987300557e-21,9881.0,0.5,0.8,0.6944444444444444,1.5341938054432515e-20,False
SSI_1118385524,90,0.5740740740740742,0.2024679753358413,6.761736638853749e-15,4967.0,0.5277777777777778,0.6777777777777777,0.5166666666666667,9.332724637694751e-15,False
SSI_1121682761,90,0.6287037037037037,0.19436827090922024,1.1047947773396324e-19,4909.0,0.42777777777777776,0.7416666666666667,0.7166666666666667,2.524802283480563e-19,False
SSI_1127891414,90,0.5787037037037037,0.19860319577336136,2.9672135577089165e-15,2673.5,0.43333333333333335,0.8194444444444444,0.48333333333333334,4.1852787075536274e-15,False
SSI_1131858553,90,0.5814814814814814,0.19763718317153672,2.407465204186252e-15,6328.0,0.6,0.4777777777777778,0.6666666666666666,3.427411126938819e-15,False
SSI_1131904281,90,0.5666666666666667,0.19587064669068074,9.047720072296016e-15,3929.0,0.31666666666666665,0.7166666666666667,0.6666666666666666,1.2334587129809803e-14,False
SSI_1132044511,90,0.6537037037037037,0.19751125427841287,4.4776432392412415e-21,3361.5,0.5111111111111111,0.7666666666666667,0.6833333333333333,1.2899625511163151e-20,False
SSI_1132766614,90,0.6166666666666667,0.19648096222183783,1.2990262783549272e-18,4682.0,0.5,0.6833333333333333,0.6666666666666666,2.5067308041240814e-18,False
SSI_1132971684,90,0.4388888888888889,0.22110467600052738,2.06445347994597e-06,4306.0,0.3222222222222222,0.4944444444444444,0.5,2.1120016128592986e-06,False
SSI_1157584210,90,0.7638888888888888,0.1997611869263909,9.263978652734467e-31,8015.5,0.65,0.8583333333333333,0.7833333333333333,6.466257099608658e-29,False
SSI_1074857790,90,0.5694444444444444,0.2105004288949784,1.7785775268182625e-13,6398.0,0.5,0.6416666666666667,0.5666666666666667,2.2478349187879025e-13,False
SSI_1079191121,90,0.6111111111111112,0.20880354991518196,1.4357853012762283e-16,5586.0,0.55,0.5333333333333333,0.75,2.261523849785832e-16,False
SSI_1079195090,90,0.5833333333333334,0.20728734547389355,1.8370800442385486e-14,6169.5,0.5333333333333333,0.5666666666666667,0.65,2.45782395841992e-14,False
SSI_1083941558,90,0.6287037037037037,0.19767930558126565,2.53423171343872e-19,3083.5,0.6416666666666667,0.6,0.6444444444444444,5.469194413366424e-19,False
SSI_1117062493,90,0.6074074074074074,0.217221920444702,8.76908494145378e-16,6434.5,0.5833333333333334,0.6611111111111111,0.5777777777777777,1.2874323624982924e-15,False
SSI_1129402660,90,0.45555555555555555,0.21346849088648748,2.616938154362693e-07,6275.0,0.38333333333333336,0.4666666666666667,0.5166666666666667,2.696406542010991e-07,False
SSI_1130413712,90,0.6851851851851851,0.208254866963319,1.4348364126145129e-22,3179.0,0.5916666666666667,0.7194444444444444,0.7444444444444444,5.617476532078934e-22,False
SSI_1132206958,90,0.6148148148148148,0.20721689981087485,1.0105038276648863e-16,3460.5,0.5333333333333333,0.6611111111111111,0.65,1.6284042552673596e-16,False
SSI_1132224770,90,0.625,0.21526708069193706,9.863879659800268e-17,4343.5,0.6,0.6583333333333333,0.6166666666666667,1.592693853859356e-16,False
SSI_1149130752,90,0.6277777777777778,0.21196371690099103,4.7682212624882784e-17,6643.0,0.55,0.6666666666666666,0.6666666666666666,7.881437445371356e-17,False
SSI_1079414598,90,0.5305555555555556,0.20697278034204378,9.392041893395894e-12,6846.5,0.575,0.5,0.5166666666666667,1.0889776148821154e-11,False
SSI_1113027992,90,0.5898148148148148,0.19630736428188247,3.1262537163971603e-16,4867.5,0.5083333333333333,0.6166666666666667,0.6444444444444444,4.758528242466207e-16,False
SSI_1132008316,90,0.6870370370370371,0.20744646989423626,1.1593373744042537e-22,3386.0,0.48333333333333334,0.8,0.7777777777777778,4.597826632580506e-22,False
SSI_1132146483,90,0.6870370370370371,0.20957546815134462,2.0284528925997315e-22,3309.5,0.6,0.8,0.6611111111111111,7.635609270602687e-22,False
SSI_1132270540,90,0.5722222222222222,0.2076880942193252,1.9936083542524377e-14,3878.5,0.6333333333333333,0.5166666666666667,0.5666666666666667,2.6614126827533907e-14,False
SSI_1141196611,90,0.5805555555555556,0.205478678153769,1.2669303331542604e-14,3140.5,0.5416666666666666,0.6166666666666667,0.5833333333333334,1.710951245934692e-14,False
SSI_1147692845,90,0.6111111111111112,0.21002241077416556,1.876303038779659e-16,3685.0,0.5666666666666667,0.7166666666666667,0.55,2.9159086028872187e-16,False
SSI_1157446466,90,0.6444444444444445,0.22156259388399807,1.0249367268639626e-17,4223.0,0.55,0.7,0.6833333333333333,1.7987934078510493e-17,False
SSI_1159940533,90,0.6611111111111111,0.21195145192077175,2.290910644911584e-20,4048.0,0.5833333333333334,0.7166666666666667,0.6833333333333333,5.878880993192227e-20,False
SSI_1163178973,90,0.7092592592592593,0.2140997538237235,8.94658380422593e-24,4304.5,0.7,0.7666666666666667,0.6611111111111111,4.4532472967270096e-23,False
SSI_1080736953,90,0.6444444444444445,0.21506984210797833,2.3662265125519934e-18,6828.0,0.5,0.7166666666666667,0.7166666666666667,4.439855123014224e-18,False
SSI_1081361851,90,0.7222222222222222,0.2252989114766834,1.874942028245179e-23,4074.0,0.5333333333333333,0.7333333333333333,0.9,8.791714731291694e-23,False
SSI_1086358538,90,0.675,0.21996119208526915,2.1642763329473622e-20,3691.5,0.5583333333333333,0.6,0.8666666666666667,5.571472161633725e-20,False
SSI_1106992013,90,0.6185185185185186,0.2220955852477661,4.245119758441359e-16,5144.0,0.45555555555555555,0.55,0.85,6.366376654310767e-16,False
SSI_1140538895,90,0.4703703703703703,0.21448906368382348,9.35869139894983e-08,5359.0,0.46111111111111114,0.4166666666666667,0.5333333333333333,9.716652395934736e-08,False
SSI_1142541882,90,0.7527777777777778,0.22466148654594895,1.743032416584209e-26,4640.5,0.6083333333333333,0.85,0.8,1.8514035624848794e-25,False
SSI_1159329588,90,0.5314814814814814,0.23090142799773822,5.165748396537964e-10,3473.5,0.2944444444444444,0.5333333333333333,0.7666666666666667,5.664238479686826e-10,False
SSI_1162167462,90,0.6842592592592592,0.224064127217264,7.714212365133733e-21,4196.5,0.5527777777777777,0.7,0.8,2.1080336474297213e-20,False
SSI_1162731617,90,0.6703703703703703,0.22340343675704147,3.5078446881844487e-19,3648.5,0.5444444444444444,0.6666666666666666,0.8,7.413204648126824e-19,False
SSI_1078334805,90,0.6833333333333333,0.2230430149293891,6.024559164127174e-21,4362.5,0.5166666666666667,0.6666666666666666,0.8666666666666667,1.687843811692969e-20,False
SSI_1080684281,90,0.6027777777777777,0.21779640621749358,5.4798787784994024e-15,5028.0,0.425,0.6,0.7833333333333333,7.606445372655705e-15,False
SSI_1092364427,90,0.4981481481481481,0.2235530105089385,8.598713745675351e-09,9754.5,0.5333333333333333,0.4166666666666667,0.5444444444444444,9.10561667996744e-09,False
SSI_1093753612,90,0.7222222222222222,0.2287958470018319,4.5679655329200686e-23,3078.5,0.5666666666666667,0.75,0.85,1.9856832378867844e-22,False
SSI_1106176488,90,0.6277777777777778,0.220784665386051,3.2219249218715557e-16,6294.0,0.48333333333333334,0.7333333333333333,0.6666666666666666,4.895001607047395e-16,False
SSI_1106411028,90,0.6,0.21546012136514037,3.3976786742195234e-15,6757.5,0.4666666666666667,0.5666666666666667,0.7666666666666667,4.767678920803157e-15,False
SSI_1131897574,90,0.6277777777777778,0.21805121855739554,1.8008394363893175e-16,4224.5,0.4666666666666667,0.7666666666666667,0.65,2.809355519220372e-16,False
SSI_1132164087,90,0.6083333333333333,0.22142207767247596,2.0933524901609433e-15,2742.0,0.575,0.55,0.7,2.98718465739672e-15,False
SSI_1147671126,90,0.6925925925925925,0.225491661330768,1.0874823886915534e-20,5220.5,0.5166666666666667,0.7166666666666667,0.8444444444444444,2.9066952686799396e-20,False
SSI_1154779199,90,0.7027777777777777,0.22345280435611636,8.447717034419265e-22,3603.0,0.5416666666666666,0.7833333333333333,0.7833333333333333,2.796446167355862e-21,False
SSI_1079308556,90,0.7185185185185184,0.20804853290605685,1.8128587289822291e-25,5029.0,0.6388888888888888,0.7166666666666667,0.8,1.3840043359073705e-24,False
SSI_1079384291,90,0.35,0.20652213715130785,0.0007692176815317457,6042.0,0.3333333333333333,0.38333333333333336,0.3333333333333333,0.0007762076811160904,False
SSI_1106202186,90,0.5703703703703703,0.20412921000714487,5.028803625531176e-14,9704.0,0.6111111111111112,0.6,0.5,6.594400030688494e-14,False
SSI_1110088512,90,0.6944444444444444,0.2101070517819878,2.330123812667099e-22,5062.5,0.6555555555555554,0.6944444444444444,0.7333333333333333,8.664372107071116e-22,False
SSI_1116299893,90,0.6407407407407407,0.20896441082069658,5.670967091149383e-19,3247.5,0.5611111111111111,0.611111111111111,0.75,1.1574079033983244e-18,False
SSI_1129321754,90,0.5703703703703704,0.20781706617626977,1.0511955720821717e-13,2883.5,0.55,0.5111111111111112,0.65,1.3480686522817562e-13,False
SSI_1132075941,90,0.6833333333333333,0.20689276715150007,1.001260156644355e-22,3303.5,0.6,0.6,0.85,4.0497989448380123e-22,False
SSI_1157634788,90,0.6055555555555555,0.21235753656481424,1.782521111839031e-15,4328.0,0.4166666666666667,0.6,0.8,2.5585776006009123e-15,False
SSI_1159970348,90,0.6648148148148147,0.20622729714228485,5.478717330320157e-21,4830.5,0.6277777777777778,0.7,0.6666666666666666,1.5473417847366638e-20,False
SSI_1160209162,90,0.5296296296296296,0.2056692278979999,7.413935899728403e-12,3115.5,0.3777777777777778,0.4277777777777778,0.7833333333333333,8.649591883016469e-12,False
SSI_1079217935,90,0.7148148148148148,0.2011586992343618,2.5071532189025557e-25,4429.5,0.5666666666666667,0.8,0.7777777777777779,1.8448720824635373e-24,False
SSI_1079337268,90,0.6148148148148148,0.20054312367045085,2.2216153884084567e-17,4405.5,0.48333333333333334,0.6666666666666666,0.6944444444444444,3.792736823118001e-17,False
SSI_1079338568,90,0.5194444444444445,0.2170996331127154,2.2519098111015434e-10,4735.0,0.49166666666666664,0.5333333333333333,0.5333333333333333,2.4995073459886736e-10,False
SSI_1079940963,90,0.6055555555555555,0.19982186696770243,1.1595991935314276e-16,3764.5,0.4,0.65,0.7666666666666667,1.8479457467692614e-16,False
SSI_1083312011,90,0.6055555555555555,0.1996090885273628,1.105015484740489e-16,6640.0,0.36666666666666664,0.6833333333333333,0.7666666666666667,1.7655675796082502e-16,False
SSI_1131856967,90,0.6666666666666666,0.19447382981973263,2.4927273493989574e-22,3337.5,0.5333333333333333,0.6666666666666666,0.8,9.157493104634065e-22,False
SSI_1132176038,90,0.3111111111111111,0.19525934490338234,0.005967573660126657,5723.0,0.18333333333333332,0.25,0.5,0.006011869052243061,False
SSI_1135504962,90,0.6333333333333333,0.20524700911502983,1.5899332660313313e-18,16765.5,0.5333333333333333,0.7,0.6666666666666666,3.0369092798393606e-18,False
SSI_1158212730,90,0.6148148148148148,0.2074933465643388,1.0745377428547606e-16,4580.0,0.43333333333333335,0.6166666666666667,0.7944444444444445,1.7225037439594359e-16,False
SSI_1160233644,90,0.6870370370370371,0.19630371429120558,5.541484550598474e-24,3620.5,0.5,0.7166666666666667,0.8444444444444446,2.856085813736724e-23,False
SSI_1160516282,90,0.6333333333333333,0.20487293986265248,1.454778917149116e-18,5266.5,0.5666666666666667,0.6166666666666667,0.7166666666666667,2.7852859675511677e-18,False
SSI_1162869759,90,0.6444444444444445,0.19611341743316474,2.3627559362585846e-20,6994.0,0.4,0.7833333333333333,0.75,6.037879447991341e-20,False
SSI_1074845953,90,0.6555555555555556,0.20086755136371406,1.0658802149937896e-20,3824.0,0.5333333333333333,0.6833333333333333,0.75,2.858337393227034e-20,False
SSI_1079200247,90,0.5666666666666667,0.19508212226136898,7.643979089981278e-15,5544.5,0.5166666666666667,0.55,0.6333333333333333,1.047349462525197e-14,False
SSI_1131913856,90,0.7,0.2034611774178702,4.50647703951455e-24,4109.0,0.55,0.7166666666666667,0.8333333333333334,2.377823630136943e-23,False
SSI_1131989547,90,0.6805555555555556,0.20156523907354643,2.0341408926608546e-22,3937.5,0.575,0.6,0.8666666666666667,7.6452403088776435e-22,False
SSI_1132009074,90,0.5888888888888889,0.2043939734186268,1.8456038521351415e-15,4748.5,0.48333333333333334,0.5166666666666667,0.7666666666666667,2.646015381905018e-15,False
SSI_1132266933,90,0.6333333333333333,0.2029010597954454,9.07810306342134e-19,5588.5,0.5833333333333334,0.6,0.7166666666666667,1.7856526396085614e-18,False
SSI_1132299201,90,0.5277777777777778,0.19811240689994913,1.806813449767023e-12,3243.0,0.4,0.5666666666666667,0.6166666666666667,2.1679986531340065e-12,False
SSI_1149014238,90,0.6,0.20232842430661135,2.03664239101193e-16,3969.0,0.5833333333333334,0.55,0.6666666666666666,3.1530528271496484e-16,False
SSI_1158689895,90,0.6027777777777777,0.19735916009415458,6.610715594677361e-17,6411.0,0.35833333333333334,0.7,0.75,1.0802661001870765e-16,False
SSI_1160230137,90,0.6555555555555556,0.19678728326389078,3.70519875611981e-21,3895.0,0.5916666666666667,0.6583333333333333,0.7166666666666667,1.0876217583218286e-20,False
SSI_1073586311,90,0.5138888888888888,0.206691583542976,1.609307902242396e-10,3773.0,0.4,0.575,0.5666666666666667,1.792767535420964e-10,False
SSI_1083730780,90,0.5472222222222223,0.20103214234053254,6.702548382402583e-13,5984.5,0.5583333333333333,0.5,0.5833333333333334,8.211798243836263e-13,False
SSI_1104622932,90,0.6361111111111111,0.19848092530045414,3.0906771544348323e-19,4223.0,0.7083333333333334,0.5333333333333333,0.6666666666666666,6.588590129392927e-19,False
SSI_1124052406,90,0.6,0.2045439096407297,3.326583609426198e-16,2669.5,0.5,0.6166666666666667,0.6833333333333333,5.050866226120697e-16,False
SSI_1129736137,90,0.6333333333333333,0.20029610443997342,4.8275162280639995e-19,2818.5,0.5666666666666667,0.7166666666666667,0.6166666666666667,9.944032162867075e-19,False
SSI_1132219077,90,0.7638888888888888,0.2004324480293591,1.1476722068556664e-30,3329.0,0.65,0.875,0.7666666666666667,7.577738382022684e-29,False
SSI_1132248296,90,0.4638888888888889,0.19592920248799553,6.138298719822672e-09,4241.0,0.43333333333333335,0.375,0.5833333333333334,6.528456148248493e-09,False
SSI_1137974411,90,0.6138888888888889,0.19243775459317192,3.240357621991031e-18,9780.0,0.625,0.6666666666666666,0.55,5.9925765863164946e-18,False
SSI_1148249056,90,0.5333333333333333,0.20041590505775758,2.799480581253883e-12,3678.0,0.5,0.7166666666666667,0.38333333333333336,3.3345348902989937e-12,False
SSI_1079383834,90,0.5277777777777778,0.20905547513774714,1.3647678012427296e-11,5443.5,0.3333333333333333,0.5166666666666667,0.7333333333333333,1.5712194808840664e-11,False
SSI_1105804901,90,0.5111111111111111,0.199962395823534,5.027401543621272e-11,3612.5,0.3333333333333333,0.5333333333333333,0.6666666666666666,5.670333319975424e-11,False
SSI_1119737120,90,0.6481481481481481,0.19789116520178124,3.721312301095589e-20,5261.0,0.5944444444444444,0.6333333333333333,0.7166666666666667,9.248388557046312e-20,False
SSI_1131896168,90,0.6888888888888889,0.1895767646145458,8.014776057768134e-25,3609.5,0.6333333333333333,0.7,0.7333333333333333,5.2433629887662776e-24,False
SSI_1132294457,90,0.5777777777777777,0.1968154800740855,2.0132241763416797e-15,4235.5,0.5833333333333334,0.5166666666666667,0.6333333333333333,2.8778857008792998e-15,False
SSI_1150416232,90,0.55,0.19465133063655501,3.712958750244903e-14,5511.0,0.6333333333333333,0.5166666666666667,0.5,4.9057643195501886e-14,False
SSI_1156254177,90,0.4888888888888889,0.19282857755564256,2.480117276767304e-10,6368.5,0.3,0.6333333333333333,0.5333333333333333,2.7490592137670255e-10,False
SSI_1158789130,90,0.7259259259259261,0.1965270465152114,6.363201758796753e-27,3252.5,0.6777777777777777,0.5833333333333334,0.9166666666666666,7.971949690636137e-26,False
SSI_1159557418,90,0.6777777777777778,0.18904140455013063,6.3189931960971675e-24,2898.0,0.75,0.6,0.6833333333333333,3.236331316156264e-23,False
SSI_1160007759,90,0.5944444444444444,0.19287397062676323,2.322523927261058e-17,6475.0,0.48333333333333334,0.6,0.7,3.962238794901372e-17,False
SSI_1162299760,90,0.45,0.19764337888319392,9.61154957590637e-08,3505.5,0.25,0.5833333333333334,0.5166666666666667,9.97494291161396e-08,False
SSI_1079205951,90,0.4703703703703704,0.19751444064440796,7.860825603577118e-09,6960.5,0.31111111111111106,0.5666666666666667,0.5333333333333333,8.335068120459591e-09,False
SSI_1082389283,90,0.6462962962962963,0.1954823820934998,2.0085447651973828e-20,2749.5,0.5277777777777778,0.6,0.8111111111111111,5.1979606582385654e-20,False
SSI_1108830850,90,0.5611111111111111,0.19893996009793102,8.972884112156772e-14,6197.5,0.5166666666666667,0.6333333333333333,0.5333333333333333,1.158602319555972e-13,False
SSI_1115268796,90,0.6092592592592592,0.19294347218133898,3.664406713339802e-18,5923.0,0.5333333333333333,0.5833333333333334,0.711111111111111,6.736001204431254e-18,False
SSI_1144021322,90,0.6,0.19144792011224102,1.6549974754280077e-17,3851.5,0.4666666666666667,0.6333333333333333,0.7,2.8593768263582904e-17,False
SSI_1148792675,90,0.6833333333333333,0.19639070714059564,5.678955115579221e-24,4797.5,0.6166666666666667,0.7333333333333333,0.7,2.9207762836547445e-23,False
SSI_1155745884,90,0.587037037037037,0.20103731386311982,8.928617193942248e-16,6848.5,0.48333333333333334,0.611111111111111,0.6666666666666666,1.3092804204562373e-15,False
SSI_1158562835,90,0.5759259259259258,0.20040063073187625,4.36315377097612e-15,2823.0,0.3,0.6166666666666667,0.8111111111111111,6.087484101938698e-15,False
SSI_1159895128,90,0.7722222222222223,0.1988369258345497,5.104343503701152e-32,3562.5,0.7,0.7166666666666667,0.9,5.668141445246325e-30,False
SSI_1163562756,90,0.5722222222222222,0.19682008260274514,2.0152471161115822e-15,9391.0,0.4666666666666667,0.5833333333333334,0.6666666666666666,2.8790928097430383e-15,False
SSI_1080684673,90,0.7925925925925927,0.1984894433502902,3.162448074316559e-33,4734.5,0.7444444444444444,0.8,0.8333333333333334,7.023509677777594e-31,False
SSI_1080811607,90,0.6555555555555556,0.20356501248752007,2.113835824012535e-20,3620.5,0.6833333333333333,0.6166666666666667,0.6666666666666666,5.4473638376188e-20,False
SSI_1100025402,90,0.6518518518518519,0.2022458738246271,1.5143965997328442e-20,6619.0,0.7222222222222221,0.5666666666666667,0.6666666666666666,3.982422920503055e-20,False
SSI_1103521706,90,0.5787037037037036,0.19585764412574042,1.6324495751640787e-15,4006.5,0.4944444444444444,0.5666666666666667,0.675,2.3514589104515593e-15,False
SSI_1107064591,90,0.7712962962962964,0.21195440647442598,4.02650430796081e-29,4562.0,0.6444444444444444,0.7944444444444444,0.875,1.1438081423660767e-27,False
SSI_1129067474,90,0.46481481481481474,0.2034210696681223,1.9270815034771048e-08,6031.0,0.5,0.3944444444444445,0.5,2.0179426116564798e-08,False
SSI_1131968854,90,0.6870370370370371,0.20671923664786204,9.562119768181663e-23,5801.5,0.5166666666666667,0.7444444444444444,0.8,3.881918221114711e-22,False
SSI_1131981001,90,0.6611111111111111,0.2025462351821337,2.1293233104440084e-21,2604.5,0.5833333333333334,0.7,0.7,6.510559258341317e-21,False
SSI_1133107953,90,0.6055555555555555,0.20011132050087652,1.238080047454164e-16,3878.0,0.4666666666666667,0.6166666666666667,0.7333333333333333,1.9665991911121733e-16,False
SSI_1161448177,90,0.6083333333333333,0.2028452098803646,3.772342605508859e-17,1734.0,0.5,0.6333333333333333,0.6916666666666667,6.312214373464481e-17,False
SSI_1079219675,88,0.7424242424242423,0.1872985071806344,4.157141258836388e-29,3101.5,0.65,0.7777777777777778,0.8035714285714286,1.1660532493830244e-27,False
SSI_1079261792,90,0.5611111111111111,0.18701998407828546,7.24987466421243e-15,3561.5,0.6833333333333333,0.55,0.45,9.961441959882433e-15,False
SSI_1092501855,90,0.65,0.18750942001058077,2.442204499755384e-21,3765.5,0.48333333333333334,0.75,0.7166666666666667,7.37491420630705e-21,False
SSI_1124841324,90,0.6453703703703704,0.18480653447799741,1.1671369551462849e-21,5364.5,0.6194444444444446,0.75,0.5666666666666667,3.751731028187334e-21,False
SSI_1142697407,90,0.34444444444444444,0.17873965569039446,0.00012672816211051197,2713.5,0.4,0.23333333333333334,0.4,0.000128250579965195,False
SSI_1143213716,90,0.6703703703703703,0.18811000785295914,4.2650704325929496e-23,2415.0,0.6333333333333333,0.6944444444444444,0.6833333333333333,1.8673059259542252e-22,False
SSI_1146435458,90,0.7055555555555556,0.1849306383757828,1.9214077640393635e-27,4007.5,0.55,0.7666666666666667,0.8,2.81077794463962e-26,False
SSI_1156781668,90,0.65,0.1821074169496463,5.513004332731823e-22,9525.0,0.5833333333333334,0.7833333333333333,0.5833333333333334,1.896939378149837e-21,False
SSI_1157595678,90,0.6111111111111112,0.18853927373109297,1.2389990654000664e-18,6391.0,0.48333333333333334,0.8,0.55,2.3984744189955326e-18,False
SSI_1158053293,90,0.6444444444444445,0.18979652271373182,4.517604632923132e-21,4077.0,0.38333333333333336,0.8166666666666667,0.7333333333333333,1.2999420633959024e-20,False
SSI_1160136527,90,0.7166666666666667,0.1915380993276262,1.4769655220169178e-26,3603.5,0.5666666666666667,0.7833333333333333,0.8,1.6036563423499245e-25,False
SSI_1079270219,90,0.42592592592592593,0.2113753434615938,5.281932927996085e-06,2490.0,0.4666666666666667,0.4,0.4111111111111111,5.385543465398346e-06,False
SSI_1080048401,90,0.6314814814814815,0.2239287740987895,1.0608253422426452e-16,5380.5,0.55,0.7,0.6444444444444444,1.7016390749171255e-16,False
SSI_1124071712,90,0.6703703703703703,0.22854725987697594,1.1316916784319026e-18,3777.0,0.6166666666666667,0.7666666666666667,0.6277777777777778,2.2047231023996316e-18,False
SSI_1132300081,90,0.5833333333333334,0.2333055917182807,2.5117366343258285e-12,5991.5,0.48333333333333334,0.65,0.6166666666666667,2.999106841475073e-12,False
SSI_1142461211,90,0.6962962962962963,0.21557360825771196,1.148907676185565e-22,4085.0,0.6666666666666666,0.8,0.6222222222222221,4.571305297917485e-22,False
SSI_1155046241,90,0.6027777777777777,0.23153537574335897,8.01930808289816e-14,2688.0,0.5416666666666666,0.6666666666666666,0.6,1.0371185625473904e-13,False
SSI_1159958980,90,0.6,0.2195839617555157,7.864854182606238e-15,2189.0,0.6333333333333333,0.65,0.5166666666666667,1.0745994836748904e-14,False
SSI_1163050886,90,0.6425925925925926,0.22476564193810628,2.0719952374325968e-17,4102.0,0.4666666666666667,0.7333333333333333,0.7277777777777777,3.549708530889084e-17,False
SSI_1163294688,90,0.65,0.22921680135385153,5.3996633069678576e-17,2921.0,0.5666666666666667,0.85,0.5333333333333333,8.907074584012475e-17,False
SSI_1079231266,90,0.5555555555555556,0.21322989276613996,1.432148144142347e-12,3054.5,0.6,0.5166666666666667,0.55,1.729479938773976e-12,False
SSI_1079238747,90,0.6833333333333333,0.210419846710507,2.5277096481539355e-22,3438.0,0.65,0.7,0.7,9.272064069729826e-22,False
SSI_1079431984,90,0.6814814814814815,0.21159367696857573,2.7487104376295438e-21,3446.0,0.611111111111111,0.7833333333333333,0.65,8.249508107038054e-21,False
SSI_1124617297,90,0.6981481481481481,0.21364547750139,6.960103555310273e-23,3034.5,0.5777777777777777,0.7333333333333333,0.7833333333333333,2.91655797352024e-22,False
SSI_1125384738,90,0.5092592592592593,0.21375034097487963,5.159729965034576e-10,5070.5,0.4444444444444444,0.5166666666666667,0.5666666666666667,5.660179750596977e-10,False
SSI_1131959795,90,0.6703703703703703,0.21289875515929974,2.890082982866349e-20,6085.5,0.5111111111111111,0.75,0.75,7.308977978408377e-20,False
SSI_1156613174,90,0.5259259259259259,0.21886009189546962,2.9978020995693794e-10,6174.0,0.6444444444444444,0.5833333333333334,0.35,3.3138599679855176e-10,False
SSI_1159412130,90,0.6148148148148148,0.21809004501711368,1.0515105560265495e-15,9171.5,0.46111111111111114,0.65,0.7333333333333333,1.5327209357833296e-15,False
SSI_1079230959,90,0.6527777777777778,0.20885824919809792,7.85591432452943e-20,4319.0,0.7333333333333333,0.6583333333333333,0.5666666666666667,1.847160605854225e-19,False
SSI_1079347239,90,0.5981481481481481,0.2228490090738937,1.5070306403803692e-14,3225.5,0.48333333333333334,0.6666666666666666,0.6444444444444444,2.0284715451510973e-14,False
SSI_1079383480,90,0.7333333333333333,0.21830352310924583,3.160543203122018e-25,2878.0,0.6833333333333333,0.7,0.8166666666666667,2.270943248596203e-24,False
SSI_1100353785,90,0.637037037037037,0.2121119334970013,7.84522470461463e-18,4687.5,0.6611111111111112,0.5333333333333333,0.7166666666666667,1.3929040095337112e-17,False
SSI_1119629976,90,0.7027777777777777,0.21240421935550438,5.026624729612809e-23,2567.5,0.7333333333333333,0.6916666666666667,0.6833333333333333,2.1734591529989546e-22,False
SSI_1131945682,90,0.7287037037037036,0.2131166250415998,7.550809123318466e-26,3755.0,0.7777777777777778,0.7916666666666666,0.6166666666666667,6.449869471422032e-25,False
SSI_1132270865,66,0.7171717171717171,0.21480925438392007,7.915115456479748e-18,2504.5,0.7,0.8461538461538461,0.6666666666666666,1.4042575933318828e-17,False
SSI_1142668463,90,0.687037037037037,0.2155411713890634,9.394703121315221e-22,3508.0,0.6777777777777778,0.7,0.6833333333333333,3.093161688055672e-21,False
SSI_1150694197,90,0.5814814814814814,0.2140412022411786,7.096920568191763e-14,9392.0,0.5111111111111112,0.7,0.5333333333333333,9.212421332674005e-14,False
SSI_1159894480,90,0.5537037037037037,0.21649107092580963,2.6040889674614405e-12,4240.0,0.5166666666666667,0.6333333333333333,0.5111111111111111,3.1063424548380365e-12,False
SSI_1160580260,90,0.5444444444444444,0.21370946613702183,7.107026541408295e-12,5590.5,0.48333333333333334,0.38333333333333336,0.7666666666666667,8.307399923760988e-12,False
SSI_1079198959,90,0.587037037037037,0.20075597797664746,8.395616984101683e-16,4388.0,0.6333333333333333,0.5111111111111112,0.6166666666666667,1.2333428918917866e-15,False
SSI_1081770303,90,0.5592592592592592,0.21165122543589995,1.0675197637485386e-12,4094.0,0.6666666666666666,0.5277777777777778,0.48333333333333334,1.2949110143186097e-12,False
SSI_1096100192,90,0.6388888888888888,0.20334591189242832,1.4557164398587046e-19,6888.5,0.7,0.6,0.6166666666666667,3.268672116337146e-19,False
SSI_1107341164,90,0.7333333333333333,0.21361663161664068,8.683125523149832e-26,5988.0,0.6833333333333333,0.7166666666666667,0.8,7.314784707950014e-25,False
SSI_1129151794,90,0.6722222222222223,0.21022317712047603,1.4946198751373547e-20,4053.0,0.6833333333333333,0.6166666666666667,0.7166666666666667,3.9346512445695664e-20,False
SSI_1131936706,90,0.7388888888888889,0.21137398630570706,4.626274448606304e-26,2820.0,0.7666666666666667,0.7666666666666667,0.6833333333333333,4.311854027821883e-25,False
SSI_1144026744,90,0.5759259259259258,0.2131419136606085,5.94717599571209e-14,3838.5,0.5166666666666667,0.611111111111111,0.6,7.761191750814442e-14,False
SSI_1151147195,90,0.5111111111111111,0.2080984526399801,2.0389383747575869e-10,3844.0,0.75,0.4166666666666667,0.36666666666666664,2.264148386151266e-10,False
SSI_1157967880,90,0.6481481481481481,0.21039586467014706,7.962831269200945e-19,3484.5,0.6166666666666667,0.5777777777777777,0.75,1.5789932459949602e-18,False
SSI_1079269423,90,0.65,0.20001239142331428,6.358412698362131e-20,4175.5,0.5666666666666667,0.7833333333333333,0.6,1.522902178637126e-19,False
SSI_1079382556,90,0.6666666666666666,0.19967711491249637,1.0050814871453679e-21,4899.0,0.5,0.8,0.7,3.2826391351552586e-21,False
SSI_1079909482,90,0.6759259259259258,0.20674169294154182,7.944713068443521e-22,4665.0,0.6666666666666666,0.7166666666666667,0.6444444444444444,2.6442689409002075e-21,False
SSI_1080035839,90,0.6611111111111111,0.20168295759503216,1.7010382388217324e-21,6133.5,0.5,0.75,0.7333333333333333,5.293804353428653e-21,False
SSI_1082071102,90,0.5444444444444444,0.1994725805619536,4.945008218159475e-13,2789.0,0.6333333333333333,0.5,0.5,6.104423990380797e-13,False
SSI_1089511450,90,0.6944444444444444,0.20450944125302073,5.299581413497539e-23,4206.0,0.5833333333333334,0.75,0.75,2.275373882807467e-22,False
SSI_1098236211,90,0.5222222222222223,0.20479110589154018,2.771592085311287e-11,3181.5,0.26666666666666666,0.7,0.6,3.152234387530482e-11,False
SSI_1146788221,90,0.7148148148148148,0.2016267409949757,2.866150948647292e-25,5155.0,0.7,0.8166666666666667,0.6277777777777778,2.0839305855789686e-24,False
SSI_1157038087,90,0.7592592592592594,0.2035911356309561,3.837363421747975e-29,4435.0,0.8166666666666667,0.75,0.711111111111111,1.1141274206800803e-27,False
SSI_1161709458,90,0.7370370370370372,0.20621477927587556,1.0556100369272766e-26,5584.0,0.7,0.6833333333333333,0.8277777777777777,1.2050725795389424e-25,False
SSI_1081597664,90,0.75,0.20751699142311197,1.2641322838479506e-28,3238.0,0.7333333333333333,0.6833333333333333,0.8333333333333334,2.9983254072238285e-27,False
SSI_1114662239,90,0.6722222222222223,0.20529015149905877,4.3153100240563355e-21,3125.0,0.6333333333333333,0.75,0.6333333333333333,1.2490879607546951e-20,False
SSI_1127484487,90,0.5666666666666667,0.20706996450489437,9.065894590356646e-14,4437.5,0.5833333333333334,0.55,0.5666666666666667,1.1693759495375547e-13,False
SSI_1131858752,90,0.7,0.20716578308231853,1.2418275531327915e-23,4808.0,0.7,0.7,0.7,5.983796276732562e-23,False
SSI_1131948929,90,0.5166666666666667,0.2044656666535166,1.1016462388997756e-10,8078.5,0.4,0.65,0.5,1.2322901838975053e-10,False
SSI_1131975713,90,0.65,0.20734619209032693,3.8506879199726e-19,7544.0,0.6166666666666667,0.6,0.7333333333333333,8.088762328884834e-19,False
SSI_1131976869,89,0.6704119850187267,0.20843456310694175,4.00801381546308e-21,6470.0,0.55,0.711111111111111,0.7528735632183907,1.1698420252301438e-20,False
SSI_1134699567,90,0.548148148148148,0.20684452489597105,2.0267430998489253e-12,7437.0,0.7,0.5444444444444444,0.4,2.4295060809278335e-12,False
SSI_1153246392,90,0.7203703703703703,0.20786600808359137,1.7220142665611052e-25,4522.0,0.6666666666666666,0.6333333333333333,0.861111111111111,1.3187714273381754e-24,False
SSI_1154839640,90,0.5814814814814814,0.20156008862480826,5.582268853180466e-15,9531.0,0.6333333333333333,0.48333333333333334,0.6277777777777778,7.739774579069171e-15,False
SSI_1162149973,90,0.6777777777777778,0.20683027897392947,8.129292562185997e-22,8647.0,0.6666666666666666,0.6,0.7666666666666667,2.6983507784538575e-21,False
SSI_1163858843,90,0.7166666666666667,0.21039185220926437,3.2966675709331663e-24,3326.5,0.5833333333333334,0.7666666666666667,0.8,1.809833455233646e-23,False
SSI_1079381025,90,0.6370370370370371,0.2001191684023089,4.62315704195197e-19,3469.0,0.55,0.611111111111111,0.75,9.571502248719206e-19,False
SSI_1094726441,90,0.524074074074074,0.1999235103570382,1.1532888530452578e-11,4544.5,0.45,0.5555555555555555,0.5666666666666667,1.3327742043470032e-11,False
SSI_1095988646,90,0.43333333333333335,0.18530879595489994,5.322215107424697e-08,3070.5,0.4,0.43333333333333335,0.4666666666666667,5.5399111663564265e-08,False
SSI_1131874448,90,0.5722222222222222,0.18986783661933648,4.270660458827566e-16,3364.5,0.4666666666666667,0.6833333333333333,0.5666666666666667,6.396826180818971e-16,False
SSI_1138331608,90,0.5203703703703704,0.19738800597890388,7.220773328268806e-12,3246.0,0.43333333333333335,0.5277777777777778,0.6,8.432289312122702e-12,False
SSI_1159867288,90,0.48333333333333334,0.20508246450067957,1.8929100906721595e-09,3449.0,0.2833333333333333,0.5666666666666667,0.6,2.042570384943501e-09,False
SSI_1160418008,90,0.45555555555555555,0.20047839323532812,4.3067410160593195e-08,2594.0,0.35,0.5,0.5166666666666667,4.484811723031934e-08,False
SSI_1079252729,90,0.55,0.22153781103736953,6.416502805049357e-12,4547.0,0.43333333333333335,0.5166666666666667,0.7,7.518233262702916e-12,False
SSI_1079260807,90,0.7537037037037038,0.20362412884922287,3.876415503798888e-29,4266.0,0.6833333333333333,0.711111111111111,0.8666666666666667,1.1141274206800803e-27,False
SSI_1102505791,90,0.7111111111111111,0.203217875614387,4.505382726761409e-25,3068.0,0.6166666666666667,0.6666666666666666,0.85,3.1092231642593564e-24,False
SSI_1105178963,90,0.6703703703703704,0.20691749099135098,6.526386003281238e-21,5140.5,0.5833333333333334,0.611111111111111,0.8166666666666667,1.8138749722430105e-20,False
SSI_1115377350,90,0.43333333333333335,0.2024898415617442,5.968401763800991e-07,6164.0,0.5,0.36666666666666664,0.43333333333333335,6.13154142513281e-07,False
SSI_1131875848,90,0.5166666666666667,0.22176639486458957,1.8164691501153588e-09,5942.0,0.31666666666666665,0.6,0.6333333333333333,1.962686481084397e-09,False
SSI_1131914385,90,0.6148148148148148,0.20824347444045557,1.268834562901456e-16,3105.0,0.38333333333333336,0.7111111111111111,0.75,2.0141408948461709e-16,False
SSI_1132139282,90,0.6037037037037036,0.2030100537433731,2.3701831667947743e-16,2487.0,0.6,0.5277777777777778,0.6833333333333333,3.644026102252759e-16,False
SSI_1163162686,90,0.48148148148148145,0.2099106097895279,1.4407498756817888e-08,12911.5,0.45,0.4611111111111111,0.5333333333333333,1.5132209571326787e-08,False
SSI_1079200515,90,0.3592592592592592,0.19525858624481204,0.0002754374765726036,3948.5,0.18333333333333332,0.48333333333333334,0.4111111111111111,0.0002785156271799961,False
SSI_1080083285,90,0.6277777777777778,0.19397296343164538,7.015250463369865e-19,2862.0,0.4666666666666667,0.7,0.7166666666666667,1.407081845813841e-18,False
SSI_1116940433,90,0.6666666666666666,0.18153174682653123,6.384972980583077e-24,2789.0,0.7,0.6666666666666666,0.6333333333333333,3.2564695180719114e-23,False
SSI_1122139424,90,0.6111111111111112,0.18611687691624515,6.735234319730035e-19,2646.0,0.5333333333333333,0.6166666666666667,0.6833333333333333,1.3576053995957488e-18,False
SSI_1129026874,90,0.6555555555555556,0.198901310658546,6.426259766482003e-21,5516.0,0.6333333333333333,0.7,0.6333333333333333,1.7921635398990335e-20,False
SSI_1131897573,90,0.7333333333333333,0.19506651918344065,3.740057829281203e-28,4973.5,0.65,0.8166666666666667,0.7333333333333333,7.082915718553472e-27,False
SSI_1131902466,90,0.5555555555555556,0.19433762531775156,3.4774670749258666e-14,5234.5,0.4,0.7,0.5666666666666667,4.599595053624197e-14,False
SSI_1159948315,90,0.6111111111111112,0.19448566489342872,5.319080123784813e-18,4117.5,0.5666666666666667,0.55,0.7166666666666667,9.61844022383886e-18,False
SSI_1159994530,90,0.6611111111111111,0.19305245769972704,1.69033319622911e-22,3117.0,0.5833333333333334,0.7666666666666667,0.6333333333333333,6.503124406909789e-22,False
SSI_1162315531,90,0.6055555555555555,0.19020685584576774,1.22921926749592e-17,3699.0,0.43333333333333335,0.75,0.6333333333333333,2.1434565813651197e-17,False
SSI_1163010405,90,0.5,0.189834607373959,3.471445276262531e-11,5099.0,0.3,0.5333333333333333,0.6666666666666666,3.9372055756310885e-11,False
SSI_1090403528,90,0.6222222222222222,0.22321146242060635,5.359761619757508e-16,4766.0,0.6833333333333333,0.55,0.6333333333333333,7.950150356446626e-16,False
SSI_1092713202,90,0.7555555555555555,0.22476420891636242,1.7929375618065733e-26,3662.5,0.6833333333333333,0.7833333333333333,0.8,1.8879941652989044e-25,False
SSI_1106190683,90,0.75,0.22144232121199248,7.14276528193838e-27,4164.0,0.7,0.7833333333333333,0.7666666666666667,8.724887791887731e-26,False
SSI_1117851437,90,0.65,0.22441386038861527,1.9190177882428093e-17,4085.0,0.6166666666666667,0.6666666666666666,0.6666666666666666,3.3015214483642137e-17,False
SSI_1123553800,90,0.6703703703703703,0.22686742121162154,7.747187618540158e-19,3184.5,0.5611111111111112,0.65,0.8,1.5399820465495203e-18,False
SSI_1131105811,90,0.7,0.22741979208708996,2.2362330344626267e-21,9191.5,0.6833333333333333,0.6333333333333333,0.7833333333333333,6.81186696158628e-21,False
SSI_1131914336,90,0.6314814814814814,0.2246196423110291,1.228764234667607e-16,5021.0,0.4166666666666667,0.6777777777777777,0.8,1.9530715844456497e-16,False
SSI_1131919856,90,0.548148148148148,0.2315189086376144,1.4467404096017575e-10,13687.5,0.5611111111111112,0.55,0.5333333333333333,1.614612526567882e-10,False
SSI_1149172667,90,0.7462962962962963,0.224331107597679,1.6370610917786061e-25,3622.0,0.5777777777777778,0.7611111111111111,0.9,1.2696318245127413e-24,False
SSI_1156486212,90,0.6740740740740742,0.22838914700139357,1.5769548570626484e-19,2595.0,0.5444444444444445,0.6444444444444444,0.8333333333333334,3.518265493884977e-19,False
SSI_1074548175,90,0.735185185185185,0.21311631314863197,7.550150158573227e-26,3573.5,0.7277777777777779,0.7277777777777779,0.75,6.449869471422032e-25,False
SSI_1079484864,90,0.4814814814814815,0.21585268502755275,3.402255769096304e-08,6570.5,0.39444444444444443,0.5666666666666667,0.48333333333333334,3.548979865030858e-08,False
SSI_1108107529,90,0.6481481481481481,0.2156679179475352,2.714417756547029e-18,3664.0,0.5333333333333333,0.7333333333333333,0.6777777777777777,5.054361721985055e-18,False
SSI_1123289069,90,0.5981481481481481,0.20523495908807218,3.871456624235907e-16,3576.5,0.5,0.6666666666666666,0.6277777777777778,5.82387224938936e-16,False
SSI_1131951077,90,0.6814814814814815,0.21091584082466525,2.315798774846798e-21,5875.0,0.5944444444444446,0.7333333333333333,0.7166666666666667,7.027945847143761e-21,False
SSI_1131975029,90,0.4592592592592592,0.2095068221950454,1.5370628274056705e-07,5814.5,0.34444444444444444,0.4666666666666667,0.5666666666666667,1.5897732799966355e-07,False
SSI_1134411649,90,0.8092592592592592,0.21606929469367223,4.2347736948556986e-33,2914.5,0.6833333333333333,0.8777777777777779,0.8666666666666667,8.621293447110393e-31,False
SSI_1152433277,90,0.4129629629629629,0.22187739082818878,4.433912666320475e-05,6972.0,0.3333333333333333,0.3055555555555555,0.6,4.4983590713542025e-05,False
SSI_1158722960,90,0.7166666666666667,0.21690872932781838,1.881045751179577e-23,3326.0,0.55,0.7333333333333333,0.8666666666666667,8.803438256957291e-23,False
SSI_1163641391,90,0.6018518518518519,0.2175642440506838,5.227208472401704e-15,3992.5,0.48333333333333334,0.6111111111111112,0.711111111111111,7.259846673153703e-15,False
SSI_1079230783,90,0.5944444444444444,0.19677769887728644,5.781959293349915e-17,5243.0,0.43333333333333335,0.6333333333333333,0.7166666666666667,9.518414119712832e-17,False
SSI_1079533328,90,0.5833333333333334,0.22324579593568059,4.1043237181359093e-13,4826.5,0.38333333333333336,0.55,0.8166666666666667,5.087195760226295e-13,False
SSI_1103130045,90,0.5222222222222223,0.19838074443625095,8.682013430465608e-12,4845.5,0.35,0.5666666666666667,0.65,1.0085667527640267e-11,False
SSI_1106414639,90,0.3953703703703703,0.19803153811112897,8.581441717202029e-06,9973.0,0.3777777777777777,0.375,0.43333333333333335,8.742477946257113e-06,False
SSI_1113981793,90,0.5648148148148148,0.19420614135798533,6.331943791199823e-15,4344.0,0.4444444444444445,0.5666666666666667,0.6833333333333333,8.759308426897603e-15,False
SSI_1131852721,90,0.5,0.1994155125783905,1.89770873347611e-10,7759.5,0.2833333333333333,0.5,0.7166666666666667,2.109236777016441e-10,False
SSI_1155512177,90,0.5027777777777778,0.19329698600123207,6.499559031197195e-11,3676.0,0.3333333333333333,0.575,0.6,7.313875040633232e-11,False
SSI_1156127248,90,0.6333333333333333,0.1980886103094619,2.804890143455595e-19,6953.0,0.5833333333333334,0.5333333333333333,0.7833333333333333,6.021394218332178e-19,False
SSI_1156640352,90,0.5398148148148147,0.19228502819343837,1.1683064862324255e-13,5832.0,0.4444444444444444,0.575,0.6,1.4919878441535887e-13,False
SSI_1159830081,90,0.6481481481481481,0.19211189809293466,8.346514570130576e-21,5916.0,0.6611111111111111,0.5,0.7833333333333333,2.2656150105365553e-20,False
SSI_1162553783,90,0.65,0.1985408719718143,4.388026088999109e-20,3527.0,0.6,0.5666666666666667,0.7833333333333333,1.0773816819522436e-19,False
SSI_1074571481,90,0.6222222222222222,0.18248940153977344,3.6777333632855693e-20,3484.5,0.5666666666666667,0.5166666666666667,0.7833333333333333,9.149391656320414e-20,False
SSI_1079199766,90,0.6111111111111112,0.18293822394994066,2.982946424147522e-19,6175.0,0.5333333333333333,0.6333333333333333,0.6666666666666666,6.381206754984585e-19,False
SSI_1106215610,90,0.5944444444444444,0.18744249789514392,6.28331908868529e-18,3740.0,0.6833333333333333,0.5666666666666667,0.5333333333333333,1.1286873921807474e-17,False
SSI_1125388129,90,0.5972222222222222,0.1906650224006587,1.3722528290810833e-17,3026.0,0.5666666666666667,0.525,0.7,2.3809756118217944e-17,False
SSI_1127519364,90,0.5259259259259259,0.18426532852782138,5.59247920199831e-13,3062.5,0.5333333333333333,0.42777777777777776,0.6166666666666667,6.872448033441586e-13,False
SSI_1131940362,90,0.6129629629629629,0.18279738320114128,2.876095459381778e-19,4749.0,0.5833333333333334,0.4944444444444444,0.7611111111111111,6.168833368981285e-19,False
SSI_1148252776,90,0.6509259259259259,0.1883173618845214,3.7972489759203355e-22,7025.5,0.5833333333333334,0.6694444444444445,0.7,1.3444462678512145e-21,False
SSI_1153773369,90,0.3518518518518518,0.18666176236048687,0.00011650221376218268,6323.5,0.6,0.2944444444444444,0.1611111111111111,0.00011795064576088366,False
SSI_1156997461,90,0.625,0.18410072912146327,5.63584093015144e-20,2618.0,0.55,0.6416666666666667,0.6833333333333333,1.3632039002336603e-19,False
SSI_1162255885,90,0.55,0.18301940041695874,2.9759100452522665e-15,3575.0,0.31666666666666665,0.6333333333333333,0.7,4.192703714274099e-15,False
SSI_1079194547,90,0.7148148148148148,0.20609347820003027,1.010007760121639e-24,4892.0,0.8111111111111111,0.7,0.6333333333333333,6.375837100716186e-24,False
SSI_1106329728,90,0.6981481481481481,0.20492999941667583,6.752670183027189e-24,5171.0,0.8111111111111111,0.5833333333333334,0.7,3.433789635220178e-23,False
SSI_1125244677,89,0.6179775280898876,0.2072969247459457,5.018806967043693e-17,7046.0,0.75,0.5517241379310345,0.55,8.290023948943708e-17,False
SSI_1131995689,90,0.6148148148148148,0.19720220206550698,1.0165693640049988e-17,3401.0,0.7666666666666667,0.5333333333333333,0.5444444444444444,1.7853910541079887e-17,False
SSI_1132271252,90,0.6555555555555556,0.2044399101950562,2.6333894478685075e-20,3509.0,0.75,0.55,0.6666666666666666,6.694454132302563e-20,False
SSI_1132273826,90,0.5611111111111111,0.204742459018107,2.8490953257094516e-13,3600.0,0.5666666666666667,0.6,0.5166666666666667,3.5584559717322035e-13,False
SSI_1148265728,90,0.5814814814814814,0.206772073002511,1.653248748251626e-14,6452.5,0.5777777777777777,0.6,0.5666666666666667,2.21794985830792e-14,False
SSI_1150435653,90,0.6111111111111112,0.20179258375843503,2.9639499079070557e-17,3744.5,0.6166666666666667,0.5833333333333334,0.6333333333333333,4.990302980714636e-17,False
SSI_1162549950,90,0.4925925925925925,0.20045178117859128,8.964847931939288e-10,7330.5,0.5,0.5333333333333333,0.4444444444444445,9.768565342429832e-10,False
SSI_1088535077,90,0.6722222222222223,0.20697459269307272,6.6213495954248154e-21,5253.5,0.7277777777777777,0.6,0.6888888888888889,1.8381769388207754e-20,False
SSI_1131934614,90,0.7027777777777778,0.21617863003795654,1.343136358032856e-22,5890.5,0.6361111111111111,0.861111111111111,0.611111111111111,5.292390520442366e-22,False
SSI_1132078786,90,0.5462962962962964,0.2196489113586698,2.01537218914221e-11,4397.5,0.35,0.711111111111111,0.5777777777777777,2.3039561338672995e-11,False
SSI_1132123842,90,0.5731481481481482,0.21569942756682012,9.806495874492423e-14,5635.5,0.44166666666666665,0.5777777777777777,0.7,1.2612018146682293e-13,False
SSI_1132987820,90,0.6333333333333333,0.20660202389875648,2.189906378324599e-18,3356.5,0.5055555555555556,0.7666666666666667,0.6277777777777779,4.1248583517710065e-18,False
SSI_1141933312,90,0.5740740740740741,0.20633320587869347,1.5108540793127686e-14,5148.0,0.5111111111111112,0.6666666666666666,0.5444444444444445,2.0324980813662413e-14,False
SSI_1151208233,90,0.5740740740740742,0.2051950831506652,1.1947703046173688e-14,3000.5,0.5611111111111111,0.5611111111111111,0.6,1.6179733116298404e-14,False
SSI_1154909684,90,0.5935185185185186,0.2236513410891842,9.037068114527826e-14,4308.5,0.5527777777777778,0.5666666666666667,0.6611111111111111,1.1662735025774685e-13,False
SSI_1155260483,90,0.55,0.21437427864214276,1.7689271330705153e-12,6925.0,0.5,0.5833333333333334,0.5666666666666667,2.1246258535355303e-12,False
SSI_1162593721,90,0.6074074074074075,0.20719870886426786,1.0064229987768591e-16,2345.5,0.5111111111111112,0.7333333333333333,0.5777777777777777,1.6228986046282947e-16,False
SSI_1079264986,90,0.5796296296296297,0.2305095808461977,1.5344058243080698e-12,3078.5,0.5777777777777777,0.6,0.5611111111111111,1.8502238049282402e-12,False
SSI_1079276862,90,0.5833333333333334,0.22988062760283112,1.3718662441325861e-12,4883.5,0.5833333333333334,0.6333333333333333,0.5333333333333333,1.6586503575366829e-12,False
SSI_1083767783,90,0.6592592592592592,0.22397864325547473,2.7081409892214563e-18,6086.0,0.711111111111111,0.6333333333333333,0.6333333333333333,5.046520546657527e-18,False
SSI_1097914025,90,0.5537037037037037,0.22945403388877258,2.49904836143488e-11,5700.0,0.5333333333333333,0.48333333333333334,0.6444444444444444,2.8449092017639383e-11,False
SSI_1131881426,90,0.6666666666666666,0.21716186840409596,8.099479785143934e-20,3703.0,0.7166666666666667,0.6666666666666666,0.6166666666666667,1.893495609101113e-19,False
SSI_1131951818,90,0.5777777777777777,0.2227919748084893,3.7725876887635946e-13,3222.5,0.45,0.6333333333333333,0.65,4.680767762137868e-13,False
SSI_1136550844,89,0.6273408239700374,0.22461241156555725,3.4711209667620395e-16,2591.0,0.5833333333333334,0.4827586206896552,0.8111111111111111,5.253995366666458e-16,False
SSI_1136926005,90,0.637037037037037,0.2258144452637957,1.582237084000178e-16,5013.0,0.47777777777777775,0.6666666666666666,0.7666666666666667,2.480318571604421e-16,False
SSI_1159189505,90,0.5907407407407407,0.23192336638050068,4.2159783255323497e-13,5025.5,0.4611111111111111,0.5833333333333334,0.7277777777777777,5.22029145933884e-13,False
SSI_1163073754,90,0.5055555555555555,0.22436619134178373,2.6941529799973446e-09,4930.0,0.4,0.45,0.6666666666666666,2.8956514430855754e-09,False
SSI_1091164469,90,0.6833333333333333,0.19352272485881364,2.514950612797553e-24,3735.5,0.65,0.7333333333333333,0.6666666666666666,1.418943267220421e-23,False
SSI_1098647958,90,0.6444444444444445,0.20469614712716233,2.0266569487656081e-19,3572.5,0.5166666666666667,0.6833333333333333,0.7333333333333333,4.416701985579287e-19,False
SSI_1113389732,90,0.6777777777777778,0.20371793276666594,3.6022887125670064e-22,2876.5,0.65,0.6833333333333333,0.7,1.2884906771304826e-21,False
SSI_1129679321,90,0.75,0.2027516040571037,2.963956887029299e-29,3982.5,0.6333333333333333,0.7833333333333333,0.8333333333333334,8.9394403395217e-28,False
SSI_1131323636,90,0.7166666666666667,0.19448083476719802,3.5713869408897393e-26,2351.0,0.6833333333333333,0.7333333333333333,0.7333333333333333,3.481404687027239e-25,False
SSI_1131868683,90,0.6388888888888888,0.20770867915519825,4.2008268145967545e-19,4048.0,0.6166666666666667,0.6333333333333333,0.6666666666666666,8.786489647311533e-19,False
SSI_1142036689,90,0.75,0.2029979152062489,3.197660040796421e-29,3040.0,0.7833333333333333,0.7,0.7666666666666667,9.526687170323972e-28,False
SSI_1149269543,90,0.5537037037037037,0.21177833446457758,1.0931950036994162e-12,2833.5,0.4777777777777778,0.5833333333333334,0.6,1.3253972178847016e-12,False
SSI_1152185099,90,0.6388888888888888,0.18750552556325345,2.4396296885018104e-21,4597.5,0.55,0.5666666666666667,0.8,7.37491420630705e-21,False
SSI_1155603574,90,0.6555555555555556,0.2033685452064411,2.0117375879912827e-20,5538.5,0.5166666666666667,0.6833333333333333,0.7666666666666667,5.2007142089552425e-20,False
SSI_1159871444,88,0.5113636363636364,0.20197683491230875,1.1222035296745796e-10,4847.0,0.5,0.5666666666666667,0.4642857142857143,1.2547108572059488e-10,False
SSI_1079191652,90,0.7,0.21486647103391002,9.565758367216766e-23,4223.5,0.55,0.7333333333333333,0.8166666666666667,3.881918221114711e-22,False
SSI_1079346267,90,0.7388888888888889,0.21817639722148882,3.052984555688694e-25,4391.0,0.6833333333333333,0.6666666666666666,0.8666666666666667,2.206639428860201e-24,False
SSI_1079707770,90,0.49444444444444446,0.22010885233166128,1.825263840169072e-08,3836.0,0.43333333333333335,0.4666666666666667,0.5833333333333334,1.9121438943109102e-08,False
SSI_1091493610,90,0.8222222222222222,0.21855388043743243,5.916555523213884e-34,2272.0,0.7166666666666667,0.85,0.9,2.3982012403285633e-31,False
SSI_1106408982,90,0.5666666666666667,0.214927138430912,4.1555592358516064e-13,7158.0,0.5833333333333334,0.5666666666666667,0.55,5.148088850499733e-13,False
SSI_1121274015,90,0.7222222222222222,0.21790775622175898,2.705513389674106e-24,3623.0,0.5,0.8166666666666667,0.85,1.5159562410490463e-23,False
SSI_1122538840,90,0.6,0.2197751690038408,8.172949043555444e-15,7227.0,0.5666666666666667,0.6333333333333333,0.6,1.1160712416660675e-14,False
SSI_1131948847,90,0.6888888888888889,0.21809382988042533,1.7830557059087616e-21,4336.5,0.6,0.7,0.7666666666666667,5.5349492878463844e-21,False
SSI_1132104693,90,0.7277777777777777,0.2208521607101854,6.297047678533035e-25,3580.5,0.6,0.7833333333333333,0.8,4.214708898261974e-24,False
SSI_1079570023,90,0.7722222222222223,0.19722199462465118,3.0004426420335276e-32,5848.5,0.7666666666666667,0.8166666666666667,0.7333333333333333,3.7217093921385514e-30,False
SSI_1099487434,90,0.7222222222222222,0.20781934215198056,1.6995141655197324e-25,9109.5,0.7166666666666667,0.7666666666666667,0.6833333333333333,1.3056330523159454e-24,False
SSI_1106298644,90,0.6833333333333333,0.20166328304944328,2.451010527606124e-23,5773.5,0.6666666666666666,0.8833333333333333,0.5,1.1150500407712778e-22,False
SSI_1131916000,90,0.7370370370370369,0.19422225020829392,2.8791091685232535e-28,8041.0,0.711111111111111,0.8333333333333334,0.6666666666666666,5.812945205539098e-27,False
SSI_1132205355,90,0.6240740740740741,0.1958808632927603,1.1219432706282927e-18,4828.0,0.611111111111111,0.6611111111111111,0.6,2.1892231710422677e-18,False
SSI_1132223066,90,0.6537037037037037,0.2011143177080014,1.1352920633488118e-20,4758.5,0.55,0.6944444444444444,0.7166666666666667,3.0278586362021255e-20,False
SSI_1132288545,90,0.7722222222222223,0.20545172048590565,4.287203713855051e-31,3464.0,0.7666666666666667,0.7833333333333333,0.7666666666666667,3.611599542395824e-29,False
SSI_1146668401,89,0.5299625468164795,0.20534207471671945,1.824503883410567e-11,4433.0,0.6777777777777777,0.5444444444444444,0.3620689655172414,2.090648680662296e-11,False
SSI_1150537958,90,0.7037037037037036,0.1965923248704127,6.49691275014614e-25,3261.5,0.711111111111111,0.7833333333333333,0.6166666666666667,4.3366005050838854e-24,False
SSI_1155711496,90,0.6814814814814815,0.20083105988648445,1.6711883264443946e-22,2925.5,0.5666666666666667,0.7944444444444444,0.6833333333333333,6.449783699057908e-22,False
SSI_1079188905,90,0.7166666666666667,0.2016731203222377,2.904355374164275e-25,5059.5,0.7833333333333333,0.7666666666666667,0.6,2.1054421896389686e-24,False
SSI_1079232737,90,0.6111111111111112,0.19778203638121888,1.1656478052401053e-17,4968.0,0.7333333333333333,0.65,0.45,2.035509355397839e-17,False
SSI_1079436129,90,0.6944444444444444,0.19783688739584881,8.519172309326377e-24,4885.0,0.6666666666666666,0.7666666666666667,0.65,4.256101830610294e-23,False
SSI_1079441709,90,0.6333333333333333,0.2044654390559455,1.3202909321929942e-18,6008.0,0.6166666666666667,0.6333333333333333,0.65,2.5437466461730956e-18,False
SSI_1103050704,90,0.6333333333333333,0.1970599704426621,2.1724731544101853e-19,2904.0,0.7,0.6333333333333333,0.5666666666666667,4.721843341836372e-19,False
SSI_1131929073,90,0.6055555555555555,0.20093163272428224,1.4896138792767715e-16,3465.0,0.55,0.5666666666666667,0.7,2.3417803777819515e-16,False
SSI_1140093782,90,0.6611111111111111,0.20330021535787948,2.588345760846722e-21,5304.0,0.5,0.8166666666666667,0.6666666666666666,7.777772071031416e-21,False
SSI_1143780761,90,0.7611111111111111,0.19992587905768536,1.2317918961197209e-29,6698.5,0.7333333333333333,0.8166666666666667,0.7333333333333333,4.298953717457826e-28,False
SSI_1152278592,90,0.7222222222222222,0.2032725496086839,4.6419058915970333e-26,2505.0,0.65,0.7833333333333333,0.7333333333333333,4.311854027821883e-25,False
SSI_1160402303,90,0.6333333333333333,0.19987087631134134,4.350548523867837e-19,4216.5,0.5833333333333334,0.6166666666666667,0.7,9.068592187550448e-19,False
SSI_1080382625,90,0.6666666666666666,0.19775310620107286,6.032103414750619e-22,4601.5,0.5666666666666667,0.7,0.7333333333333333,2.0552899082616127e-21,False
SSI_1084956507,90,0.5759259259259258,0.18967041680027488,4.0823683439076734e-16,3131.0,0.42777777777777776,0.7333333333333333,0.5666666666666667,6.133595242414788e-16,False
SSI_1105402150,90,0.4314814814814815,0.1925324815452088,1.5303166963942126e-07,7775.5,0.3444444444444444,0.43333333333333335,0.5166666666666667,1.5834661962266247e-07,False
SSI_1106240570,90,0.6148148148148148,0.18537951979272774,5.584075813049998e-19,4775.5,0.5611111111111111,0.6833333333333333,0.6,1.142537454881168e-18,False
SSI_1122341257,90,0.6222222222222222,0.19652890944347845,1.3142958182680487e-18,3219.0,0.5,0.6833333333333333,0.6833333333333333,2.5341946993124257e-18,False
SSI_1132185786,90,0.6388888888888888,0.20043230894195455,7.064084549630347e-20,2861.0,0.5,0.7,0.7166666666666667,1.675491121820091e-19,False
SSI_1132302145,90,0.7333333333333333,0.19560316896742522,4.413819655165073e-28,6898.5,0.5666666666666667,0.8666666666666667,0.7666666666666667,8.231268257685705e-27,False
SSI_1151609852,90,0.6944444444444444,0.19567997050335478,4.646875570199484e-24,6022.0,0.5833333333333334,0.85,0.65,2.4361195317590857e-23,False
SSI_1154575848,90,0.6555555555555556,0.19060090310716207,7.099934979360538e-22,5851.0,0.5333333333333333,0.7333333333333333,0.7,2.3891379000795862e-21,False
SSI_1157879937,90,0.6425925925925926,0.19723897171754573,3.1518637295495885e-20,4564.0,0.4444444444444444,0.7666666666666667,0.7166666666666667,7.929972287630942e-20,False
SSI_1074856056,90,0.7277777777777777,0.22484811655423348,1.8224531353656347e-24,5586.0,0.7,0.7833333333333333,0.7,1.0676865730691235e-23,False
SSI_1079321312,90,0.4981481481481481,0.2262296085220623,1.2649611052045229e-08,8134.5,0.35,0.6333333333333333,0.5111111111111111,1.3307962230997224e-08,False
SSI_1080424446,90,0.7222222222222222,0.22948273647134748,5.431022608508521e-23,4366.0,0.65,0.75,0.7666666666666667,2.32364067120601e-22,False
SSI_1091944383,90,0.7133333333333334,0.22545199866071475,1.6864961826119598e-22,3615.0,0.7233333333333333,0.7333333333333333,0.6833333333333333,6.49859648914987e-22,False
SSI_1094222015,90,0.6333333333333333,0.23328995492219368,7.414873384790322e-16,7297.0,0.5166666666666667,0.7166666666666667,0.6666666666666666,1.0912370890989612e-15,False
SSI_1097599283,90,0.6892592592592592,0.2205004364815641,3.236182765280193e-21,3669.5,0.69,0.65,0.7277777777777779,9.583023631005468e-21,False
SSI_1107001039,90,0.7522222222222222,0.22649748074777437,2.880565757226664e-26,5833.0,0.7233333333333333,0.7833333333333333,0.75,2.8490777914594087e-25,False
SSI_1116405300,90,0.6333333333333333,0.2275179119288439,2.2624010225901915e-16,3969.5,0.5666666666666667,0.7166666666666667,0.6166666666666667,3.482700502953899e-16,False
SSI_1131949666,90,0.6444444444444445,0.2246827795631543,2.0349250640100954e-17,7714.5,0.65,0.5833333333333334,0.7,3.488646969387132e-17,False
SSI_1132891440,90,0.7481481481481481,0.2313073861986856,1.039449879526944e-24,2946.0,0.6333333333333333,0.7833333333333333,0.8277777777777778,6.511220655600831e-24,False
SSI_1156924244,90,0.4425925925925926,0.2268570191596693,4.048842330791789e-06,5796.0,0.4166666666666667,0.4,0.5111111111111111,4.135167982493453e-06,False
SSI_1162993164,90,0.7444444444444445,0.2141791010806333,9.857136260864806e-27,2335.5,0.75,0.7333333333333333,0.75,1.130562623722663e-25,False
SSI_1074784108,90,0.6388888888888888,0.21162138486546958,1.0624537103532389e-18,5971.0,0.6,0.7,0.6166666666666667,2.0747996917609613e-18,False
SSI_1079199002,90,0.6055555555555555,0.21812918336979953,5.862842676113385e-15,4687.5,0.4166666666666667,0.7666666666666667,0.6333333333333333,8.12417734415485e-15,False
SSI_1079350844,90,0.5388888888888889,0.20650845600842416,8.63524772575496e-12,7976.5,0.55,0.5166666666666667,0.55,1.0040890144702222e-11,False
SSI_1079444113,90,0.5722222222222222,0.20832822503229356,2.2708152029427402e-14,5717.5,0.4,0.6,0.7166666666666667,3.024864526057314e-14,False
SSI_1080684739,90,0.5333333333333333,0.19742303914577072,1.582820027774899e-12,4141.5,0.5,0.5833333333333334,0.5166666666666667,1.9076612372245083e-12,False
SSI_1131870779,90,0.5833333333333334,0.2030758041527959,7.682938383660836e-15,6060.5,0.4166666666666667,0.7333333333333333,0.6,1.052097447941896e-14,False
SSI_1131990656,90,0.46111111111111114,0.21407498783617424,8.841151170074957e-08,5539.0,0.4166666666666667,0.43333333333333335,0.5333333333333333,9.18712560973761e-08,False
SSI_1132028094,90,0.6833333333333333,0.20295745341583493,3.485774262368782e-23,3833.0,0.6666666666666666,0.7,0.6833333333333333,1.5539683436071049e-22,False
SSI_1140342540,90,0.6222222222222222,0.2008303770937712,3.6982376659783e-18,6990.5,0.4666666666666667,0.7833333333333333,0.6166666666666667,6.793078660139088e-18,False
SSI_1162296264,90,0.6833333333333333,0.21659952538319846,1.2266738057139197e-21,3755.0,0.5666666666666667,0.7166666666666667,0.7666666666666667,3.922466109108777e-21,False
SSI_1077713033,90,0.6555555555555556,0.22355179665522612,2.4604417289403163e-18,6273.0,0.6666666666666666,0.5,0.8,4.6024955159274066e-18,False
SSI_1079198905,90,0.36481481481481476,0.23139392385293356,0.0026462585834970435,6063.0,0.2111111111111111,0.48333333333333334,0.4,0.0026681014112601227,False
SSI_1079330439,90,0.6666666666666666,0.2265404056496798,7.193366518964834e-19,4378.0,0.5166666666666667,0.6333333333333333,0.85,1.4369264555623996e-18,False
SSI_1095794595,90,0.6666666666666666,0.2171363774761351,8.050305692265717e-20,4552.0,0.5666666666666667,0.6666666666666666,0.7666666666666667,1.88380237607329e-19,False
SSI_1107085852,90,0.7333333333333333,0.22524722153942953,2.0241124597324872e-24,3723.0,0.6166666666666667,0.75,0.8333333333333334,1.1690086853726872e-23,False
SSI_1132282439,90,0.6425925925925926,0.22750041220448983,3.7424848921015167e-17,7822.0,0.5444444444444444,0.7166666666666667,0.6666666666666666,6.266545984512684e-17,False
SSI_1153004467,90,0.6722222222222223,0.2364678323708485,6.461617627959153e-18,3335.0,0.45,0.7166666666666667,0.85,1.1598627380679068e-17,False
SSI_1159748420,90,0.5111111111111111,0.23600714959836616,1.4541039002397239e-08,5858.5,0.26666666666666666,0.5833333333333334,0.6833333333333333,1.526590386027351e-08,False
SSI_1162002720,90,0.6037037037037037,0.22292420899728602,1.5295515707664006e-14,4765.5,0.5444444444444444,0.5166666666666667,0.75,2.056518705218666e-14,False
SSI_1163272458,90,0.5648148148148148,0.22734147323401988,3.986986723459976e-12,4139.5,0.5611111111111111,0.6333333333333333,0.5,4.723670497290359e-12,False
SSI_1079315202,90,0.6592592592592592,0.20758552358062568,5.75042449629878e-20,4656.5,0.6777777777777778,0.7333333333333333,0.5666666666666667,1.388170656566988e-19,False
SSI_1121558943,90,0.662962962962963,0.20708862750572282,6.815055469218449e-21,5140.5,0.711111111111111,0.611111111111111,0.6666666666666666,1.8855244067158176e-20,False
SSI_1131893769,90,0.7370370370370369,0.20734262639504666,1.4632835298080647e-26,4137.5,0.711111111111111,0.65,0.85,1.5958935996969207e-25,False
SSI_1131953320,90,0.6611111111111111,0.205253179538068,4.274749983251472e-21,3780.0,0.7,0.5833333333333334,0.7,1.2402867231690436e-20,False
SSI_1132224988,90,0.5,0.20323249243617406,3.619315833931032e-10,2509.5,0.35,0.6166666666666667,0.5333333333333333,3.9918684344440233e-10,False
SSI_1132242268,90,0.6111111111111112,0.2118439752899846,2.7888339140236315e-16,4549.5,0.5333333333333333,0.6166666666666667,0.6833333333333333,4.2608638223638098e-16,False
SSI_1157975115,90,0.6555555555555556,0.20524271004979838,3.218602120520389e-20,4981.0,0.6666666666666666,0.6666666666666666,0.6333333333333333,8.081238417709467e-20,False
SSI_1159167817,90,0.5462962962962963,0.19497598592738932,2.021490457092144e-13,4045.0,0.5944444444444446,0.5444444444444444,0.5,2.550878712126089e-13,False
SSI_1160132089,90,0.6537037037037037,0.21354407856870464,2.43032663996187e-19,3380.0,0.6333333333333333,0.5444444444444444,0.7833333333333333,5.249591495514455e-19,False
SSI_1161917028,90,0.6222222222222222,0.2000842448194578,3.096711980086789e-18,2940.0,0.5,0.6166666666666667,0.75,5.739960066276196e-18,False
SSI_1120650486,90,0.7111111111111111,0.2265783385781929,2.2357971987846123e-22,4430.0,0.5666666666666667,0.6666666666666666,0.9,8.351762319007351e-22,False
SSI_1124250919,90,0.75,0.22116078301656808,6.602076700075147e-27,4503.5,0.7166666666666667,0.7166666666666667,0.8166666666666667,8.187245369687099e-26,False
SSI_1129659483,90,0.7388888888888889,0.21763893820169594,2.6365774814250403e-25,5573.0,0.5666666666666667,0.8,0.85,1.9342819180544666e-24,False
SSI_1131909095,90,0.4703703703703703,0.22528864429736584,3.8955561610162175e-07,2952.5,0.5,0.47777777777777775,0.43333333333333335,4.0087799921493765e-07,False
SSI_1131990824,90,0.7666666666666667,0.21773154512450593,2.212999043170456e-28,6908.5,0.7166666666666667,0.7333333333333333,0.85,4.701179706491673e-27,False
SSI_1132873577,90,0.5333333333333333,0.2186629502512171,7.179606394597333e-11,3634.5,0.23333333333333334,0.6333333333333333,0.7333333333333333,8.060559936581474e-11,False
SSI_1142559341,90,0.7,0.22575726769621687,1.4907364568630962e-21,2207.0,0.6666666666666666,0.5666666666666667,0.8666666666666667,4.6931303661295664e-21,False
SSI_1149686990,90,0.4111111111111111,0.22078469067467,3.963609018162619e-05,3035.5,0.65,0.2833333333333333,0.3,4.022890249842658e-05,False
SSI_1159775451,90,0.7277777777777777,0.22965636812946152,6.3631308200741846e-24,2867.5,0.65,0.7666666666666667,0.7666666666666667,3.2521189526027686e-23,False
SSI_1160571125,90,0.7277777777777777,0.21781454237209266,2.766099220884903e-25,3101.5,0.6166666666666667,0.7833333333333333,0.7833333333333333,2.023227663659227e-24,False
SSI_1079517253,90,0.4592592592592592,0.21694018836986528,4.119916803690272e-07,4729.0,0.4,0.43333333333333335,0.5444444444444445,4.2378765269117197e-07,False
SSI_1096253808,90,0.40555555555555556,0.2107433302953272,3.551918060001889e-05,2258.5,0.3333333333333333,0.45,0.43333333333333335,3.606540241306989e-05,False
SSI_1125242407,90,0.6444444444444445,0.20995533692701468,7.175161295228938e-19,4141.5,0.45,0.7,0.7833333333333333,1.4356199053435132e-18,False
SSI_1135546550,90,0.5148148148148147,0.21471393851358891,6.023815866166059e-10,5885.5,0.4666666666666667,0.6333333333333333,0.4444444444444445,6.593271577528531e-10,False
SSI_1138973319,90,0.6148148148148148,0.21471623134837906,5.165272716383319e-16,6994.0,0.5277777777777778,0.7,0.6166666666666667,7.684994668772502e-16,False
SSI_1144779321,90,0.6203703703703703,0.21728355723876602,1.5268980091117666e-16,3975.0,0.47777777777777775,0.6833333333333333,0.7,2.398850055472698e-16,False
SSI_1160023256,90,0.6796296296296296,0.21337275660446006,4.2968098394782114e-21,2776.0,0.5944444444444444,0.6666666666666666,0.7777777777777778,1.2452083556162836e-20,False
SSI_1160251250,90,0.6666666666666666,0.21882848955124837,1.2038442168671673e-19,3910.0,0.5166666666666667,0.8,0.6833333333333333,2.7332634031658827e-19,False
SSI_1163866066,90,0.5444444444444444,0.21667157265875434,1.2010336934360121e-11,4466.0,0.4166666666666667,0.5333333333333333,0.6833333333333333,1.3859826703184588e-11,False
SSI_1080044361,90,0.65,0.20373662105611345,1.6024214272960798e-19,3360.0,0.6166666666666667,0.5833333333333334,0.75,3.568564764707678e-19,False
SSI_1100639025,90,0.7138888888888889,0.21158440026016936,4.554896261713719e-24,2906.0,0.525,0.8166666666666667,0.8,2.398192148139357e-23,False
SSI_1122680385,90,0.5944444444444444,0.20378929724950864,2.816728183427061e-16,4203.0,0.5166666666666667,0.5833333333333334,0.6833333333333333,4.2981055291144976e-16,False
SSI_1125180133,90,0.4083333333333333,0.19942161135034142,3.5865620078181483e-06,3093.5,0.4583333333333333,0.43333333333333335,0.3333333333333333,3.6660966464852455e-06,False
SSI_1131858453,90,0.7111111111111111,0.2020619075508782,3.244870359606353e-25,4637.5,0.6833333333333333,0.6833333333333333,0.7666666666666667,2.3179000843620818e-24,False
SSI_1131986415,90,0.6777777777777778,0.20385112792298507,3.7310816177365855e-22,3830.5,0.5333333333333333,0.8,0.7,1.3281896032118932e-21,False
SSI_1131992873,90,0.6,0.20905249108070406,8.848083686536173e-16,6595.5,0.4666666666666667,0.55,0.7833333333333333,1.2982503571296019e-15,False
SSI_1132300071,90,0.6342592592592592,0.20277273269828555,8.802043662979062e-19,5043.0,0.6194444444444446,0.6833333333333333,0.6,1.7341445700530523e-18,False
SSI_1144498063,90,0.7,0.20856373794112204,1.8106262421752694e-23,5046.5,0.5666666666666667,0.7,0.8333333333333334,8.539304844853636e-23,False
SSI_1079358213,90,0.6703703703703704,0.19243109104206305,1.4248460142324294e-22,4777.5,0.5944444444444444,0.75,0.6666666666666666,5.58731751648447e-22,False
SSI_1079512750,90,0.7444444444444445,0.19137986843848848,9.970486724830277e-30,3903.0,0.7333333333333333,0.7166666666666667,0.7833333333333333,3.76397957267733e-28,False
SSI_1088760966,90,0.6925925925925926,0.1940852954772822,2.953857900344062e-24,5204.0,0.5611111111111111,0.8166666666666667,0.7,1.636343503523933e-23,False
SSI_1091881934,90,0.6925925925925925,0.19227802746074285,1.758458964894905e-24,3435.0,0.6833333333333333,0.7166666666666667,0.6777777777777777,1.0351603015031936e-23,False
SSI_1100646829,90,0.687037037037037,0.1950298844040366,3.8651655498743524e-24,3760.0,0.7277777777777777,0.65,0.6833333333333333,2.0662143191122633e-23,False
SSI_1131893584,90,0.7259259259259259,0.19568632637626568,4.94057370863e-27,7695.5,0.7666666666666667,0.7,0.711111111111111,6.286365401137026e-26,False
SSI_1131918037,90,0.7555555555555555,0.1959052162328657,3.447764698001128e-30,3967.5,0.75,0.8166666666666667,0.7,1.6846460525559816e-28,False
SSI_1131920388,90,0.7092592592592593,0.19569433443895173,5.117544277159353e-26,2976.0,0.6444444444444444,0.7666666666666667,0.7166666666666667,4.664985324291157e-25,False
SSI_1134646111,90,0.7370370370370372,0.19596093549008167,4.9277618078839e-28,5812.0,0.6833333333333333,0.8166666666666667,0.7111111111111111,8.983971713925648e-27,False
SSI_1150736629,90,0.46111111111111114,0.19187431151734752,3.217208795068267e-09,6031.5,0.4666666666666667,0.48333333333333334,0.43333333333333335,3.4532693701018345e-09,False
SSI_1079329940,90,0.6787037037037037,0.19498405721162293,3.388756264445251e-23,4000.5,0.575,0.7277777777777777,0.7333333333333333,1.52182565331613e-22,False
SSI_1079440606,90,0.5925925925925926,0.18908754785028195,5.920592711741292e-17,2941.0,0.3777777777777777,0.7333333333333333,0.6666666666666666,9.733518166072663e-17,False
SSI_1131687712,90,0.6787037037037037,0.19789598268370243,7.553192818335812e-23,2369.0,0.575,0.6944444444444444,0.7666666666666667,3.1488822619785643e-22,False
SSI_1131912147,90,0.3842592592592592,0.19731839062554266,2.1526773701302827e-05,3484.0,0.30833333333333335,0.26666666666666666,0.5777777777777777,2.186690567662487e-05,False
SSI_1132220859,90,0.5277777777777778,0.19818837391145142,1.8332913199583403e-12,3216.5,0.43333333333333335,0.5833333333333334,0.5666666666666667,2.198689589915673e-12,False
SSI_1145456309,90,0.6814814814814815,0.19345006222686184,2.2092231507149072e-23,3157.0,0.5666666666666667,0.7944444444444444,0.6833333333333333,1.0144985257888193e-22,False
SSI_1155532730,90,0.5722222222222222,0.20409491021022938,9.507264341915817e-15,3695.5,0.43333333333333335,0.6333333333333333,0.65,1.2932208678897739e-14,False
SSI_1156133733,90,0.5611111111111111,0.200358491463068,1.1949319391884343e-13,6532.5,0.36666666666666664,0.65,0.6666666666666666,1.525192647563921e-13,False
SSI_1159309550,90,0.7,0.20268409187389005,3.633493038775026e-24,3721.5,0.5,0.8166666666666667,0.7833333333333333,1.9724330934400753e-23,False
SSI_1162449422,90,0.662037037037037,0.1994566529467479,9.482466515740741e-22,2992.0,0.525,0.711111111111111,0.75,3.1178554102226957e-21,False
SSI_1080176800,90,0.7055555555555556,0.2047770707079903,6.990796532497162e-25,4417.5,0.65,0.6833333333333333,0.7833333333333333,4.6409010676333055e-24,False
SSI_1084486383,90,0.7,0.19919546787485573,1.3657799299146238e-24,6656.5,0.7166666666666667,0.7166666666666667,0.6666666666666666,8.270960515965313e-24,False
SSI_1089207979,90,0.75,0.20516269685925467,6.203244949293111e-29,2261.5,0.85,0.7166666666666667,0.6833333333333333,1.6653326825409968e-27,False
SSI_1102190420,90,0.75,0.2020755886937619,2.4053671027603056e-29,4634.0,0.75,0.7,0.8,7.438369407649907e-28,False
SSI_1120502475,89,0.6179775280898876,0.2014183266883367,1.3173221076163104e-17,2987.0,0.4827586206896552,0.6166666666666667,0.75,2.2905465543819546e-17,False
SSI_1129398485,90,0.7055555555555556,0.19784760977030855,9.629184532252695e-26,5372.5,0.7833333333333333,0.65,0.6833333333333333,8.056197880922375e-25,False
SSI_1131886214,90,0.7277777777777777,0.20214715548555667,3.196313847050026e-27,3772.0,0.6333333333333333,0.7833333333333333,0.7666666666666667,4.436701550195007e-26,False
SSI_1131976410,90,0.6333333333333333,0.2061903504699131,1.9874604719372806e-18,5168.5,0.48333333333333334,0.6666666666666666,0.75,3.760934107624149e-18,False
SSI_1132145259,90,0.7444444444444445,0.20172524016601476,2.5381804397494557e-28,2355.5,0.7666666666666667,0.7,0.7666666666666667,5.210735138073883e-27,False
SSI_1152203423,90,0.42777777777777776,0.19861345030836944,1.0986054881297758e-06,4795.0,0.5166666666666667,0.4166666666666667,0.35,1.1267393818224357e-06,False
SSI_1154024854,90,0.6611111111111111,0.2001347377620786,1.1338921030414326e-21,4280.0,0.5333333333333333,0.7333333333333333,0.7166666666666667,3.6738705672814585e-21,False
SSI_1079297443,90,0.5722222222222222,0.21398420169393287,7.018060262316306e-14,3588.0,0.5166666666666667,0.55,0.65,9.114896980775511e-14,False
SSI_1098873361,90,0.5314814814814814,0.2126387038604931,2.5656943013035085e-11,2842.5,0.4666666666666667,0.5277777777777778,0.6,2.919418340980192e-11,False
SSI_1131856661,90,0.49259259259259264,0.2093173472171224,3.6720845395586776e-09,7094.0,0.55,0.46111111111111114,0.4666666666666667,3.9259967309154706e-09,False
SSI_1131919964,90,0.6092592592592593,0.2127001636342241,3.354949414638434e-16,4355.0,0.5777777777777777,0.55,0.7,5.090771068299189e-16,False
SSI_1132243211,90,0.7,0.2113111946647083,3.7672126733772985e-23,3028.0,0.5833333333333334,0.6166666666666667,0.9,1.6702904829511326e-22,False
SSI_1132305585,90,0.5388888888888889,0.21544861504349136,4.1667522061659504e-11,9781.0,0.6166666666666667,0.5,0.5,4.7061376050223844e-11,False
SSI_1144575993,90,0.7425925925925926,0.21592951185210138,1.6172204613963308e-26,2839.0,0.6833333333333333,0.6944444444444445,0.85,1.7404711837846855e-25,False
SSI_1151676626,90,0.6814814814814815,0.21864089014590185,1.5726021990949003e-20,3088.0,0.5444444444444444,0.65,0.85,4.131039970310582e-20,False
SSI_1159063570,90,0.5703703703703703,0.21060191633783032,1.8139946367851622e-13,6812.5,0.42777777777777776,0.5833333333333334,0.7,2.291411012236893e-13,False
SSI_1160125136,90,0.6648148148148147,0.21689460984887185,7.598183987050037e-20,4867.5,0.6611111111111111,0.5666666666666667,0.7666666666666667,1.7900061215393673e-19,False
SSI_1085137348,90,0.7592592592592594,0.2264718734921661,2.860544026374262e-26,4177.0,0.6444444444444444,0.8,0.8333333333333334,2.8490777914594087e-25,False
SSI_1103699255,90,0.6037037037037036,0.2313152003819593,7.694411120279935e-14,4525.0,0.6777777777777777,0.55,0.5833333333333334,9.972120088511342e-14,False
SSI_1106241636,90,0.6611111111111111,0.23123394804908418,2.0602567291167584e-18,3722.5,0.5666666666666667,0.7833333333333333,0.6333333333333333,3.8956711990961614e-18,False
SSI_1111139063,90,0.6351851851851852,0.2309492234876647,4.602561891974184e-16,3697.0,0.5555555555555556,0.6666666666666666,0.6833333333333333,6.872896517171719e-16,False
SSI_1115986062,90,0.7166666666666667,0.22920567436148767,4.288546329084733e-22,2434.5,0.7,0.7333333333333333,0.7166666666666667,1.507470313950216e-21,False
SSI_1116661001,90,0.7925925925925927,0.22794387342742722,2.906134364710195e-29,4945.0,0.6777777777777777,0.85,0.85,8.874607816233758e-28,False
SSI_1131952264,90,0.7518518518518519,0.23200656593703942,1.265592294154515e-25,2426.0,0.6888888888888888,0.8666666666666667,0.7,1.023692120615175e-24,False
SSI_1132018550,90,0.7777777777777778,0.2277579262118559,3.3347741960304735e-28,3883.0,0.6666666666666666,0.7833333333333333,0.8833333333333333,6.465756635636862e-27,False
SSI_1132049268,90,0.5814814814814814,0.2303151113660204,1.4822573266650116e-12,5357.5,0.5111111111111112,0.6166666666666667,0.6166666666666667,1.7891080281831143e-12,False
SSI_1162327181,90,0.7,0.22837094762524693,2.8157484695036944e-21,6017.0,0.6666666666666666,0.7333333333333333,0.7,8.409380820290374e-21,False
SSI_1079368994,90,0.7666666666666667,0.2019595897983688,1.862819385835562e-30,3699.5,0.75,0.7333333333333333,0.8166666666666667,1.107636114010971e-28,False
SSI_1079634890,90,0.6777777777777778,0.20352065624977875,3.4194869884209714e-22,6436.0,0.65,0.65,0.7333333333333333,1.2248983449724974e-21,False
SSI_1081952281,90,0.6666666666666666,0.2073265175447381,7.237146272844856e-21,8487.0,0.55,0.65,0.8,1.9887905899392556e-20,False
SSI_1084202254,90,0.575925925925926,0.2026892001749298,7.083880851428219e-15,3765.5,0.43333333333333335,0.55,0.7444444444444446,9.74432484236438e-15,False
SSI_1106269542,90,0.6388888888888888,0.19322356049594017,1.1172764694800189e-20,5405.5,0.5666666666666667,0.6166666666666667,0.7333333333333333,2.983067120152662e-20,False
SSI_1131878746,90,0.6611111111111111,0.18196645818729157,7.256316274844613e-24,3071.5,0.55,0.7,0.7333333333333333,3.6702237390156086e-23,False
SSI_1132245191,90,0.5555555555555556,0.20983851193673395,7.590593299233834e-13,4305.5,0.4666666666666667,0.6666666666666666,0.5333333333333333,9.267276076975641e-13,False
SSI_1150622699,90,0.6537037037037037,0.2068018124184653,4.7399077721274927e-20,2268.0,0.55,0.6166666666666667,0.7944444444444444,1.1579594687307466e-19,False
SSI_1155656984,90,0.5425925925925925,0.21528874882365776,9.41256913312188e-12,3023.5,0.36666666666666664,0.45,0.8111111111111112,1.0908399616801115e-11,False
SSI_1160265266,90,0.6064814814814814,0.20841789426052876,1.3186901809844442e-16,4614.0,0.4666666666666667,0.525,0.8277777777777777,2.0905646412362083e-16,False
SSI_1162030087,90,0.6583333333333333,0.21344903129416024,2.375991504251505e-19,9089.0,0.5833333333333334,0.625,0.7666666666666667,5.141317311679741e-19,False
SSI_1079192684,90,0.7259259259259259,0.19141080484907586,1.3382945022759967e-27,4633.0,0.7277777777777777,0.6833333333333333,0.7666666666666667,2.1077685455555848e-26,False
SSI_1079484231,90,0.65,0.20217889270241265,1.091310659109798e-19,7073.0,0.48333333333333334,0.8333333333333334,0.6333333333333333,2.4986616121886004e-19,False
SSI_1081888785,90,0.7555555555555555,0.1990417889371396,9.332568420872499e-30,3414.5,0.6833333333333333,0.75,0.8333333333333334,3.6773330084179863e-28,False
SSI_1099624885,90,0.65,0.20626748075788978,2.9688535112474756e-19,8147.5,0.55,0.7333333333333333,0.6666666666666666,6.356625002609626e-19,False
SSI_1123782572,90,0.6388888888888888,0.19491825201019233,1.7361766763943203e-20,5581.0,0.5,0.7,0.7166666666666667,4.5314953209736373e-20,False
SSI_1126305136,90,0.75,0.19689215516692005,4.7253554810183905e-30,4826.0,0.6666666666666666,0.8666666666666667,0.7166666666666667,2.031570510799484e-28,False
SSI_1131919433,90,0.7814814814814814,0.19931187981769266,5.962325615094632e-32,4788.0,0.6611111111111111,0.9,0.7833333333333333,6.333026729424428e-30,False
SSI_1151413649,90,0.6981481481481482,0.18782027614497596,4.880031590222365e-26,2640.5,0.5944444444444444,0.75,0.75,4.465137518694096e-25,False
SSI_1162018667,90,0.6833333333333333,0.2024051246880649,3.000265089539917e-23,2898.0,0.43333333333333335,0.8166666666666667,0.8,1.354833200322739e-22,False
SSI_1162775037,90,0.6592592592592593,0.2017926174765937,1.3496357205183777e-20,6072.0,0.5444444444444444,0.8,0.6333333333333333,3.5760955154299315e-20,False
SSI_1079382279,90,0.5018518518518519,0.20698861101754326,6.72100327330162e-10,2884.0,0.5277777777777778,0.6,0.3777777777777778,7.339924450905613e-10,False
SSI_1082542662,90,0.6462962962962963,0.21877945491899048,5.50342543996697e-18,2306.0,0.5611111111111112,0.7,0.6777777777777777,9.92974028791677e-18,False
SSI_1106241525,90,0.6388888888888888,0.21666884148790141,3.411976444406075e-18,4085.0,0.5,0.7666666666666667,0.65,6.300422111628149e-18,False
SSI_1106444241,90,0.6703703703703704,0.20803233133081192,8.645522656985403e-21,3461.5,0.5666666666666667,0.7666666666666667,0.6777777777777777,2.3363951162627588e-20,False
SSI_1131506601,90,0.4888888888888889,0.21548171784577386,9.311544406586971e-09,6265.5,0.3333333333333333,0.5333333333333333,0.6,9.847663629996524e-09,False
SSI_1132011516,90,0.6,0.2108251979845982,1.2904819360287e-15,7741.5,0.5166666666666667,0.7,0.5833333333333334,1.8698976095599725e-15,False
SSI_1154979218,90,0.7194444444444444,0.2114092091372164,4.629289806743336e-25,8711.5,0.6777777777777777,0.775,0.7055555555555555,3.1767851117623515e-24,False
SSI_1161313564,90,0.6685185185185186,0.21718040496182936,8.135422476780051e-20,3472.5,0.5611111111111112,0.7666666666666667,0.6777777777777777,1.9000800297106755e-19,False
SSI_1162146797,90,0.575925925925926,0.21570062456145322,9.808773834914594e-14,7980.5,0.45,0.6333333333333333,0.6444444444444444,1.2612018146682293e-13,False
SSI_1163008046,90,0.6648148148148147,0.22042003721810358,1.751731101596832e-19,6938.0,0.55,0.7666666666666667,0.6777777777777777,3.8904355283646005e-19,False
SSI_1079265305,90,0.6981481481481482,0.2018102689326618,2.8488999160294806e-24,8702.0,0.7333333333333333,0.7277777777777777,0.6333333333333333,1.585390089945335e-23,False
SSI_1107885939,90,0.6277777777777778,0.20301152048327561,6.185523742335517e-18,5163.5,0.5166666666666667,0.6333333333333333,0.7333333333333333,1.111937785321977e-17,False
SSI_1113848547,90,0.7333333333333333,0.20185590646043292,2.931222954159101e-27,4322.5,0.65,0.8,0.75,4.091987244006105e-26,False
SSI_1123925523,90,0.7314814814814814,0.19970071762357114,1.5378169905162343e-27,6765.0,0.6833333333333333,0.7944444444444444,0.7166666666666667,2.3334701290876772e-26,False
SSI_1131853088,90,0.7092592592592593,0.198786609912262,1.2654538823532958e-25,6970.5,0.8,0.6777777777777777,0.65,1.023692120615175e-24,False
SSI_1131890931,90,0.6203703703703703,0.1980731926814062,1.9114295180128314e-18,4908.5,0.6166666666666667,0.6777777777777777,0.5666666666666667,3.625483161883033e-18,False
SSI_1131926323,90,0.6148148148148148,0.19668580846534836,8.995577619292692e-18,4625.0,0.6166666666666667,0.5444444444444444,0.6833333333333333,1.5890235809061493e-17,False
SSI_1131949211,90,0.6518518518518518,0.19977910391295864,8.060792138794466e-21,5891.0,0.5,0.7388888888888888,0.7166666666666667,2.1929304226141296e-20,False
SSI_1131981749,90,0.8,0.20265371181292086,8.366603270393637e-34,3351.0,0.8,0.85,0.75,2.3982012403285633e-31,False
SSI_1132238568,90,0.7453703703703703,0.2131422887751238,7.335895855598178e-27,2260.5,0.6416666666666667,0.8333333333333334,0.7611111111111112,8.916215709067835e-26,False
SSI_1132845076,90,0.7111111111111111,0.19577621898730208,5.242806423227604e-26,2942.0,0.5666666666666667,0.7833333333333333,0.7833333333333333,4.7614037516524305e-25,False
SSI_1074876892,90,0.7277777777777777,0.1850147736112249,1.5248273392288163e-29,8374.0,0.6,0.8,0.7833333333333333,5.1325739845197005e-28,False
SSI_1093961521,90,0.6388888888888888,0.18621246789609816,1.716315020391571e-21,3491.5,0.6166666666666667,0.65,0.65,5.334551647349374e-21,False
SSI_1098374739,90,0.5666666666666667,0.19174933516220627,3.7123775005181896e-15,5388.5,0.5166666666666667,0.5333333333333333,0.65,5.200308620278634e-15,False
SSI_1130725535,90,0.6944444444444444,0.19128501082858665,1.319254651731029e-24,2437.0,0.6333333333333333,0.8333333333333334,0.6166666666666667,8.037254648825197e-24,False
SSI_1131886659,90,0.7388888888888889,0.19630758344991384,5.48157316187349e-28,3570.5,0.6666666666666666,0.7666666666666667,0.7833333333333333,9.846678848865395e-27,False
SSI_1132029735,90,0.6611111111111111,0.19446515582341262,2.4868501741923716e-22,2772.5,0.48333333333333334,0.7666666666666667,0.7333333333333333,9.14966110775898e-22,False
SSI_1132308075,90,0.6666666666666666,0.1917965490138956,1.1959202527643981e-22,3047.5,0.55,0.7333333333333333,0.7166666666666667,4.735223950572811e-22,False
SSI_1156073964,90,0.6944444444444444,0.193081514322968,2.2160358830384615e-24,3482.0,0.6333333333333333,0.65,0.8,1.2708393573387234e-23,False
SSI_1156144617,90,0.7055555555555556,0.19207404103027856,1.7366090701189224e-26,2866.0,0.5833333333333334,0.6833333333333333,0.85,1.8514035624848794e-25,False
SSI_1160269395,90,0.7222222222222222,0.19489989247279196,3.894875162052282e-27,4266.0,0.65,0.7,0.8166666666666667,5.199551923985642e-26,False
SSI_1079300860,90,0.6611111111111111,0.1981903717123531,6.777703196383597e-22,6512.0,0.6666666666666666,0.6833333333333333,0.6333333333333333,2.2960708014155616e-21,False
SSI_1090140266,90,0.6194444444444445,0.19522194303586834,9.54582400237385e-19,4581.5,0.5916666666666667,0.5666666666666667,0.7,1.871625043162064e-18,False
SSI_1092379304,90,0.6333333333333333,0.19272036755490415,7.262425772226895e-20,6078.5,0.6166666666666667,0.65,0.6333333333333333,1.7175320582333305e-19,False
SSI_1131916265,90,0.6555555555555556,0.1932826347099446,1.4642448575432061e-21,3178.5,0.6833333333333333,0.65,0.6333333333333333,4.615677660616842e-21,False
SSI_1132022471,90,0.6,0.2018162539058272,1.8165226236773499e-16,4459.5,0.48333333333333334,0.8,0.5166666666666667,2.82840329486537e-16,False
SSI_1132169730,90,0.5222222222222223,0.19801476754195638,8.112922714657654e-12,4383.0,0.4166666666666667,0.6666666666666666,0.48333333333333334,9.447030596715276e-12,False
SSI_1160452781,90,0.6,0.20407599432321083,3.000787355239648e-16,3663.5,0.5,0.65,0.65,4.576107059207529e-16,False
SSI_1161058292,90,0.6675925925925926,0.20534895596779373,4.380597586079023e-21,5161.0,0.6083333333333333,0.7944444444444445,0.6,1.2642463508065317e-20,False
SSI_1162867466,90,0.6805555555555556,0.20441362267559657,4.326482224712925e-22,4760.0,0.49166666666666664,0.8166666666666667,0.7333333333333333,1.5164413306992362e-21,False
SSI_1083561540,90,0.6083333333333333,0.19683572361360205,9.32104161041194e-18,4781.0,0.525,0.7,0.6,1.64176673786852e-17,False
SSI_1087465447,90,0.6574074074074073,0.21016863799881383,1.0806253164703747e-19,5573.0,0.5333333333333333,0.6611111111111111,0.7777777777777778,2.4765174935620317e-19,False
SSI_1112320522,90,0.5944444444444444,0.21432183004631863,2.6853365811905514e-15,3682.5,0.5333333333333333,0.6333333333333333,0.6166666666666667,3.8074737480258366e-15,False
SSI_1132210769,90,0.4666666666666667,0.20651374975933665,3.0354255099860447e-08,2366.5,0.35,0.4166666666666667,0.6333333333333333,3.170390987984569e-08,False
SSI_1148790651,90,0.637962962962963,0.20002359006676532,4.516301049682957e-19,2075.0,0.575,0.6611111111111111,0.6777777777777777,9.390062522872735e-19,False
SSI_1151734887,89,0.6582397003745318,0.2076109625106395,2.502861386650969e-20,3426.0,0.6293103448275862,0.611111111111111,0.7333333333333333,6.382557794977366e-20,False
SSI_1153657444,90,0.6481481481481481,0.2046618894779451,2.009779111219996e-19,4566.5,0.4666666666666667,0.7444444444444444,0.7333333333333333,4.391672959490564e-19,False
SSI_1159067353,90,0.5222222222222223,0.2037576864757477,2.306323578348936e-11,5354.5,0.35,0.6166666666666667,0.6,2.6291873550660062e-11,False
SSI_1161706765,90,0.5314814814814816,0.20974548353694042,1.5429289331820784e-11,3187.5,0.26666666666666666,0.75,0.5777777777777777,1.7713230186860045e-11,False
SSI_1161988179,90,0.5620370370370371,0.19938787211781392,1.8994298576589696e-14,6777.5,0.49166666666666664,0.5833333333333334,0.611111111111111,2.539850652578469e-14,False
SSI_1162734986,90,0.537037037037037,0.21238901246594044,2.4564427063830982e-11,3805.5,0.35,0.5777777777777777,0.6833333333333333,2.797710737386438e-11,False
SSI_1079369113,90,0.7222222222222222,0.20882094848506,2.2521795243561283e-25,6553.0,0.7833333333333333,0.6666666666666666,0.7166666666666667,1.672363093617636e-24,False
SSI_1105856489,90,0.6222222222222222,0.21343688011272655,6.605267794308852e-17,4660.0,0.55,0.6,0.7166666666666667,1.080098341465631e-16,False
SSI_1106419149,90,0.7,0.2075496896074903,1.3777231854905227e-23,3921.5,0.7,0.65,0.75,6.564940382436284e-23,False
SSI_1131532485,90,0.75,0.19590534267596074,3.447904323692144e-30,3424.0,0.6833333333333333,0.7,0.8666666666666667,1.6846460525559816e-28,False
SSI_1131882873,90,0.7111111111111111,0.21199224246323287,5.084949126242462e-24,7099.5,0.75,0.7333333333333333,0.65,2.643091641576667e-23,False
SSI_1131995665,90,0.6111111111111112,0.19662472802090258,8.866169754918382e-18,3894.5,0.7166666666666667,0.5166666666666667,0.6,1.568432491764345e-17,False
SSI_1149949024,90,0.55,0.2110133958872613,9.472338988725391e-13,2822.0,0.48333333333333334,0.45,0.7166666666666667,1.1518628247613803e-12,False
SSI_1149958787,90,0.6666666666666666,0.19596643997948587,3.7350235669528063e-22,2807.0,0.7,0.5833333333333334,0.7166666666666667,1.3281896032118932e-21,False
SSI_1159986899,90,0.7111111111111111,0.21034218536153115,3.2524292217806052e-24,3108.5,0.7,0.6333333333333333,0.8,1.7936082593250605e-23,False
SSI_1079469521,90,0.5981481481481481,0.2025873123289436,2.1575660960484988e-16,4226.5,0.6166666666666667,0.5444444444444445,0.6333333333333333,3.3297119220761107e-16,False
SSI_1087405337,90,0.5703703703703704,0.19551996941088642,8.395040630255453e-15,5247.5,0.7333333333333333,0.5444444444444444,0.43333333333333335,1.1457588971907303e-14,False
SSI_1095726249,90,0.5888888888888889,0.20287837590419455,1.3321814774778606e-15,5515.5,0.6333333333333333,0.5166666666666667,0.6166666666666667,1.9291756665550763e-15,False
SSI_1125820157,90,0.6851851851851851,0.19555877901152519,4.490261394474564e-24,10510.5,0.7666666666666667,0.7222222222222221,0.5666666666666667,2.3743957979873076e-23,False
SSI_1132067284,90,0.6925925925925926,0.19983883563105725,1.485186830840738e-23,7344.0,0.6666666666666666,0.6944444444444444,0.7166666666666667,7.045264908240628e-23,False
SSI_1141756722,90,0.5509259259259258,0.20382418711420103,2.3798091193362183e-13,7864.5,0.425,0.6111111111111112,0.6166666666666667,2.9906757605650106e-13,False
SSI_1154276854,90,0.6870370370370371,0.1990376416036221,1.189908581469538e-23,3774.0,0.7666666666666667,0.6444444444444444,0.65,5.767751318512066e-23,False
SSI_1155071499,90,0.6694444444444444,0.19358098983700975,1.9537637134948023e-22,2757.5,0.7416666666666667,0.5833333333333334,0.6833333333333333,7.365809802573769e-22,False
SSI_1159974970,90,0.65,0.20091921601234894,7.978327468564061e-20,1880.0,0.5666666666666667,0.7,0.6833333333333333,1.8705426109119004e-19,False
SSI_1161721626,90,0.4925925925925925,0.20148056434756545,1.0606476228440918e-09,5862.5,0.31666666666666665,0.5277777777777778,0.6333333333333333,1.1531651725002742e-09,False
SSI_1110910767,90,0.6388888888888888,0.1976184948820893,3.4719610800907e-20,5540.5,0.55,0.6166666666666667,0.75,8.681679548271832e-20,False
SSI_1111594166,90,0.6092592592592593,0.2012137862761025,2.5941277699783976e-17,3172.0,0.5833333333333334,0.6944444444444444,0.55,4.401009820873073e-17,False
SSI_1125953518,90,0.7055555555555556,0.20633388867140678,1.079896059193379e-24,3304.0,0.7166666666666667,0.65,0.75,6.712941660583779e-24,False
SSI_1127183629,90,0.6555555555555556,0.20305795038777572,1.8600806093323245e-20,4226.5,0.6333333333333333,0.5666666666666667,0.7666666666666667,4.8393790506910214e-20,False
SSI_1131863262,90,0.6222222222222222,0.20077289606276433,3.648110551639277e-18,3890.5,0.5666666666666667,0.5666666666666667,0.7333333333333333,6.7110949379930374e-18,False
SSI_1132205999,90,0.6101851851851852,0.2061470521394003,7.958924049470751e-17,4093.5,0.3888888888888889,0.725,0.7166666666666667,1.2919369736117637e-16,False
SSI_1140970019,90,0.55,0.2003801385209395,1.200142597027991e-13,7881.5,0.5166666666666667,0.38333333333333336,0.75,1.531043532396544e-13,False
SSI_1148255539,90,0.5814814814814815,0.20317690805159283,7.847536684536062e-15,2428.5,0.4444444444444444,0.65,0.65,1.0728333587197312e-14,False
SSI_1148644518,90,0.7027777777777777,0.20015882517168443,1.7929709198138128e-24,3517.5,0.7,0.5583333333333333,0.85,1.0529394127656597e-23,False
SSI_1156113746,90,0.40925925925925927,0.2020217239352733,4.914874666129201e-06,12635.0,0.5444444444444444,0.23333333333333334,0.45,5.015471516020734e-06,False
SSI_1162757067,90,0.7416666666666667,0.205751167238358,8.511899587968436e-28,2955.5,0.6888888888888888,0.7194444444444444,0.8166666666666667,1.4341083236832337e-26,False
SSI_1079207336,90,0.6666666666666666,0.21760310422856055,8.998656612094776e-20,4798.0,0.5333333333333333,0.5666666666666667,0.9,2.0877225169370881e-19,False
SSI_1080430965,90,0.5222222222222223,0.21715395306634622,2.2719881968455299e-10,2468.5,0.38333333333333336,0.4166666666666667,0.7666666666666667,2.520648122113365e-10,False
SSI_1131888860,90,0.5638888888888889,0.2151911642576728,4.368128093512721e-13,8686.0,0.375,0.6,0.7166666666666667,5.403208573393205e-13,False
SSI_1131971752,90,0.5722222222222222,0.21972120309087617,2.1200920678061866e-13,3874.5,0.4166666666666667,0.6666666666666666,0.6333333333333333,2.6739209714251496e-13,False
SSI_1145970511,90,0.7083333333333334,0.2154947288402538,1.2958141374551637e-23,4679.5,0.5916666666666667,0.6166666666666667,0.9166666666666666,6.224331564023925e-23,False
SSI_1146345727,90,0.6055555555555555,0.2188836946065445,6.829888220552467e-15,3364.0,0.31666666666666665,0.6833333333333333,0.8166666666666667,9.421466359576328e-15,False
SSI_1150706452,90,0.46111111111111114,0.22215844432508217,2.6055597116369197e-07,5255.5,0.3333333333333333,0.5666666666666667,0.48333333333333334,2.6858153483244703e-07,False
SSI_1156804568,90,0.6888888888888889,0.22038803868551785,3.147873544945566e-21,2335.0,0.5333333333333333,0.7666666666666667,0.7666666666666667,9.34417383997815e-21,False
SSI_1161318856,90,0.5166666666666667,0.2218425136078059,1.8377302031614157e-09,3730.0,0.45,0.6,0.5,1.983904059356314e-09,False
SSI_1162783802,90,0.7175925925925926,0.22002185526750134,4.742896360325338e-24,6437.5,0.6361111111111111,0.7333333333333333,0.7833333333333333,2.470553477244094e-23,False
SSI_1106432885,90,0.587037037037037,0.21273387336336272,1.0521228873018302e-14,7303.0,0.65,0.6444444444444445,0.4666666666666667,1.4295529553272364e-14,False
SSI_1118861053,90,0.7611111111111111,0.21692772108069394,1.993878310393031e-27,2700.5,0.7,0.85,0.7333333333333333,2.882274977686494e-26,False
SSI_1124611258,90,0.6777777777777778,0.2137065157981375,4.670155392053802e-21,3633.0,0.5333333333333333,0.7666666666666667,0.7333333333333333,1.3359706818252268e-20,False
SSI_1131948523,90,0.6611111111111111,0.2160815386000423,6.252341472622321e-20,4020.5,0.6666666666666666,0.6666666666666666,0.65,1.503392737954363e-19,False
SSI_1135268433,90,0.6425925925925925,0.20813867840328334,4.656587119198581e-19,2574.0,0.55,0.7444444444444446,0.6333333333333333,9.632550662321874e-19,False
SSI_1152933749,90,0.6777777777777778,0.21612447867511916,8.501560788783238e-21,2812.5,0.6166666666666667,0.7,0.7166666666666667,2.3000346630118992e-20,False
SSI_1158713968,90,0.7666666666666667,0.21615887119697103,1.3986396515767013e-28,4706.0,0.6333333333333333,0.8166666666666667,0.85,3.2014705728093046e-27,False
SSI_1159961537,90,0.7092592592592593,0.21326506080564148,7.158316786365188e-24,4062.5,0.7,0.8277777777777778,0.6,3.628167615993808e-23,False
SSI_1160117534,90,0.6166666666666667,0.21857712067830143,2.015527914632676e-16,3265.5,0.6,0.6,0.65,3.122342863314919e-16,False
SSI_1160451100,90,0.6203703703703703,0.21814758505489826,1.8384380906442936e-16,4012.5,0.65,0.47777777777777775,0.7333333333333333,2.8588824032106996e-16,False
SSI_1084279197,90,0.28888888888888886,0.21917448843652604,0.07378907279275157,3437.5,0.25,0.2833333333333333,0.3333333333333333,0.07403150095798443,True
SSI_1093850436,90,0.6685185185185186,0.21621729633642092,6.459605195372949e-20,7570.5,0.7277777777777779,0.65,0.6277777777777779,1.543291944559564e-19,False
SSI_1115958821,90,0.6703703703703703,0.2046978161760169,3.7085097203523665e-21,3570.5,0.6666666666666666,0.5777777777777777,0.7666666666666667,1.0876217583218286e-20,False
SSI_1131975475,90,0.6425925925925926,0.2128104894494196,1.4027925872706363e-18,5312.5,0.6611111111111112,0.6166666666666667,0.65,2.6920834962310796e-18,False
SSI_1132293454,90,0.6592592592592593,0.22038078928140195,1.19803705916935e-18,2359.5,0.6166666666666667,0.6444444444444444,0.7166666666666667,2.324705747061733e-18,False
SSI_1134733929,90,0.587037037037037,0.21287312935870426,1.0823467775932206e-14,6361.0,0.5833333333333334,0.5944444444444444,0.5833333333333334,1.46816944900624e-14,False
SSI_1143438852,90,0.5277777777777778,0.20612588135052018,8.056192629032637e-12,2944.5,0.6611111111111111,0.5111111111111111,0.4111111111111111,9.385445203970784e-12,False
SSI_1146847519,90,0.6203703703703703,0.2174505885673188,1.5828148395952896e-16,4456.0,0.6333333333333333,0.5333333333333333,0.6944444444444445,2.480318571604421e-16,False
SSI_1157438187,90,0.4666666666666667,0.22370261797899432,3.1808974597375743e-07,5138.5,0.4,0.5333333333333333,0.4666666666666667,3.274729243210659e-07,False
SSI_1160209609,90,0.5333333333333333,0.226309697578463,2.507687161170356e-10,3226.0,0.45,0.5833333333333334,0.5666666666666667,2.778358156344299e-10,False
SSI_1163323107,90,0.6722222222222223,0.21344994589921443,3.306546433022601e-20,5540.0,0.6111111111111112,0.711111111111111,0.6944444444444445,8.293524574819522e-20,False
SSI_1079195728,90,0.5777777777777777,0.21238039747639814,5.1166019102203085e-14,4774.0,0.5666666666666667,0.6,0.5666666666666667,6.70593265379196e-14,False
SSI_1089345728,90,0.6833333333333333,0.2151142742115767,8.432690671394777e-22,2484.5,0.6833333333333333,0.7,0.6666666666666666,2.795259607899246e-21,False
SSI_1108773053,90,0.7814814814814814,0.20405855360563444,2.755844172401755e-31,3070.0,0.75,0.7777777777777778,0.8166666666666667,2.4935286345101806e-29,False
SSI_1114459504,90,0.6,0.20970013261351808,1.0160894130915262e-15,7172.5,0.43333333333333335,0.75,0.6166666666666667,1.4828592808737147e-15,False
SSI_1120259493,90,0.6555555555555556,0.21025043825176742,1.102263079552747e-19,6640.0,0.6666666666666666,0.6166666666666667,0.6833333333333333,2.52137519040015e-19,False
SSI_1129624999,90,0.7166666666666667,0.20642983369192597,1.1090919459863954e-24,5219.0,0.65,0.75,0.75,6.842201070820111e-24,False
SSI_1131899069,90,0.6666666666666666,0.20524571939546038,4.2666111437755486e-21,2789.5,0.55,0.7333333333333333,0.7166666666666667,1.2402867231690436e-20,False
SSI_1132219580,90,0.6722222222222223,0.20712178088524327,6.8724034117412e-21,5593.5,0.7,0.6666666666666666,0.65,1.8970939587439267e-20,False
SSI_1158172591,90,0.6944444444444444,0.20707595790759944,1.0510696987197785e-22,4071.0,0.5333333333333333,0.7833333333333333,0.7666666666666667,4.223294858507268e-22,False
SSI_1162678172,90,0.6944444444444444,0.2064925494670677,9.003424651171167e-23,3515.5,0.5666666666666667,0.6833333333333333,0.8333333333333334,3.6781549202025353e-22,False
SSI_1079206947,90,0.7759259259259259,0.22322244611079586,9.150409251751068e-29,5072.5,0.7166666666666667,0.7444444444444444,0.8666666666666667,2.304582453817305e-27,False
SSI_1079265607,90,0.7,0.22071001338273719,4.258295919996633e-22,6022.0,0.5666666666666667,0.6666666666666666,0.8666666666666667,1.4989937943158177e-21,False
SSI_1098842155,90,0.7222222222222222,0.2136211582794433,8.50130915459534e-25,4986.0,0.6333333333333333,0.7166666666666667,0.8166666666666667,5.451101906739216e-24,False
SSI_1130410003,90,0.7666666666666667,0.21784413005633294,2.2865748089511206e-28,3094.0,0.65,0.8333333333333334,0.8166666666666667,4.8156053950582654e-27,False
SSI_1131888290,90,0.5944444444444444,0.20851402051615087,7.883440737870873e-16,3965.0,0.7166666666666667,0.4666666666666667,0.6,1.1594970332702313e-15,False
SSI_1131920977,90,0.6444444444444445,0.21548932972009546,2.605522875253215e-18,3636.0,0.4,0.8,0.7333333333333333,4.859001820033286e-18,False
SSI_1155189887,90,0.7203703703703703,0.2150203859987369,1.2441109905384945e-24,5750.5,0.7166666666666667,0.6944444444444444,0.75,7.598407874713856e-24,False
SSI_1158051164,90,0.487037037037037,0.2157206110000098,9.645846590408856e-09,2160.5,0.3,0.42777777777777776,0.7333333333333333,1.019238893614569e-08,False
SSI_1161772578,90,0.8222222222222222,0.22233956141442282,1.9536238724884207e-33,3125.5,0.7166666666666667,0.8833333333333333,0.8666666666666667,4.772703120489212e-31,False
SSI_1163294253,90,0.5777777777777777,0.21829775730411183,1.6172160634284859e-13,4507.5,0.4666666666666667,0.5833333333333334,0.6833333333333333,2.0470771207024823e-13,False
SSI_1079208534,90,0.5611111111111111,0.19557504802308748,4.4995836290846455e-14,4170.5,0.6,0.65,0.43333333333333335,5.925866741700155e-14,False
SSI_1079510637,90,0.5277777777777778,0.18173638233155,6.543096068737633e-14,8593.0,0.5,0.65,0.43333333333333335,8.516134094792775e-14,False
SSI_1082422008,90,0.5888888888888889,0.1851991529324177,2.3384321344414074e-17,3541.0,0.5833333333333334,0.5833333333333334,0.6,3.986594350621324e-17,False
SSI_1084754484,90,0.3861111111111111,0.1851377605950041,5.083270685799654e-06,5054.0,0.4083333333333333,0.45,0.3,5.185148344638227e-06,False
SSI_1089172795,90,0.48055555555555557,0.18633435903972032,3.248242910881753e-10,6674.0,0.4083333333333333,0.5666666666666667,0.4666666666666667,3.589080701621041e-10,False
SSI_1106271006,90,0.6888888888888889,0.183806508683606,1.432230327348798e-25,3993.0,0.65,0.7,0.7166666666666667,1.1434440162461155e-24,False
SSI_1134700219,90,0.6527777777777778,0.18503551027881213,1.5207852614893567e-22,4677.0,0.6083333333333333,0.65,0.7,5.93494951089217e-22,False
SSI_1159345080,90,0.5861111111111111,0.19271135216222748,1.3780763651752543e-16,4236.5,0.5583333333333333,0.65,0.55,2.1748324031803272e-16,False
SSI_1159613080,90,0.6166666666666667,0.19371117564766682,6.574658208999861e-19,5434.5,0.5333333333333333,0.6833333333333333,0.6333333333333333,1.3274289259988976e-18,False
SSI_1163338032,90,0.6,0.19769284342197502,7.137350941469227e-17,5180.0,0.5333333333333333,0.6166666666666667,0.65,1.1632120313548583e-16,False
SSI_1079386743,90,0.6722222222222223,0.2086425878551913,1.0076516743457292e-20,6125.5,0.5166666666666667,0.65,0.85,2.7081331577850568e-20,False
SSI_1085276290,90,0.6944444444444444,0.20863168846039856,1.5842365394285064e-22,4820.5,0.65,0.6166666666666667,0.8166666666666667,6.162881951948792e-22,False
SSI_1095463888,90,0.5583333333333333,0.20836725380096377,5.738807361748784e-13,3220.0,0.5916666666666667,0.5333333333333333,0.55,7.04872115874926e-13,False
SSI_1109236853,90,0.6833333333333333,0.21391716156494062,6.220366018751945e-22,4634.0,0.5166666666666667,0.7,0.8333333333333334,2.113540220279694e-21,False
SSI_1131923601,90,0.7138888888888889,0.21079490221902575,3.6781542556608686e-24,13271.5,0.675,0.6666666666666666,0.8,1.9836050433950333e-23,False
SSI_1132276165,90,0.6722222222222223,0.21613563095610197,6.334134682166132e-20,5555.0,0.6333333333333333,0.6333333333333333,0.75,1.521562539678649e-19,False
SSI_1133288213,90,0.6555555555555556,0.2122025679075286,1.7643233998257342e-19,4031.0,0.6666666666666666,0.4666666666666667,0.8333333333333334,3.9148429298585544e-19,False
SSI_1148880784,90,0.6555555555555556,0.217483851530855,6.1393846393412725e-19,5224.5,0.5,0.7666666666666667,0.7,1.2454340193991463e-18,False
SSI_1155435533,90,0.7277777777777777,0.2128088372596443,6.927218246705951e-26,2507.5,0.65,0.6833333333333333,0.85,6.043997920250942e-25,False
SSI_1157908853,90,0.6833333333333333,0.21377281412763874,5.995463042220049e-22,2747.0,0.5666666666666667,0.65,0.8333333333333334,2.048519749950151e-21,False
SSI_1159328242,90,0.725,0.21203902640839906,5.508028596091092e-25,5895.0,0.625,0.6666666666666666,0.8833333333333333,3.706918418801801e-24,False
SSI_1102054347,90,0.5611111111111111,0.2043000009103903,2.612772476511435e-13,7345.5,0.4166666666666667,0.5833333333333334,0.6833333333333333,3.271657180993047e-13,False
SSI_1127294191,90,0.5833333333333334,0.1982858362491111,2.7706649383754086e-15,3446.5,0.49166666666666664,0.5833333333333334,0.675,3.91935984044651e-15,False
SSI_1131858020,90,0.6027777777777777,0.19683659607095785,5.861073423008216e-17,6120.0,0.4,0.7166666666666667,0.6916666666666667,9.642156479736748e-17,False
SSI_1131897662,90,0.6,0.21727842364910724,4.931646817278674e-15,3805.5,0.43333333333333335,0.6,0.7666666666666667,6.857150355499032e-15,False
SSI_1132216218,90,0.525,0.19766649268096792,7.604845319353765e-12,5751.0,0.2916666666666667,0.7,0.5833333333333334,8.868084541852625e-12,False
SSI_1145625573,90,0.4888888888888889,0.20006496646223354,8.412933238665022e-10,2084.5,0.36666666666666664,0.48333333333333334,0.6166666666666667,9.1712610004724e-10,False
SSI_1149348540,90,0.7120370370370371,0.20538768970257554,8.29459116963071e-25,3117.0,0.5611111111111111,0.8,0.775,5.332549007212585e-24,False
SSI_1156952500,90,0.5527777777777778,0.1975759088476786,6.795340617395101e-14,5917.0,0.375,0.8,0.48333333333333334,8.835027742573833e-14,False
SSI_1159848399,90,0.6203703703703703,0.20571843955059094,1.1602853234346834e-17,5632.5,0.5611111111111112,0.6,0.7,2.027594452897662e-17,False
SSI_1089824930,90,0.5777777777777777,0.19854438708985656,2.9297984269004238e-15,2764.0,0.5833333333333334,0.6666666666666666,0.48333333333333334,4.13728182480794e-15,False
SSI_1118025961,90,0.600925925925926,0.20460049714053158,3.3682415653861606e-16,4867.0,0.5833333333333334,0.6333333333333333,0.586111111111111,5.1077679355918e-16,False
SSI_1122194956,90,0.65,0.20245832351291962,1.169466270226127e-19,2952.0,0.5833333333333334,0.6,0.7666666666666667,2.662633828669551e-19,False
SSI_1126716735,90,0.46111111111111114,0.20604261435766405,2.834293664689868e-08,3743.0,0.4666666666666667,0.43333333333333335,0.48333333333333334,2.9615823023256406e-08,False
SSI_1131963863,90,0.6666666666666666,0.20775295952708264,8.058644574709212e-21,5895.0,0.5333333333333333,0.7333333333333333,0.7333333333333333,2.1929304226141296e-20,False
SSI_1131997670,90,0.6648148148148149,0.19983417409562002,1.0475891845748117e-21,4042.0,0.7166666666666667,0.6666666666666666,0.611111111111111,3.41234717055502e-21,False
SSI_1132248447,90,0.5694444444444444,0.20506360340566895,6.071608364722678e-14,2822.5,0.6833333333333333,0.375,0.65,7.915122323915422e-14,False
SSI_1151881867,90,0.42777777777777776,0.2175358617906163,1.0672687585798272e-05,4893.0,0.38333333333333336,0.4166666666666667,0.48333333333333334,1.0854860854331882e-05,False
SSI_1159621900,90,0.7231481481481481,0.20820458054442018,1.8942387334848437e-25,3416.0,0.6,0.8083333333333333,0.7611111111111111,1.4371506912743707e-24,False
SSI_1160879510,90,0.6481481481481481,0.20362923715026263,1.5607212235696151e-19,6350.0,0.5,0.7,0.7444444444444444,3.485230300896316e-19,False
SSI_1079194165,90,0.6666666666666666,0.2097832057269619,1.339750205858596e-20,6096.5,0.8166666666666667,0.6333333333333333,0.55,3.5537565178203585e-20,False
SSI_1079346693,90,0.5277777777777778,0.2096758555392697,1.5239811616881908e-11,6367.5,0.6666666666666666,0.43333333333333335,0.48333333333333334,1.7503930315017634e-11,False
SSI_1079479296,90,0.6555555555555556,0.21758643902863384,6.287624003255247e-19,3829.0,0.6666666666666666,0.7,0.6,1.2726317680159543e-18,False
SSI_1110905005,90,0.7055555555555556,0.2091337181249602,2.3385973089727445e-24,4872.0,0.7666666666666667,0.65,0.7,1.3348582303318727e-23,False
SSI_1132119011,90,0.6583333333333333,0.21493181682542864,3.376302832686585e-19,4614.0,0.6333333333333333,0.7166666666666667,0.625,7.166210095789164e-19,False
SSI_1132171764,90,0.6944444444444444,0.20473746873062262,5.634284050213223e-23,2708.0,0.7833333333333333,0.6666666666666666,0.6333333333333333,2.3938358147253744e-22,False
SSI_1145826197,90,0.6777777777777778,0.2066774092720216,7.813343535690765e-22,4136.0,0.7,0.65,0.6833333333333333,2.607650035203899e-21,False
SSI_1153185240,90,0.33611111111111114,0.21050109904338213,0.004606126750658481,6909.0,0.55,0.13333333333333333,0.325,0.004642230879479649,False
SSI_1154218957,90,0.7333333333333333,0.2065209232975955,1.1536843515693194e-26,4100.0,0.85,0.65,0.7,1.3109073818064404e-25,False
SSI_1158290417,90,0.41944444444444445,0.20137170527227247,1.5635800565656228e-06,3467.5,0.2,0.44166666666666665,0.6166666666666667,1.600932974932865e-06,False
SSI_1074857003,90,0.6722222222222223,0.21173986204552556,2.1746894714550953e-20,2777.5,0.6333333333333333,0.6666666666666666,0.7166666666666667,5.592385661857682e-20,False
SSI_1079406725,90,0.5722222222222222,0.20007065640151045,4.066328505067789e-15,3289.0,0.4,0.6333333333333333,0.6833333333333333,5.683302680600564e-15,False
SSI_1083543239,90,0.6277777777777778,0.21326477420129272,6.359426102190588e-17,4485.0,0.55,0.5666666666666667,0.7666666666666667,1.0412920889846923e-16,False
SSI_1097771032,90,0.6722222222222223,0.21003075601843843,1.4248468317499545e-20,4882.0,0.6,0.7,0.7166666666666667,3.7631360107731234e-20,False
SSI_1131892797,90,0.6777777777777778,0.2075705274295535,9.84480851574214e-22,4916.5,0.65,0.7,0.6833333333333333,3.2239768369916952e-21,False
SSI_1131935627,90,0.5555555555555556,0.2016577954191184,1.5498812478480537e-13,2704.0,0.31666666666666665,0.7333333333333333,0.6166666666666667,1.9648987485691722e-13,False
SSI_1159016295,90,0.7166666666666667,0.2048637853825713,7.162901760342504e-25,4068.5,0.4666666666666667,0.7333333333333333,0.95,4.72945108122074e-24,False
SSI_1159310472,90,0.65,0.20983368181050327,6.971387296415771e-19,8605.5,0.5333333333333333,0.8,0.6166666666666667,1.401736556801953e-18,False
SSI_1163557676,90,0.6944444444444444,0.20646758960010603,8.943896938078127e-23,4729.0,0.6,0.75,0.7333333333333333,3.6599564857160576e-22,False
SSI_1103929130,90,0.6722222222222223,0.19546878524601277,3.265229829657359e-22,4229.5,0.6833333333333333,0.6,0.7333333333333333,1.1730818343901365e-21,False
SSI_1113306064,90,0.7296296296296295,0.20667895187778115,1.2077531797745731e-26,4375.0,0.7166666666666667,0.6611111111111111,0.8111111111111111,1.353459182655634e-25,False
SSI_1127640830,90,0.4222222222222222,0.187223785058877,2.3488745942525244e-07,6702.5,0.5333333333333333,0.16666666666666666,0.5666666666666667,2.423268848715759e-07,False
SSI_1131879773,90,0.6129629629629629,0.16764885134034738,4.62182465986846e-21,4292.5,0.5666666666666667,0.75,0.5222222222222223,1.325248549772142e-20,False
SSI_1132217366,90,0.5759259259259258,0.20088163712450194,4.833807222786271e-15,2733.0,0.5333333333333333,0.5666666666666667,0.6277777777777778,6.7249379528854555e-15,False
SSI_1132286660,90,0.5888888888888889,0.19558412663731164,2.6553899801833413e-16,6450.5,0.5166666666666667,0.55,0.7,4.062064947769507e-16,False
SSI_1157170321,90,0.6203703703703703,0.19588915795979517,1.1242224217023369e-18,2469.5,0.55,0.5833333333333334,0.7277777777777777,2.1919196937101428e-18,False
SSI_1159616294,90,0.662962962962963,0.20158289052961453,1.6572095173910343e-21,4828.0,0.65,0.6611111111111111,0.6777777777777777,5.17057835375006e-21,False
SSI_1160274342,90,0.6611111111111111,0.19743702375208252,5.543709458850334e-22,3849.5,0.5666666666666667,0.6666666666666666,0.75,1.9048216888848615e-21,False
SSI_1161966016,90,0.6925925925925926,0.2002703100485845,1.672786901700439e-23,2561.0,0.7666666666666667,0.6611111111111111,0.65,7.90448433434076e-23,False
SSI_1074288939,90,0.7722222222222223,0.21189655032890375,3.1751605087442895e-30,3266.5,0.7166666666666667,0.6666666666666666,0.9333333333333333,1.6663167392223334e-28,False
SSI_1077472138,90,0.7388888888888889,0.20895138718190714,2.3234185203496535e-26,4617.5,0.75,0.6833333333333333,0.7833333333333333,2.3650464355059183e-25,False
SSI_1079191774,90,0.7055555555555556,0.21385550791179733,8.38230401086769e-24,5164.0,0.5666666666666667,0.7333333333333333,0.8166666666666667,4.1963050611782306e-23,False
SSI_1079297766,90,0.7194444444444444,0.21599575538959478,1.6196072162095283e-24,4029.5,0.5583333333333333,0.7833333333333333,0.8166666666666667,9.627008343552014e-24,False
SSI_1092438933,90,0.5898148148148148,0.20328172516261425,1.453352503332065e-15,2898.0,0.5583333333333333,0.4166666666666667,0.7944444444444445,2.1009113406155235e-15,False
SSI_1123797240,90,0.5925925925925926,0.2051090934164958,2.150206116070316e-15,4192.5,0.5333333333333333,0.65,0.5944444444444446,3.064733688191238e-15,False
SSI_1132016568,90,0.6814814814814815,0.21537338983148,7.064050086528715e-21,6194.0,0.48333333333333334,0.8166666666666667,0.7444444444444446,1.9477962033171164e-20,False
SSI_1156452246,90,0.48333333333333334,0.21317840513783815,6.6073978657490725e-09,3922.0,0.4,0.3333333333333333,0.7166666666666667,7.02431374500652e-09,False
SSI_1159899112,90,0.6166666666666667,0.21448919012691853,8.32245145509973e-17,7492.5,0.5666666666666667,0.5333333333333333,0.75,1.3491538755679256e-16,False
SSI_1162900799,90,0.6555555555555556,0.21153947502850026,1.5046604805364135e-19,5614.0,0.5333333333333333,0.65,0.7833333333333333,3.368932152140703e-19,False
SSI_1079213438,90,0.7203703703703704,0.2142975361129909,1.0223051519918984e-24,5098.0,0.7666666666666667,0.711111111111111,0.6833333333333333,6.436833727619092e-24,False
SSI_1082564434,90,0.6222222222222222,0.19402220037285542,7.101273974786228e-19,3957.5,0.7333333333333333,0.6166666666666667,0.5166666666666667,1.4220010098690784e-18,False
SSI_1085211099,90,0.7629629629629628,0.21623348948212617,1.429543136423493e-28,4055.0,0.75,0.8277777777777777,0.711111111111111,3.2040127360390765e-27,False
SSI_1088873310,90,0.6777777777777778,0.21053706788915222,2.103718869899242e-21,4043.5,0.7,0.65,0.6833333333333333,6.448413047884376e-21,False
SSI_1098389253,90,0.6675925925925925,0.21660277075597126,7.085388474937441e-20,3674.5,0.7166666666666667,0.5527777777777778,0.7333333333333333,1.678914068309619e-19,False
SSI_1125135744,90,0.6092592592592592,0.21294527778873615,3.536630842458549e-16,3358.5,0.6,0.5333333333333333,0.6944444444444444,5.336620845043999e-16,False
SSI_1131874785,90,0.5638888888888889,0.2164751559549134,5.56109929178014e-13,5541.5,0.5,0.44166666666666665,0.75,6.840768162043747e-13,False
SSI_1132161447,88,0.7215909090909091,0.21075858373893974,4.701861370463872e-25,3042.5,0.6666666666666666,0.8166666666666667,0.6785714285714286,3.217548271160571e-24,False
SSI_1157545522,90,0.5398148148148147,0.215353158936273,9.520481365798253e-12,4075.0,0.5666666666666667,0.6416666666666667,0.4111111111111111,1.1023002832533237e-11,False
SSI_1162305391,90,0.5962962962962963,0.2120613731180631,1.6750256457113302e-15,2435.5,0.4666666666666667,0.6777777777777777,0.6444444444444444,2.411365735104761e-15,False
SSI_1074875907,90,0.6388888888888888,0.22622931770294372,2.8463838092799114e-17,3062.0,0.5666666666666667,0.6833333333333333,0.6666666666666666,4.8022898108223915e-17,False
SSI_1079206785,90,0.6722222222222223,0.22736309500327237,8.666862312392874e-19,5706.0,0.6666666666666666,0.6166666666666667,0.7333333333333333,1.7088898005791597e-18,False
SSI_1079238808,90,0.6611111111111111,0.22494563789867084,5.000704868426263e-19,2688.5,0.65,0.6,0.7333333333333333,1.0274787210736216e-18,False
SSI_1083803459,90,0.65,0.22826716313283504,4.4102698839932885e-17,4858.5,0.6166666666666667,0.6,0.7333333333333333,7.319490031654622e-17,False
SSI_1087705129,90,0.5611111111111111,0.21589280963637997,2.335682030650033e-12,5454.0,0.55,0.6833333333333333,0.45,2.7929863929897357e-12,False
SSI_1129516235,90,0.49444444444444446,0.2366441951998155,1.7147790673959095e-07,4205.5,0.45,0.43333333333333335,0.6,1.772833373528653e-07,False
SSI_1130899602,90,0.4111111111111111,0.22347787802186353,5.216107800338668e-05,4734.5,0.48333333333333334,0.31666666666666665,0.43333333333333335,5.289726590380808e-05,False
SSI_1155691770,90,0.4444444444444444,0.23186113951865978,7.110458541951323e-06,3841.0,0.4,0.45,0.48333333333333334,7.24691289861789e-06,False
SSI_1162752457,90,0.5388888888888889,0.23363782516527795,7.869711076016784e-10,7413.5,0.5166666666666667,0.5,0.6,8.582903642280806e-10,False
SSI_1087934661,90,0.6611111111111111,0.18301206671744624,9.856564090109136e-24,6897.5,0.5833333333333334,0.6,0.8,4.870291030629187e-23,False
SSI_1106386026,90,0.6222222222222222,0.1906230306487947,3.034413757694006e-19,4751.5,0.6166666666666667,0.55,0.7,6.474299397420487e-19,False
SSI_1115557420,90,0.4,0.19100094377126142,3.657396956430365e-06,10029.5,0.36666666666666664,0.4,0.43333333333333335,3.736938839213459e-06,False
SSI_1126501700,90,0.5777777777777777,0.21688374417223774,1.232992507433432e-13,2867.5,0.6833333333333333,0.48333333333333334,0.5666666666666667,1.5721297994049448e-13,False
SSI_1131919830,90,0.5166666666666667,0.18013773699229307,1.169460579969002e-12,3674.0,0.55,0.43333333333333335,0.5666666666666667,1.4164562205573982e-12,False
SSI_1146050477,90,0.5722222222222222,0.18155384907954486,6.070604960555821e-17,7836.0,0.4666666666666667,0.55,0.7,9.953347596401255e-17,False
SSI_1157066596,90,0.6277777777777778,0.17880009548982537,1.360627071939087e-20,3249.5,0.38333333333333336,0.6666666666666666,0.8333333333333334,3.6013130408961965e-20,False
SSI_1159969188,90,0.6777777777777778,0.18432264939757456,1.5938429946877933e-24,4790.0,0.6,0.7,0.7333333333333333,9.517517683570469e-24,False
SSI_1161366751,90,0.6777777777777778,0.1862877015376492,2.842274165497943e-24,2750.0,0.5833333333333334,0.75,0.7,1.585314106463807e-23,False
SSI_1162747614,90,0.5111111111111111,0.18537488354590945,3.326416953575987e-12,6121.0,0.35,0.48333333333333334,0.7,3.948705839449046e-12,False
SSI_1074854845,90,0.5712962962962963,0.19049697109780592,2.818379935991921e-15,3305.5,0.525,0.6444444444444444,0.5444444444444444,3.984549874784875e-15,False
SSI_1079211519,90,0.6962962962962962,0.20026794134793732,1.848925531060836e-24,2173.5,0.7277777777777777,0.7166666666666667,0.6444444444444445,1.0780250769407213e-23,False
SSI_1085474682,90,0.6425925925925925,0.18842305566766843,3.1257091352468933e-21,3836.5,0.5,0.8166666666666667,0.611111111111111,9.289668391007494e-21,False
SSI_1133809832,90,0.637962962962963,0.18866831733912476,2.5413761576256286e-20,5143.5,0.7527777777777778,0.5777777777777777,0.5833333333333334,6.474016635119301e-20,False
SSI_1135149407,89,0.31273408239700373,0.20040959209025647,0.007264848316870552,3011.0,0.22413793103448276,0.38333333333333336,0.3277777777777777,0.007315756157508144,False
SSI_1148983172,90,0.6277777777777778,0.19016641934397277,2.7031495776264736e-19,2892.0,0.45,0.5333333333333333,0.9,5.8183210732524e-19,False
SSI_1149393405,90,0.5296296296296297,0.1990801939198742,2.173524811440846e-12,2992.5,0.48333333333333334,0.5166666666666667,0.5888888888888889,2.6029025070343067e-12,False
SSI_1152187589,90,0.4814814814814815,0.19804876387544376,2.3174488045976288e-09,3304.0,0.3,0.6333333333333333,0.5111111111111111,2.4940649469744524e-09,False
SSI_1157705041,90,0.6037037037037036,0.2005228253389265,1.3586082434843072e-16,4162.0,0.45,0.7,0.6611111111111112,2.1468822372782423e-16,False
SSI_1159444747,90,0.48148148148148145,0.1866931033889784,3.458500686544954e-10,3164.0,0.4444444444444444,0.45,0.55,3.8179472106775065e-10,False
SSI_1079436913,90,0.7055555555555556,0.19928147446810446,1.4605757260768981e-25,4557.0,0.6166666666666667,0.7833333333333333,0.7166666666666667,1.1622757325100528e-24,False
SSI_1084471370,90,0.5888888888888889,0.18544450311404054,2.481342040977668e-17,3112.5,0.5333333333333333,0.6333333333333333,0.6,4.2243335234205174e-17,False
SSI_1089637642,90,0.6722222222222223,0.1947812382724029,2.7100184464404574e-22,2293.0,0.5833333333333334,0.7833333333333333,0.65,9.864332797195193e-22,False
SSI_1112010864,90,0.4583333333333333,0.21135646129273394,1.974348249186867e-07,2352.5,0.3333333333333333,0.4666666666666667,0.575,2.040326892031944e-07,False
SSI_1125339233,90,0.5611111111111111,0.19827797148859932,7.842942671206414e-14,5684.5,0.6,0.6166666666666667,0.4666666666666667,1.0153846818101361e-13,False
SSI_1131856572,90,0.6444444444444445,0.1905279454413218,5.4895655465627925e-21,5547.0,0.5333333333333333,0.65,0.75,1.5486153152716977e-20,False
SSI_1132063823,90,0.55,0.20338317045776783,2.181916625980771e-13,2386.5,0.5,0.5833333333333334,0.5666666666666667,2.7476403697273314e-13,False
SSI_1132123484,90,0.6,0.2010522341483349,1.5305541031535442e-16,15203.0,0.45,0.7,0.65,2.403048633678733e-16,False
SSI_1132253580,90,0.5333333333333333,0.18831402800158206,2.595300956978375e-13,2010.5,0.5666666666666667,0.45,0.5833333333333334,3.251446275845215e-13,False
SSI_1161117016,90,0.5944444444444444,0.19563050596457365,4.432797760781903e-17,4900.5,0.48333333333333334,0.6166666666666667,0.6833333333333333,7.346896153046261e-17,False
SSI_1079190256,90,0.6092592592592592,0.2031299808042523,4.0256115354837835e-17,4730.5,0.5,0.6611111111111111,0.6666666666666666,6.694737223408362e-17,False
SSI_1079243253,90,0.6703703703703704,0.20604100431558717,5.2253523137654485e-21,6662.0,0.65,0.7166666666666667,0.6444444444444444,1.4860926312606507e-20,False
SSI_1079285098,90,0.3277777777777778,0.19751084123096904,0.0016944525152398039,2502.5,0.4666666666666667,0.3,0.21666666666666667,0.0017091443000540217,False
SSI_1079355118,90,0.5259259259259259,0.20671947267497284,3.892174063649637e-11,17413.0,0.611111111111111,0.5666666666666667,0.4,4.404159906204754e-11,False
SSI_1098983050,90,0.6925925925925925,0.20660678658866982,9.280859254517346e-23,4087.0,0.5944444444444444,0.6666666666666666,0.8166666666666667,3.7788565264643124e-22,False
SSI_1116854438,90,0.5592592592592592,0.204378201749905,2.653113249816806e-13,4488.5,0.5,0.4777777777777778,0.7,3.3187689038927076e-13,False
SSI_1133363247,90,0.7648148148148147,0.19954825253956743,8.654026047387071e-31,3687.5,0.6777777777777777,0.7,0.9166666666666666,6.218172245225475e-29,False
SSI_1153493497,90,0.65,0.2042806551168486,1.8309709956502274e-19,2007.5,0.48333333333333334,0.6333333333333333,0.8333333333333334,4.0480200383470634e-19,False
SSI_1154738575,90,0.6925925925925925,0.19490285967075568,3.7282238781492096e-24,4265.0,0.5777777777777777,0.7,0.8,2.0017694361139602e-23,False
SSI_1158682715,90,0.6444444444444445,0.2034034940779112,1.476483167247164e-19,4879.5,0.4666666666666667,0.6833333333333333,0.7833333333333333,3.312257463346944e-19,False
SSI_1079431276,90,0.5425925925925925,0.19553347353343714,2.2618770230028215e-13,4250.0,0.6166666666666667,0.35,0.6611111111111111,2.8453993651884104e-13,False
SSI_1111434555,90,0.5777777777777777,0.19771302373994398,2.4474170872307886e-15,6869.5,0.5833333333333334,0.6166666666666667,0.5333333333333333,3.4802327963357486e-15,False
SSI_1123925832,90,0.6907407407407408,0.19975341067604574,1.4505679369741857e-23,3344.5,0.6666666666666666,0.7555555555555554,0.65,6.894430875540731e-23,False
SSI_1125667706,90,0.6259259259259259,0.19842709847489395,2.0817102878793225e-18,3005.0,0.5333333333333333,0.7,0.6444444444444444,3.93319275583077e-18,False
SSI_1126434119,90,0.6111111111111112,0.19367865448362157,4.378715086105836e-18,5649.5,0.55,0.6499999999999999,0.6333333333333333,7.988947688839848e-18,False
SSI_1132102554,90,0.548148148148148,0.20308640008416054,9.957757685923066e-13,4416.0,0.45,0.5944444444444444,0.6,1.210288658045276e-12,False
SSI_1132279684,90,0.7370370370370369,0.19702079837181757,6.82005028046194e-28,4248.0,0.7166666666666667,0.8166666666666667,0.6777777777777777,1.1733368193780647e-26,False
SSI_1143881713,90,0.5722222222222222,0.20811554774643004,2.174808833219028e-14,6143.0,0.45,0.7666666666666667,0.5,2.900140818533889e-14,False
SSI_1157928439,90,0.6574074074074073,0.20536259496297918,3.3162496347033316e-20,4074.0,0.5,0.8277777777777777,0.6444444444444444,8.309331135979732e-20,False
SSI_1158585870,90,0.6259259259259259,0.19684375275013732,1.4189986667545637e-18,3881.0,0.6,0.7333333333333333,0.5444444444444444,2.7210468939414436e-18,False
SSI_1162791393,90,0.5888888888888889,0.20239946003740694,1.2010181208710483e-15,4218.5,0.55,0.7,0.5166666666666667,1.745441564121339e-15,False
SSI_1089998356,90,0.6388888888888888,0.20131730945278467,8.810755888268258e-20,4836.0,0.6333333333333333,0.6333333333333333,0.65,2.0480187093281976e-19,False
SSI_1103222253,90,0.6444444444444445,0.20433917298123483,1.857371778566121e-19,5148.5,0.6333333333333333,0.7,0.6,4.0952700857734955e-19,False
SSI_1104854519,90,0.5981481481481481,0.20572883317300347,4.313049411350554e-16,4258.0,0.7,0.5166666666666667,0.5777777777777777,6.456360117603801e-16,False
SSI_1107068244,90,0.724074074074074,0.204235616086394,6.127254496594487e-26,6019.5,0.8333333333333334,0.5277777777777778,0.8111111111111111,5.44323008552012e-25,False
SSI_1131001132,90,0.5805555555555556,0.19911156023698467,3.310569398501763e-15,3895.5,0.775,0.5333333333333333,0.43333333333333335,4.653464350137978e-15,False
SSI_1131911975,90,0.7333333333333333,0.20236162826336984,3.406427803254734e-27,3758.0,0.8333333333333334,0.5833333333333334,0.7833333333333333,4.6491078901403997e-26,False
SSI_1140239336,90,0.5833333333333334,0.20701632734397682,1.7380496950943103e-14,4503.0,0.6,0.4666666666666667,0.6833333333333333,2.3278812528044957e-14,False
SSI_1146133608,90,0.7037037037037036,0.1982896295419624,1.0559583601807459e-24,6146.5,0.9,0.5444444444444444,0.6666666666666666,6.597714255553868e-24,False
SSI_1158487719,90,0.5629629629629629,0.20643183992236733,7.984982691801301e-14,3225.5,0.5333333333333333,0.5111111111111111,0.6444444444444444,1.0332263091139078e-13,False
SSI_1159536708,90,0.6555555555555556,0.20418961608841713,2.473203230503601e-20,6162.0,0.6,0.65,0.7166666666666667,6.313516710679516e-20,False
SSI_1074783875,90,0.7388888888888889,0.20535691345324183,8.22320745364343e-27,3837.0,0.6833333333333333,0.7666666666666667,0.7666666666666667,9.752085344296554e-26,False
SSI_1079194289,90,0.7703703703703705,0.20490501426109525,4.687861593982949e-30,3731.0,0.6944444444444444,0.8666666666666667,0.75,2.031570510799484e-28,False
SSI_1079272653,90,0.7111111111111111,0.20053346763275937,2.0955755966167955e-25,6717.0,0.6333333333333333,0.7666666666666667,0.7333333333333333,1.5800898711527257e-24,False
SSI_1106222976,90,0.6388888888888888,0.2071385472396461,3.6631217052415908e-19,3953.0,0.6166666666666667,0.6,0.7,7.721316933481628e-19,False
SSI_1120238918,90,0.4722222222222222,0.20699511019262845,3.254887321248009e-08,6139.0,0.2833333333333333,0.5333333333333333,0.6,3.3967064185428816e-08,False
SSI_1129889946,90,0.6833333333333333,0.20592889143798168,7.74907187371499e-23,3752.5,0.65,0.6833333333333333,0.7166666666666667,3.2086411165230037e-22,False
SSI_1132115457,90,0.6833333333333333,0.2045013362506284,5.288050162690033e-23,5911.0,0.5833333333333334,0.7333333333333333,0.7333333333333333,2.275373882807467e-22,False
SSI_1160266118,90,0.6944444444444444,0.21009299130981895,2.32160652756696e-22,2068.5,0.5833333333333334,0.75,0.75,8.645860894582443e-22,False
SSI_1160275077,90,0.5333333333333333,0.20857337290496436,1.2522339522437092e-11,2980.5,0.45,0.5333333333333333,0.6166666666666667,1.4430224270431045e-11,False
SSI_1162132633,90,0.6388888888888888,0.20465034943813748,2.004124587959665e-19,3195.5,0.35,0.8,0.7666666666666667,4.3871636539809255e-19,False
SSI_1092495576,90,0.6944444444444444,0.2094023085474521,1.938706807409118e-22,6660.5,0.6333333333333333,0.65,0.8,7.320341159969823e-22,False
SSI_1104507910,90,0.6888888888888889,0.21252353105998764,4.353870983456014e-22,3196.0,0.5833333333333334,0.75,0.7333333333333333,1.5238548442096048e-21,False
SSI_1130993331,90,0.7444444444444445,0.2094516087102096,2.5292480736270264e-27,3776.0,0.7,0.7333333333333333,0.8,3.592414560390015e-26,False
SSI_1131871864,90,0.37222222222222223,0.21110387856607463,0.00022339101363043413,5757.5,0.31666666666666665,0.26666666666666666,0.5333333333333333,0.00022598105436817833,False
SSI_1131944690,90,0.6444444444444445,0.21124417982433513,9.72422920603968e-19,3344.0,0.5,0.7,0.7333333333333333,1.905075537317958e-18,False
SSI_1132064474,90,0.36481481481481476,0.20980009852445963,0.00045812341456802314,14935.0,0.16666666666666666,0.25,0.6777777777777777,0.00046305151087698825,False
SSI_1145693225,90,0.5898148148148148,0.21125146294660968,7.771202014259386e-15,10311.0,0.6583333333333333,0.5666666666666667,0.5444444444444444,1.0629925263625799e-14,False
SSI_1153528497,90,0.6666666666666666,0.21793458744652716,9.737616929346321e-20,4365.5,0.55,0.6166666666666667,0.8333333333333334,2.2527460377266153e-19,False
SSI_1160116827,90,0.6648148148148147,0.20607388373506833,5.269221549609305e-21,3820.5,0.65,0.7,0.6444444444444445,1.496826540197155e-20,False
SSI_1162105486,90,0.5842592592592593,0.21893452473075206,3.6301553743769343e-14,2633.0,0.44166666666666665,0.6666666666666666,0.6444444444444445,4.798955400217992e-14,False
SSI_1106174255,90,0.5861111111111111,0.19417842081678197,1.9292842640573386e-16,8451.5,0.49166666666666664,0.6166666666666667,0.65,2.9925342584711607e-16,False
SSI_1106320530,90,0.6203703703703703,0.1990995565724952,2.4469306295445987e-18,4769.0,0.4611111111111111,0.6333333333333333,0.7666666666666667,4.580729140212609e-18,False
SSI_1131859718,90,0.6814814814814815,0.20123174119559875,1.8606022660361647e-22,4597.5,0.5444444444444444,0.7833333333333333,0.7166666666666667,7.102267712384923e-22,False
SSI_1131942100,90,0.6333333333333333,0.2120709659342071,7.772308879925949e-18,6830.5,0.6666666666666666,0.7,0.5333333333333333,1.382938863340065e-17,False
SSI_1132248931,90,0.6481481481481481,0.20199270103019093,1.0420891550506356e-19,3531.0,0.5111111111111112,0.75,0.6833333333333333,2.4039884851640253e-19,False
SSI_1132257825,90,0.5342592592592593,0.2038611885785807,5.32262451550333e-12,7464.5,0.3694444444444444,0.7166666666666667,0.5166666666666667,6.263570178889515e-12,False
SSI_1133228829,90,0.6370370370370371,0.1973856204191774,2.3559059281579873e-19,4394.0,0.47777777777777775,0.7333333333333333,0.7,5.102374275257059e-19,False
SSI_1152946452,90,0.6907407407407408,0.20378008376264978,4.3544940076105195e-23,3749.0,0.6055555555555556,0.7833333333333333,0.6833333333333333,1.899648010820089e-22,False
SSI_1157020843,90,0.5175925925925925,0.20233418589697555,1.786812655249328e-11,4627.5,0.36944444444444446,0.5666666666666667,0.6166666666666667,2.0484201392651843e-11,False
SSI_1163856819,90,0.587037037037037,0.19781355443004342,4.3815816475937537e-16,3044.0,0.3277777777777778,0.7333333333333333,0.7,6.550920419260428e-16,False
SSI_1082282883,90,0.575925925925926,0.1812276343238717,5.610707923074131e-17,6198.5,0.5166666666666667,0.6,0.611111111111111,9.248960496673483e-17,False
SSI_1096497684,90,0.6222222222222222,0.18320871101885824,4.45218922363621e-20,4261.5,0.6166666666666667,0.6666666666666666,0.5833333333333334,1.0909426553002269e-19,False
SSI_1123425478,90,0.6814814814814815,0.18512192991950466,2.018351974545959e-24,6601.5,0.6333333333333333,0.75,0.6611111111111112,1.1684440459279094e-23,False
SSI_1126329728,90,0.6814814814814815,0.18046410347968025,5.013375745709446e-25,4097.0,0.65,0.7277777777777779,0.6666666666666666,3.400704936033136e-24,False
SSI_1147397175,90,0.6055555555555555,0.18830219292788597,7.751440758130173e-18,7070.0,0.65,0.5833333333333334,0.5833333333333334,1.3802310329527707e-17,False
SSI_1155589210,90,0.6648148148148147,0.18290607368564088,9.556134445180669e-24,2839.5,0.6666666666666666,0.711111111111111,0.6166666666666667,4.735423214924214e-23,False
SSI_1159743738,90,0.6351851851851852,0.19264910422653747,7.131167422647394e-20,3640.0,0.55,0.7277777777777777,0.6277777777777779,1.688124226117014e-19,False
SSI_1160240998,90,0.7203703703703703,0.19221161954722585,1.7134432123225352e-27,3765.5,0.8166666666666667,0.5666666666666667,0.7777777777777778,2.5680624341742047e-26,False
SSI_1163020378,90,0.6444444444444445,0.1847100710407885,1.1365183534129192e-21,2363.0,0.5166666666666667,0.65,0.7666666666666667,3.673958641625158e-21,False
SSI_1087010169,90,0.675,0.1905980581375235,9.868170528700154e-24,2739.5,0.75,0.675,0.6,4.870291030629187e-23,False
SSI_1106286409,90,0.6518518518518519,0.1931817921268774,1.425231225459703e-21,3788.5,0.5777777777777777,0.7444444444444446,0.6333333333333333,4.516005037351562e-21,False
SSI_1123387934,90,0.6703703703703703,0.19586546252378395,3.634642795578223e-22,4158.5,0.7333333333333333,0.6444444444444444,0.6333333333333333,1.2981626242101753e-21,False
SSI_1124702406,90,0.537037037037037,0.19197703388776097,5.442749275133563e-13,2961.0,0.4666666666666667,0.41111111111111115,0.7333333333333333,6.701933709249644e-13,False
SSI_1124849552,90,0.7592592592592592,0.19336988044552478,1.521765895130343e-30,3335.5,0.8333333333333334,0.6444444444444444,0.8,9.538684736068208e-29,False
SSI_1131884628,90,0.7472222222222222,0.19822247561418466,8.663555802806814e-29,5941.5,0.75,0.775,0.7166666666666667,2.2279017711849523e-27,False
SSI_1132241822,90,0.7555555555555555,0.19819368452144323,7.141893410333967e-30,3687.0,0.7833333333333333,0.7333333333333333,0.75,2.9572280680416752e-28,False
SSI_1138049686,90,0.6972222222222222,0.19822247561418468,1.0359533813940396e-24,6506.5,0.6166666666666667,0.7583333333333333,0.7166666666666667,6.506000284693159e-24,False
SSI_1160254832,90,0.6666666666666666,0.19763837173663018,5.850143361289065e-22,2823.0,0.7,0.55,0.75,2.001666699107729e-21,False
SSI_1161654193,90,0.7370370370370369,0.1990347081238171,1.2579006353565115e-27,3499.0,0.75,0.7444444444444444,0.7166666666666667,2.0425195277810593e-26,False
SSI_1079205380,90,0.5083333333333333,0.22729811589672938,4.169127417106793e-09,5891.0,0.4583333333333333,0.5333333333333333,0.5333333333333333,4.447676104799954e-09,False
SSI_1079243503,90,0.7055555555555556,0.2102383755805003,3.1618359646194218e-24,4207.5,0.6833333333333333,0.6583333333333333,0.775,1.7475939505803727e-23,False
SSI_1079316382,90,0.6444444444444445,0.21689934725016616,3.595849890953363e-18,2323.5,0.75,0.49166666666666664,0.6916666666666667,6.619940680933735e-18,False
SSI_1079456299,90,0.6166666666666667,0.22295852565328092,5.084517702319552e-16,4679.5,0.6333333333333333,0.575,0.6416666666666667,7.569455665305707e-16,False
SSI_1118029423,90,0.6,0.22924960069270586,5.206789562816908e-14,12194.5,0.45,0.5833333333333334,0.7666666666666667,6.816820419057719e-14,False
SSI_1131894929,90,0.6592592592592593,0.21621143780635058,4.561553156885889e-19,4351.5,0.5944444444444444,0.6833333333333333,0.7,9.468032593264423e-19,False
SSI_1132278999,90,0.5083333333333333,0.2259166997947576,3.3974349254120417e-09,4408.0,0.6083333333333333,0.43333333333333335,0.48333333333333334,3.6419190534364274e-09,False
SSI_1159884420,90,0.5833333333333334,0.21592553310937734,1.0246011800386395e-13,5593.5,0.65,0.55,0.55,1.315344552198842e-13,False
SSI_1162935133,90,0.575,0.21779323671057785,1.4684164699754483e-13,3400.0,0.44166666666666665,0.5833333333333334,0.7,1.8635539928052053e-13,False
SSI_1163071467,90,0.46851851851851856,0.21523841604229063,1.0369095840666293e-07,3015.5,0.3722222222222222,0.5166666666666667,0.5166666666666667,1.0747433660902737e-07,False
SSI_1079296732,90,0.6870370370370371,0.20366302274525827,4.219039294597073e-23,3281.0,0.6166666666666667,0.7277777777777777,0.7166666666666667,1.8504691196949102e-22,False
SSI_1089975853,90,0.6777777777777778,0.2156096782579581,7.488538946082389e-21,3073.0,0.5,0.6833333333333333,0.85,2.053254842343353e-20,False
SSI_1107073105,90,0.5703703703703703,0.2134435731672242,3.1349614885840455e-13,3636.5,0.4,0.6944444444444444,0.6166666666666667,3.903522383593692e-13,False
SSI_1120409836,90,0.65,0.21687413449701443,3.5752763569532756e-18,4391.5,0.5166666666666667,0.6833333333333333,0.75,6.5870287632253786e-18,False
SSI_1131927844,90,0.6240740740740741,0.20644679392574114,1.3718959406016685e-17,4729.5,0.5222222222222223,0.65,0.7,2.3809756118217944e-17,False
SSI_1132227891,90,0.6611111111111111,0.2003487553447496,1.1995428821427021e-21,3274.5,0.65,0.6166666666666667,0.7166666666666667,3.84073821897067e-21,False
SSI_1132298449,90,0.5925925925925926,0.21516196011748753,1.7181535961962257e-14,2296.5,0.3277777777777777,0.6666666666666666,0.7833333333333333,2.3037591852400543e-14,False
SSI_1153285521,90,0.5759259259259258,0.21443433911228857,7.6646914638059e-14,4276.0,0.43333333333333335,0.5111111111111112,0.7833333333333333,9.938875396007333e-14,False
SSI_1156518355,90,0.5944444444444444,0.2073652091318215,6.15476555151312e-16,6990.5,0.5333333333333333,0.5,0.75,9.101750752025758e-16,False
SSI_1079199640,90,0.6444444444444445,0.2219127148141742,1.1075824646078275e-17,4035.5,0.6333333333333333,0.6333333333333333,0.6666666666666666,1.9368818618732446e-17,False
SSI_1080315608,90,0.6203703703703703,0.21535137187386305,1.0046720847505358e-16,12956.0,0.5,0.6777777777777777,0.6833333333333333,1.621145246397331e-16,False
SSI_1106278644,90,0.624074074074074,0.2093456620408725,2.65337918189222e-17,6610.5,0.55,0.6388888888888888,0.6833333333333333,4.4952880314581786e-17,False
SSI_1120697380,90,0.475925925925926,0.20562209834170725,7.57506889548239e-09,4757.5,0.4666666666666667,0.3444444444444444,0.6166666666666667,8.039050091947644e-09,False
SSI_1123864995,90,0.5944444444444444,0.2148094199094263,2.9706644823469764e-15,3047.0,0.55,0.48333333333333334,0.75,4.1877284076016524e-15,False
SSI_1128269438,90,0.5666666666666667,0.2145066139854155,3.837502842313365e-13,3304.5,0.5666666666666667,0.5166666666666667,0.6166666666666667,4.758893118665762e-13,False
SSI_1132582733,90,0.6722222222222223,0.21631677333406166,6.615724660051894e-20,6043.5,0.5666666666666667,0.6,0.85,1.57834134223699e-19,False
SSI_1141660369,90,0.5722222222222222,0.2252685651338729,5.959266619460945e-13,3269.5,0.35,0.7333333333333333,0.6333333333333333,7.315823292132205e-13,False
SSI_1158712723,90,0.3537037037037037,0.20097571921675417,0.00047024004235174876,6117.5,0.4,0.27777777777777773,0.38333333333333336,0.0004749055078401498,False
SSI_1160265691,90,0.6203703703703703,0.2196500577760649,2.5335348915147136e-16,2131.5,0.43333333333333335,0.6777777777777778,0.75,3.8853896672758604e-16,False
SSI_1099963825,90,0.65,0.20247390973176874,1.1739829382692217e-19,3470.5,0.6083333333333333,0.7583333333333333,0.5833333333333334,2.6704286016682573e-19,False
SSI_1107366339,90,0.6037037037037036,0.2066635342497255,5.28665774954287e-16,2973.0,0.42777777777777776,0.6666666666666666,0.7166666666666667,7.85124916847005e-16,False
SSI_1122556298,90,0.6981481481481481,0.20889205165217295,1.9774532153338118e-23,6570.5,0.6111111111111112,0.8166666666666667,0.6666666666666666,9.236937294570749e-23,False
SSI_1131862644,90,0.5333333333333333,0.21486265245243968,3.768728415114641e-11,5070.5,0.4083333333333333,0.49166666666666664,0.7,4.266452047323943e-11,False
SSI_1132151795,90,0.5888888888888889,0.20369532474127214,1.5886978297279731e-15,2366.0,0.4666666666666667,0.7333333333333333,0.5666666666666667,2.289786901489934e-15,False
SSI_1159604430,90,0.5731481481481481,0.196024017950199,1.6931502985421445e-15,3504.0,0.43333333333333335,0.586111111111111,0.7,2.4345886870738426e-15,False
SSI_1160123448,90,0.7148148148148148,0.20260225790277775,3.7838992951941887e-25,5363.0,0.6666666666666666,0.711111111111111,0.7666666666666667,2.6716953694102322e-24,False
SSI_1160264985,90,0.6888888888888889,0.20702467258824975,1.036885859462559e-22,3899.5,0.65,0.7666666666666667,0.65,4.1800530605066524e-22,False
SSI_1160273818,90,0.2,0.2063648925183115,0.6007651238919106,3173.5,0.21666666666666667,0.13333333333333333,0.25,0.60150376953604,True
SSI_1079349198,90,0.55,0.1869429886629435,7.128310767018746e-15,4547.5,0.6,0.6666666666666666,0.38333333333333336,9.799923018473156e-15,False
SSI_1080750189,90,0.5925925925925927,0.18639889559543066,3.122505178256228e-17,4850.5,0.5833333333333334,0.5833333333333334,0.611111111111111,5.2536364672727033e-17,False
SSI_1090081906,90,0.6555555555555556,0.19815943530176575,5.301238805802336e-21,4355.5,0.6333333333333333,0.65,0.6833333333333333,1.504172636768305e-20,False
SSI_1098509401,90,0.6037037037037036,0.1969443845947128,6.00859722593015e-17,3148.5,0.5444444444444444,0.6333333333333333,0.6333333333333333,9.858296187338721e-17,False
SSI_1106184812,90,0.6,0.19874790146609927,9.085224742687083e-17,6423.0,0.5333333333333333,0.6833333333333333,0.5833333333333334,1.4698810626744733e-16,False
SSI_1107118282,90,0.6666666666666666,0.19287089384478387,1.608120101322411e-22,5258.5,0.6,0.7333333333333333,0.6666666666666666,6.216198429637104e-22,False
SSI_1132079203,90,0.6925925925925925,0.20096032687731752,2.0220337905166987e-23,3405.0,0.7111111111111111,0.6666666666666666,0.7,9.427153721817357e-23,False
SSI_1149115436,90,0.5009259259259259,0.2200346091610214,5.122526609680921e-09,5149.5,0.4694444444444444,0.5333333333333333,0.5,5.4576242945706455e-09,False
SSI_1149973906,90,0.5166666666666667,0.19534958734031502,2.1942593063219034e-11,5581.0,0.4166666666666667,0.5666666666666667,0.5666666666666667,2.5049418155814998e-11,False
SSI_1155436410,90,0.65,0.19461175394780636,1.603681103995062e-20,5080.5,0.6666666666666666,0.65,0.6333333333333333,4.199134980771636e-20,False
SSI_1079384079,90,0.7388888888888889,0.21914249833348,3.9696332132541675e-25,4434.5,0.5666666666666667,0.85,0.8,2.786728143672394e-24,False
SSI_1079914049,90,0.6388888888888888,0.21199436670722965,1.1594517895873135e-18,2308.5,0.43333333333333335,0.6833333333333333,0.8,2.255207581179783e-18,False
SSI_1092051119,90,0.6666666666666666,0.2084245746707169,9.540542172482587e-21,5036.5,0.45,0.8833333333333333,0.6666666666666666,2.566910190239533e-20,False
SSI_1105680614,90,0.45,0.22049475665773477,1.918899369200798e-06,4280.0,0.38333333333333336,0.4666666666666667,0.5,1.963917536220172e-06,False
SSI_1106257495,90,0.6055555555555555,0.21539123516696052,3.3497930635360684e-15,3091.0,0.4666666666666667,0.7666666666666667,0.5833333333333334,4.703186467941733e-15,False
SSI_1107058534,90,0.5759259259259258,0.21654263441996843,1.1544908331086458e-13,4274.0,0.5833333333333334,0.6,0.5444444444444444,1.4758875485528112e-13,False
SSI_1126509828,90,0.6444444444444445,0.21242632160851802,1.2826067701353002e-18,3514.0,0.5,0.6666666666666666,0.7666666666666667,2.4789622938611856e-18,False
SSI_1126722055,90,0.7333333333333333,0.21690177495759097,2.154771632292761e-25,3546.5,0.6166666666666667,0.8166666666666667,0.7666666666666667,1.6147567784328883e-24,False
SSI_1150572020,90,0.5722222222222222,0.2161224387265191,1.0644264257071768e-13,2646.5,0.48333333333333334,0.5,0.7333333333333333,1.3636044876783601e-13,False
SSI_1162998187,90,0.49444444444444446,0.2183933229953459,1.4256989754298013e-08,6609.0,0.35,0.4666666666666667,0.6666666666666666,1.4980570309569915e-08,False
SSI_1079342561,90,0.5611111111111111,0.20474219770237723,2.848949833294161e-13,6172.0,0.5333333333333333,0.5833333333333334,0.5666666666666667,3.5584559717322035e-13,False
SSI_1079869329,90,0.6,0.2004850610012068,1.34708799485686e-16,3662.5,0.45,0.6166666666666667,0.7333333333333333,2.1328165725439462e-16,False
SSI_1081995282,90,0.6666666666666666,0.19442982762265743,2.463052791078293e-22,3684.5,0.8,0.6666666666666666,0.5333333333333333,9.075773708302067e-22,False
SSI_1115598243,90,0.7666666666666667,0.2029844869495553,2.5725433803336093e-30,3770.0,0.8166666666666667,0.6666666666666666,0.8166666666666667,1.3966052173677795e-28,False
SSI_1120956702,90,0.7037037037037036,0.18865542435820015,6.280625760809365e-26,5166.0,0.7333333333333333,0.7333333333333333,0.6444444444444444,5.559264033933796e-25,False
SSI_1127056182,90,0.65,0.19860237389324362,4.4568697066252603e-20,3361.5,0.6,0.6333333333333333,0.7166666666666667,1.0909952598482476e-19,False
SSI_1131948989,90,0.6555555555555556,0.2035341350837104,2.097460990396601e-20,7640.5,0.7,0.6666666666666666,0.6,5.410873494761243e-20,False
SSI_1132253165,90,0.6333333333333333,0.20265581076829858,8.557658668017445e-19,4868.5,0.6,0.7166666666666667,0.5833333333333334,1.6887205271378528e-18,False
SSI_1135056380,90,0.637037037037037,0.1988864915278069,3.415935668007392e-19,4002.5,0.48333333333333334,0.7333333333333333,0.6944444444444444,7.237754411918525e-19,False
SSI_1137137275,90,0.6481481481481481,0.20269639900180764,1.2403438957802918e-19,4723.5,0.4666666666666667,0.6333333333333333,0.8444444444444444,2.8037912375352514e-19,False
SSI_1151949053,90,0.6722222222222223,0.19824378127569955,6.874732194994515e-22,5117.0,0.5666666666666667,0.75,0.7,2.3214263763835508e-21,False
SSI_1080067172,90,0.5981481481481482,0.20413650998849878,3.04110682715965e-16,2958.0,0.6166666666666667,0.5333333333333333,0.6444444444444444,4.634699924361214e-16,False
SSI_1080331396,90,0.6861111111111111,0.20139540070828366,2.277944523354048e-23,4043.0,0.6916666666666667,0.6333333333333333,0.7333333333333333,1.0440935216799134e-22,False
SSI_1084386954,90,0.6564814814814814,0.20618880786415358,4.072456324264732e-20,3900.5,0.7166666666666667,0.6416666666666667,0.611111111111111,1.0049505858766405e-19,False
SSI_1092831299,90,0.6777777777777778,0.2075308748749478,9.744550192783647e-22,6538.5,0.575,0.675,0.7833333333333333,3.1954276672443553e-21,False
SSI_1096286614,90,0.6944444444444444,0.20742458680925402,1.1526502429754145e-22,3027.0,0.7333333333333333,0.6833333333333333,0.6666666666666666,4.578739095266566e-22,False
SSI_1130620047,90,0.6388888888888888,0.20429314769463897,1.8365761891087145e-19,2624.0,0.6666666666666666,0.6666666666666666,0.5833333333333334,4.0567410759426667e-19,False
SSI_1132064728,90,0.6666666666666666,0.2020855271210323,1.88909903637659e-21,4030.5,0.7,0.6833333333333333,0.6166666666666667,5.841859425149379e-21,False
SSI_1157314418,90,0.6305555555555555,0.20760330147978887,2.7698932750211095e-18,3052.5,0.6416666666666667,0.5833333333333334,0.6666666666666666,5.1498091863596424e-18,False
SSI_1161661924,90,0.6259259259259259,0.2070258021465654,1.566515923034508e-17,4602.0,0.6444444444444444,0.6166666666666667,0.6166666666666667,2.7122596739711573e-17,False
SSI_1163035319,90,0.2388888888888889,0.20593041718466187,0.21664372155697018,4440.0,0.18333333333333332,0.16666666666666666,0.36666666666666664,0.2172662609867316,True
SSI_1079207073,90,0.6277777777777778,0.20462715977450646,9.014931683096918e-18,5405.5,0.5833333333333334,0.6166666666666667,0.6833333333333333,1.5912917703616886e-17,False
SSI_1079260529,90,0.587037037037037,0.20959474650856894,5.521218745470021e-15,8164.0,0.55,0.5444444444444445,0.6666666666666666,7.659476090393675e-15,False
SSI_1106237671,90,0.46111111111111114,0.20478566883845326,2.3578165014629643e-08,6109.5,0.5333333333333333,0.38333333333333336,0.4666666666666667,2.464760681674806e-08,False
SSI_1125273607,90,0.7518518518518519,0.20066514968670768,1.5519467600947527e-29,2922.0,0.7444444444444444,0.6777777777777777,0.8333333333333334,5.1325739845197005e-28,False
SSI_1132187446,89,0.6891385767790261,0.19938000716787432,4.5293051362139444e-23,4336.0,0.5944444444444444,0.6,0.8793103448275862,1.972387245591919e-22,False
SSI_1146584615,90,0.5907407407407407,0.2014925764415946,9.861486656879466e-16,3873.5,0.3777777777777778,0.5111111111111111,0.8833333333333333,1.4408858793514674e-15,False
SSI_1149562692,90,0.4703703703703704,0.20272895388401152,1.738328088431153e-08,3140.5,0.5111111111111111,0.5333333333333333,0.36666666666666664,1.8226332704022777e-08,False
SSI_1159877101,90,0.6203703703703703,0.20591409759586154,1.2137810620150122e-17,3505.5,0.6,0.5111111111111111,0.75,2.1180479532161963e-17,False
SSI_1161271206,90,0.6388888888888888,0.20826512992786678,4.799558829939708e-19,2425.5,0.5833333333333334,0.5666666666666667,0.7666666666666667,9.903143768194855e-19,False
SSI_1161675011,90,0.5518518518518519,0.20052095398111985,1.234578977076028e-13,2979.0,0.5166666666666667,0.32222222222222224,0.8166666666666667,1.5733314767849436e-13,False
SSI_1087426184,90,0.6537037037037037,0.20784278470180165,6.125877931655182e-20,4207.5,0.6,0.7111111111111111,0.65,1.4744354469983852e-19,False
SSI_1092519712,90,0.6055555555555555,0.20643678806215335,5.03249532766276e-16,2855.5,0.48333333333333334,0.7,0.6333333333333333,7.496576881390318e-16,False
SSI_1110336322,90,0.6722222222222223,0.20796446089216225,8.499217814020615e-21,10720.5,0.6333333333333333,0.6666666666666666,0.7166666666666667,2.3000346630118992e-20,False
SSI_1111226144,90,0.7055555555555556,0.21067951025048884,3.56472338600344e-24,3912.5,0.7,0.8,0.6166666666666667,1.9395588489991993e-23,False
SSI_1122045908,90,0.6259259259259259,0.20704740705673857,1.5742755817588694e-17,3944.5,0.4666666666666667,0.7444444444444444,0.6666666666666666,2.7218366923120438e-17,False
SSI_1128856329,90,0.7111111111111111,0.21083449998162362,3.717888262336107e-24,5526.0,0.7,0.75,0.6833333333333333,2.0006169658341652e-23,False
SSI_1131904038,90,0.6925925925925925,0.20839101667329227,1.4871527715969067e-22,4702.5,0.55,0.7777777777777779,0.75,5.812982753617989e-22,False
SSI_1131976034,90,0.6694444444444444,0.19819483936837798,6.785767984535552e-22,9484.0,0.7,0.7083333333333334,0.6,2.2960708014155616e-21,False
SSI_1149515203,90,0.6833333333333333,0.20213305708045928,2.7861038857336673e-23,3153.5,0.6,0.7666666666666667,0.6833333333333333,1.262792540416948e-22,False
SSI_1158898750,90,0.6777777777777778,0.20952396366396348,1.625481256195021e-21,6773.0,0.6,0.8,0.6333333333333333,5.084571970402608e-21,False
SSI_1159631026,90,0.17037037037037037,0.20937747933835532,0.8716025232935474,3714.5,0.11666666666666667,0.21111111111111114,0.18333333333333332,0.8719594448837577,True
SSI_1079201936,90,0.7592592592592592,0.22737123793859315,3.652628464588348e-26,4546.5,0.6944444444444444,0.7333333333333333,0.85,3.5410203726148153e-25,False
SSI_1079845136,90,0.65,0.23249157636100817,1.0765777157389032e-16,4659.0,0.55,0.6166666666666667,0.7833333333333333,1.7246422029836987e-16,False
SSI_1080077314,90,0.7592592592592592,0.22236234646014968,9.23081462238902e-27,3170.0,0.7777777777777778,0.6833333333333333,0.8166666666666667,1.0738514344045892e-25,False
SSI_1112112760,90,0.6333333333333333,0.20582743349851862,1.824214703953304e-18,3979.5,0.6,0.7,0.6,3.4681373710178376e-18,False
SSI_1132014478,90,0.6888888888888889,0.22711759308993543,1.6029418947648552e-20,4320.5,0.7,0.6166666666666667,0.75,4.199134980771636e-20,False
SSI_1133263406,90,0.7703703703703704,0.22391167899233957,1.296573610011086e-27,2799.0,0.8111111111111111,0.7666666666666667,0.7333333333333333,2.0752224598759786e-26,False
SSI_1150455266,90,0.6759259259259258,0.22818909716595506,1.5058837127047266e-19,5235.5,0.611111111111111,0.6166666666666667,0.8,3.368932152140703e-19,False
SSI_1161794159,90,0.6,0.2260096228253052,2.7956382034458318e-14,3023.0,0.4166666666666667,0.7166666666666667,0.6666666666666666,3.705775437340297e-14,False
SSI_1163163769,90,0.5277777777777778,0.23083532354764932,5.113027897366886e-10,4859.0,0.26666666666666666,0.6833333333333333,0.6333333333333333,5.611467723839758e-10,False
SSI_1163488334,90,0.6759259259259258,0.22660845732343232,1.0442396728302373e-19,3474.5,0.611111111111111,0.6333333333333333,0.7833333333333333,2.4066769063436507e-19,False
SSI_1089403112,90,0.7111111111111111,0.21168941125060312,4.685956246797607e-24,5252.5,0.65,0.75,0.7333333333333333,2.4490003535452506e-23,False
SSI_1093548563,90,0.7444444444444445,0.20630994034920544,1.0047393077803868e-27,3374.0,0.6166666666666667,0.85,0.7666666666666667,1.669781040073119e-26,False
SSI_1104411031,90,0.7,0.20542428233428114,7.731346986893328e-24,5236.0,0.65,0.6166666666666667,0.8333333333333334,3.886354051230535e-23,False
SSI_1106154513,90,0.65,0.20468269358184968,2.020012311652028e-19,3238.5,0.6,0.6333333333333333,0.7166666666666667,4.406464665628391e-19,False
SSI_1106331999,90,0.7333333333333333,0.20115080918523107,2.3755661681918397e-27,4681.0,0.7333333333333333,0.8166666666666667,0.65,3.393864414557114e-26,False
SSI_1131929069,90,0.6888888888888889,0.20627666052659,8.501111986549043e-23,7982.0,0.6,0.7,0.7666666666666667,3.490456568594842e-22,False
SSI_1141556859,90,0.7222222222222222,0.20278536436348044,4.031412438141619e-26,5878.5,0.6333333333333333,0.6833333333333333,0.85,3.8321947806925974e-25,False
SSI_1150501534,89,0.601123595505618,0.20951080126926822,4.909890950301914e-16,3125.0,0.5,0.7413793103448276,0.5666666666666667,7.327344894066936e-16,False
SSI_1158552816,90,0.6,0.2115190418243412,1.4942773033781343e-15,5484.0,0.55,0.75,0.5,2.157517406709682e-15,False
SSI_1162768015,90,0.7666666666666667,0.20210378550395663,1.9495846460283156e-30,4516.0,0.7,0.7333333333333333,0.8666666666666667,1.107636114010971e-28,False
SSI_1077455780,90,0.5703703703703703,0.19152682060354834,3.535614282726472e-15,4190.0,0.4611111111111111,0.5833333333333334,0.6666666666666666,4.955539697476059e-15,False
SSI_1079248169,90,0.6777777777777778,0.19752067850376345,6.817124758174946e-23,4750.0,0.5333333333333333,0.75,0.75,2.8615525402442256e-22,False
SSI_1079324880,90,0.6666666666666666,0.1946266742330215,2.5985455779225325e-22,3762.0,0.6166666666666667,0.7,0.6833333333333333,9.489158216539234e-22,False
SSI_1079470030,90,0.5611111111111111,0.2301105011496206,2.7892124183950575e-11,3338.5,0.5333333333333333,0.5166666666666667,0.6333333333333333,3.170798482149431e-11,False
SSI_1086434032,90,0.5777777777777777,0.1841629517685343,1.1329036407158136e-16,8288.5,0.5666666666666667,0.6,0.5666666666666667,1.8077619818868274e-16,False
SSI_1090000584,90,0.5333333333333333,0.19324247638295872,6.999601826838849e-13,3794.0,0.5166666666666667,0.5666666666666667,0.5166666666666667,8.562857918361195e-13,False
SSI_1095693734,90,0.5888888888888889,0.19389864018037867,1.8098196838163068e-16,3375.0,0.5166666666666667,0.7,0.55,2.8197637038030847e-16,False
SSI_1127754775,90,0.6777777777777778,0.19137893275958515,1.2321510630324618e-23,4301.5,0.6833333333333333,0.6666666666666666,0.6833333333333333,5.948903254917598e-23,False
SSI_1131927349,90,0.5277777777777778,0.193815642932792,7.838823111944984e-13,6078.5,0.45,0.5666666666666667,0.5666666666666667,9.546482982293916e-13,False
SSI_1148989064,90,0.798148148148148,0.2026509806420679,8.358994658884757e-34,5299.0,0.7777777777777778,0.8166666666666667,0.8,2.3982012403285633e-31,False
SSI_1152400144,90,0.6314814814814814,0.2000505013721605,4.546141607835751e-19,2994.0,0.6111111111111112,0.65,0.6333333333333333,9.444067982944507e-19,False
SSI_1079409365,90,0.7805555555555556,0.2102598582623482,1.9218297602617173e-30,5350.0,0.8583333333333333,0.8333333333333334,0.65,1.107636114010971e-28,False
SSI_1106957319,90,0.48333333333333334,0.20913804247881068,3.5718968714238094e-09,3204.0,0.7333333333333333,0.4,0.31666666666666665,3.823901865419967e-09,False
SSI_1128752923,90,0.7916666666666666,0.20890899081213898,9.368059259277881e-32,3523.5,0.825,0.85,0.7,9.535903654339944e-30,False
SSI_1129340941,90,0.55,0.20779451715765368,5.143217893062861e-13,3402.5,0.5666666666666667,0.6,0.48333333333333334,6.33949612146951e-13,False
SSI_1131861010,90,0.6277777777777778,0.2084713080386451,2.177251093371505e-17,5871.5,0.5166666666666667,0.8,0.5666666666666667,3.7222004346442176e-17,False
SSI_1131949332,90,0.625925925925926,0.19200382296483096,4.2955706911166837e-19,5693.0,0.6166666666666667,0.6833333333333333,0.5777777777777777,8.97697108502828e-19,False
SSI_1143641265,90,0.7388888888888889,0.21184779387145494,5.287809021383603e-26,5212.5,0.7666666666666667,0.7333333333333333,0.7166666666666667,4.784487940459312e-25,False
SSI_1158552838,90,0.6527777777777778,0.2079914691372636,6.353678648473567e-20,3172.0,0.475,0.8666666666666667,0.6166666666666667,1.522902178637126e-19,False
SSI_1159987501,90,0.7333333333333333,0.21305006539636878,7.411453537221943e-26,2172.0,0.7666666666666667,0.7333333333333333,0.7,6.397943813227282e-25,False
SSI_1161108390,90,0.7777777777777778,0.2067202229040034,6.392658844216951e-31,2281.0,0.7666666666666667,0.8,0.7666666666666667,4.732504714067276e-29,False
SSI_1074783670,90,0.5583333333333333,0.21421150844589298,1.7167376160693508e-12,5085.5,0.475,0.5666666666666667,0.6333333333333333,2.0649876888515137e-12,False
SSI_1079463940,90,0.675,0.2170666188205995,1.0713675756330443e-20,2203.0,0.6333333333333333,0.6666666666666666,0.725,2.869902398324043e-20,False
SSI_1079467614,90,0.7361111111111112,0.21046535358041324,3.5768832437324476e-26,6633.5,0.7166666666666667,0.6333333333333333,0.8583333333333333,3.481404687027239e-25,False
SSI_1109738390,90,0.5583333333333333,0.20987663452988964,7.645533733470586e-13,3886.5,0.375,0.6666666666666666,0.6333333333333333,9.329689765668653e-13,False
SSI_1132178884,90,0.5722222222222222,0.21588878874595763,1.0173309903701726e-13,4654.5,0.5,0.6,0.6166666666666667,1.3066980070842963e-13,False
SSI_1145667195,90,0.5722222222222222,0.21226654811362075,5.002517044606742e-14,2641.0,0.5333333333333333,0.4666666666666667,0.7166666666666667,6.56522889314756e-14,False
SSI_1151847165,90,0.6194444444444445,0.2038675275924122,7.5551982785831e-18,2725.0,0.375,0.7166666666666667,0.7666666666666667,1.3482358944177147e-17,False
SSI_1159512123,90,0.6666666666666666,0.21686057979722573,7.536571047496832e-20,3310.0,0.6,0.7333333333333333,0.6666666666666666,1.7789220356555326e-19,False
SSI_1163856340,90,0.6333333333333333,0.20948027335985606,4.286822632111214e-18,3056.5,0.5666666666666667,0.7166666666666667,0.6166666666666667,7.83299004506185e-18,False
SSI_1067812309,90,0.6018518518518519,0.1952212518136155,4.030035686696917e-17,4671.5,0.5611111111111111,0.5777777777777777,0.6666666666666666,6.697535498367733e-17,False
SSI_1079675505,90,0.6777777777777778,0.19765599790407926,7.074048132730787e-23,5562.5,0.5333333333333333,0.6333333333333333,0.8666666666666667,2.9592293815515944e-22,False
SSI_1089677402,90,0.5833333333333334,0.19075501195140135,5.226195949062161e-16,4711.0,0.35,0.6333333333333333,0.7666666666666667,7.766178043527288e-16,False
SSI_1094227593,90,0.5203703703703704,0.19323328818471885,3.293678136428828e-12,4076.0,0.38333333333333336,0.611111111111111,0.5666666666666667,3.911743163488394e-12,False
SSI_1129311609,90,0.6037037037037037,0.18939418078530268,1.0103895748376146e-17,3864.0,0.5111111111111112,0.5333333333333333,0.7666666666666667,1.7758141952002102e-17,False
SSI_1132071718,90,0.612962962962963,0.189113797436813,1.4297294761623067e-18,4699.0,0.5611111111111112,0.611111111111111,0.6666666666666666,2.739473811972169e-18,False
SSI_1157684196,90,0.5166666666666667,0.19875274002186963,4.055331207127271e-11,1932.0,0.38333333333333336,0.5,0.6666666666666666,4.5845322253641477e-11,False
SSI_1159841567,89,0.6367041198501873,0.18892131060330886,1.2220948075493112e-20,4157.0,0.4444444444444444,0.7444444444444444,0.7241379310344828,3.2487242816572005e-20,False
SSI_1160095649,90,0.6555555555555556,0.19219325158028583,1.0927806379873442e-21,2856.5,0.65,0.7166666666666667,0.6,3.5500839077168645e-21,False
SSI_1162687062,90,0.6296296296296297,0.18950602391763868,3.164399570927656e-20,4293.5,0.5055555555555556,0.5833333333333334,0.8,7.95332114380274e-20,False
SSI_1082112424,90,0.5722222222222222,0.19972313176955261,3.774920241680008e-15,7896.0,0.6833333333333333,0.5,0.5333333333333333,5.284888338352011e-15,False
SSI_1115744727,90,0.675,0.2038678984921577,3.747613823963242e-22,4367.0,0.6666666666666666,0.7833333333333333,0.575,1.3307297342939244e-21,False
SSI_1116527955,90,0.6148148148148148,0.19351874611608957,4.212639584570229e-18,3195.5,0.4944444444444444,0.7833333333333333,0.5666666666666667,7.703202473881039e-18,False
SSI_1129228563,90,0.5851851851851851,0.19555760730551114,2.6395053056588383e-16,3381.0,0.4888888888888889,0.6,0.6666666666666666,4.042828502648616e-16,False
SSI_1131928672,90,0.2,0.20459485356372273,0.5846787040217886,3952.5,0.16666666666666666,0.25,0.18333333333333332,0.5856375866852109,True
SSI_1131936514,90,0.5083333333333333,0.20351583033831788,9.355082484018021e-11,9194.0,0.5,0.48333333333333334,0.5416666666666666,1.0483700233236709e-10,False
SSI_1132159120,90,0.45555555555555555,0.20308941785936221,6.277066130505656e-08,14948.5,0.35,0.65,0.36666666666666664,6.53103601227654e-08,False
SSI_1132242533,90,0.5361111111111111,0.202939873610854,4.48875800868116e-12,3983.5,0.45,0.65,0.5083333333333333,5.3027252491334985e-12,False
SSI_1152867247,90,0.637037037037037,0.20239986465531104,8.045563164331499e-19,3599.0,0.611111111111111,0.65,0.65,1.5941046886019347e-18,False
SSI_1163170617,90,0.5638888888888889,0.21647360070484437,5.559479437187902e-13,2414.0,0.5,0.65,0.5416666666666666,6.840768162043747e-13,False
SSI_1079243623,90,0.5666666666666667,0.20395873099686723,4.8582627057428986e-14,4652.5,0.5,0.5,0.7,6.381040747381667e-14,False
SSI_1087332885,90,0.6055555555555555,0.19252243353392268,2.1370118457448566e-17,5226.5,0.6333333333333333,0.6166666666666667,0.5666666666666667,3.658528338580718e-17,False
SSI_1106439203,90,0.6555555555555556,0.19414143621148164,1.8416441020277547e-21,4803.5,0.7,0.6333333333333333,0.6333333333333333,5.7095641386469606e-21,False
SSI_1126922819,90,0.5722222222222222,0.20393341708923948,9.192473418727355e-15,3741.5,0.5,0.7166666666666667,0.5,1.2524937290547088e-14,False
SSI_1131880402,90,0.6611111111111111,0.19737678626160363,5.4551236855880455e-22,6107.5,0.7166666666666667,0.6166666666666667,0.65,1.8823258706061574e-21,False
SSI_1131887012,90,0.6592592592592592,0.19240451270348483,1.1567600043964418e-21,3072.0,0.6777777777777777,0.6333333333333333,0.6666666666666666,3.728441798361255e-21,False
SSI_1132233090,90,0.6703703703703703,0.20366090693080124,2.8408557278529868e-21,3158.5,0.6444444444444444,0.6333333333333333,0.7333333333333333,8.463671394079083e-21,False
SSI_1143734760,90,0.5138888888888888,0.21309597688417908,4.642120673994649e-10,6872.0,0.20833333333333334,0.6666666666666666,0.6666666666666666,5.101529827516386e-10,False
SSI_1156098101,90,0.6703703703703703,0.20226239572237953,1.9780135818965197e-21,4767.0,0.6444444444444444,0.65,0.7166666666666667,6.101372702743936e-21,False
SSI_1160274054,90,0.537037037037037,0.19887403266817522,2.0898382272829822e-12,4259.5,0.3444444444444444,0.6666666666666666,0.6,2.5039111276372366e-12,False
SSI_1079572131,90,0.4527777777777778,0.1919895939018687,1.2011827143358567e-08,3972.0,0.2916666666666667,0.5055555555555555,0.5611111111111111,1.2648661082424562e-08,False
SSI_1092581112,90,0.43518518518518523,0.19493865149619272,2.1471086394036746e-07,3463.0,0.43333333333333335,0.33888888888888885,0.5333333333333333,2.2169849560706581e-07,False
SSI_1106575059,90,0.6092592592592593,0.18412948649604605,4.055654749093792e-19,4578.5,0.5666666666666667,0.5611111111111111,0.7,8.497396699859463e-19,False
SSI_1132064270,90,0.5648148148148148,0.19254649986967934,4.4187767677307306e-15,7039.0,0.65,0.48333333333333334,0.5611111111111111,6.161570572811743e-15,False
SSI_1132179683,90,0.5472222222222223,0.19260022132599358,1.2464356658788514e-13,3225.5,0.30833333333333335,0.6333333333333333,0.7,1.58761331164861e-13,False
SSI_1154427941,90,0.625925925925926,0.19659708756032598,1.3363098479147002e-18,4164.0,0.55,0.6,0.7277777777777777,2.5725807395237294e-18,False
SSI_1159208758,90,0.5342592592592593,0.2008187696176462,3.0202091869921568e-12,1942.0,0.5916666666666667,0.43333333333333335,0.5777777777777777,3.5939459541265655e-12,False
SSI_1160208326,90,0.6648148148148149,0.18969624490982248,6.66545163323848e-23,8434.5,0.6,0.5666666666666667,0.8277777777777777,2.8027019518075056e-22,False
SSI_1163180057,90,0.6851851851851851,0.190727135463714,1.1217308617337413e-24,3191.5,0.6166666666666667,0.6777777777777777,0.7611111111111111,6.902741801550453e-24,False
SSI_1079342000,90,0.7138888888888889,0.2053321179623038,8.166695337070195e-25,3297.0,0.7833333333333333,0.675,0.6833333333333333,5.278104949328699e-24,False
SSI_1093021445,90,0.6,0.20302644076849083,2.378822440906643e-16,5209.0,0.45,0.6833333333333333,0.6666666666666666,3.655008316437062e-16,False
SSI_1106213651,90,0.6833333333333333,0.199569132509329,1.3785568629512132e-23,3367.5,0.6833333333333333,0.6333333333333333,0.7333333333333333,6.564940382436284e-23,False
SSI_1115699454,90,0.6027777777777777,0.20566676225764655,4.254969464972044e-16,8037.5,0.5,0.675,0.6333333333333333,6.377233376028653e-16,False
SSI_1125752184,90,0.5166666666666667,0.20597865944019095,1.426233318490778e-10,7114.5,0.7666666666666667,0.26666666666666666,0.5166666666666667,1.5924533807463302e-10,False
SSI_1128716803,90,0.6111111111111112,0.20413281785012347,5.0562156311231626e-17,3403.5,0.65,0.5666666666666667,0.6166666666666667,8.346172153266139e-17,False
SSI_1131393066,90,0.7194444444444444,0.20736221243046898,1.4938067036902159e-25,4155.0,0.7666666666666667,0.7083333333333334,0.6833333333333333,1.1810258178366333e-24,False
SSI_1131976524,90,0.5444444444444444,0.20618524216887338,1.791415604532277e-12,3013.0,0.5666666666666667,0.4,0.6666666666666666,2.150579027947102e-12,False
SSI_1132191924,90,0.6,0.20106002304298964,1.5332354667358766e-16,6884.0,0.5333333333333333,0.6333333333333333,0.6333333333333333,2.4057124246857716e-16,False
SSI_1157231992,90,0.6092592592592593,0.1910295199107413,2.2959523495213658e-18,5156.5,0.711111111111111,0.6333333333333333,0.48333333333333334,4.317945796674901e-18,False
SSI_1132078749,82,0.4878048780487805,0.20989911210301715,2.1680268724229722e-08,4542.5,0.4107142857142857,0.42,0.6206896551724138,2.2683039183423216e-08,False
SSI_1087973145,90,0.6444444444444445,0.21453792129574836,2.0934412913977616e-18,4039.0,0.6166666666666667,0.7,0.6166666666666667,3.9523006761087566e-18,False
SSI_1106111854,90,0.5916666666666667,0.19836725295800978,4.956511454528515e-16,3047.0,0.45,0.7,0.625,7.387893522521758e-16,False
SSI_1113677206,90,0.7305555555555555,0.21598578324416565,1.675050007704858e-25,4755.0,0.7,0.7333333333333333,0.7583333333333333,1.2908981605119773e-24,False
SSI_1117104875,90,0.75,0.2217610589659787,7.807466173563804e-27,3814.0,0.6333333333333333,0.8166666666666667,0.8,9.349823461772731e-26,False
SSI_1130797081,90,0.5305555555555556,0.21677193054329058,5.219982828125263e-11,5688.0,0.2833333333333333,0.6666666666666666,0.6416666666666667,5.876690345211988e-11,False
SSI_1131876986,90,0.7222222222222222,0.21739902507315997,2.3614450084549958e-24,5407.0,0.6833333333333333,0.6333333333333333,0.85,1.3416302687571056e-23,False
SSI_1136333254,90,0.5037037037037037,0.2238210277227329,8.940349744974071e-09,11453.5,0.43333333333333335,0.5,0.5777777777777777,9.459192042863428e-09,False
SSI_1143703895,90,0.6388888888888888,0.2151000872963128,2.382737585281873e-18,3095.0,0.5666666666666667,0.6833333333333333,0.6666666666666666,4.464990685916032e-18,False
SSI_1159010540,90,0.5777777777777777,0.22166460817307937,3.056924802079972e-13,3948.0,0.43333333333333335,0.6333333333333333,0.6666666666666666,3.810238414021108e-13,False
SSI_1074252141,90,0.6648148148148149,0.21858179907281808,1.1355172888131183e-19,2898.5,0.5333333333333333,0.7444444444444444,0.7166666666666667,2.5877506870992986e-19,False
SSI_1079308233,90,0.625925925925926,0.21939014977943266,2.3972819158288735e-16,4423.5,0.6,0.5777777777777778,0.7,3.6810557639031665e-16,False
SSI_1079313975,90,0.7574074074074073,0.22243976335247517,9.431657725628682e-27,5003.5,0.6666666666666666,0.8,0.8055555555555555,1.0868650860240977e-25,False
SSI_1093408918,90,0.6277777777777778,0.21702793987782565,1.4450294605766515e-16,3445.5,0.55,0.7666666666666667,0.5666666666666667,2.2746178944515204e-16,False
SSI_1131939707,90,0.7314814814814816,0.22290112048813104,1.088851577844112e-24,3273.5,0.6666666666666666,0.8333333333333334,0.6944444444444444,6.751432499170472e-24,False
SSI_1132159973,90,0.5814814814814814,0.2176951632312921,1.4410727170322948e-13,4932.5,0.4166666666666667,0.6333333333333333,0.6944444444444444,1.82980283145005e-13,False
SSI_1144882346,90,0.5074074074074074,0.21481681261571653,6.123862464921102e-10,5015.5,0.39444444444444443,0.4444444444444444,0.6833333333333333,6.697696221394205e-10,False
SSI_1160011957,90,0.7481481481481482,0.22266386266459098,1.0423269772912955e-25,2470.0,0.6166666666666667,0.8277777777777777,0.8,8.631880696686898e-25,False
SSI_1161699243,90,0.6907407407407407,0.2223798293254244,5.127210095455313e-21,2386.5,0.65,0.6833333333333333,0.7388888888888888,1.459880450256099e-20,False
SSI_1162754793,90,0.6481481481481481,0.21868318114642418,5.3853730175147605e-18,5316.5,0.5666666666666667,0.65,0.7277777777777777,9.723921863849638e-18,False
SSI_1079239473,90,0.28888888888888886,0.21128866250517156,0.05080384894221781,3841.0,0.25,0.21666666666666667,0.4,0.050991702122365694,True
SSI_1092044891,90,0.5564814814814815,0.21152758516279632,1.043104884381591e-12,4273.5,0.525,0.6444444444444444,0.5,1.2671831091716692e-12,False
SSI_1093097038,90,0.5444444444444444,0.2057257311024051,1.6432403695279848e-12,6984.5,0.43333333333333335,0.5666666666666667,0.6333333333333333,1.9785294345770658e-12,False
SSI_1094264153,90,0.7287037037037036,0.20942175128069998,2.6577030754698436e-26,2302.5,0.725,0.6833333333333333,0.7777777777777779,2.6609707431855854e-25,False
SSI_1097227259,90,0.6537037037037037,0.21178463133071077,1.595992612382098e-19,3906.5,0.5166666666666667,0.7611111111111111,0.6833333333333333,3.5574908321619206e-19,False
SSI_1114765568,90,0.6537037037037037,0.20574770691232375,3.649910857210965e-20,5320.5,0.5666666666666667,0.6,0.7944444444444445,9.08943142116859e-20,False
SSI_1132107087,90,0.6425925925925926,0.21051728375954776,8.194366040644669e-19,3362.5,0.65,0.6777777777777777,0.6,1.6217590241354668e-18,False
SSI_1139323827,90,0.5425925925925925,0.21732907675298183,1.3476000486808485e-11,1876.0,0.43333333333333335,0.5611111111111111,0.6333333333333333,1.5521861946852018e-11,False
SSI_1157998121,90,0.5583333333333333,0.21302256402319675,1.378162252778733e-12,5912.0,0.39166666666666666,0.6333333333333333,0.65,1.6651089928478955e-12,False
SSI_1158728595,90,0.6083333333333333,0.2097544314932997,1.7693934913659784e-16,5562.5,0.6083333333333333,0.6222222222222221,0.5944444444444446,2.7620628111227384e-16,False
SSI_1079202712,90,0.637037037037037,0.1966882361727732,1.9800845688280986e-19,8098.5,0.6944444444444444,0.5666666666666667,0.65,4.346223361767336e-19,False
SSI_1079203254,90,0.6583333333333333,0.19982013469730026,8.146398407711296e-21,4174.0,0.6166666666666667,0.625,0.7333333333333333,2.2137543170232143e-20,False
SSI_1079369556,90,0.6148148148148148,0.1873940617602025,9.298997906651561e-19,6359.5,0.5111111111111111,0.6333333333333333,0.7,1.8261617271663796e-18,False
SSI_1106408833,90,0.6694444444444444,0.196393299224044,4.190157028549029e-22,3054.0,0.6166666666666667,0.5916666666666667,0.8,1.4792707544429591e-21,False
SSI_1107090893,90,0.6314814814814814,0.1987448078250405,3.2986825041177973e-19,3880.5,0.5444444444444444,0.65,0.7,7.014669612387655e-19,False
SSI_1131861790,90,0.65,0.19838974718461802,4.223241084050651e-20,4542.5,0.4,0.65,0.9,1.0400582629370706e-19,False
SSI_1131994294,90,0.5537037037037037,0.2018093838309965,1.597405314885859e-13,5366.5,0.4277777777777778,0.5333333333333333,0.7,2.0240981246193743e-13,False
SSI_1156499247,90,0.6944444444444444,0.20288330718490125,3.4163838158032866e-23,5059.0,0.5833333333333334,0.65,0.85,1.5286127586094192e-22,False
SSI_1158811310,90,0.6722222222222223,0.20096064719982493,1.4084272824115238e-21,4252.0,0.6,0.6166666666666667,0.8,4.468555650560198e-21,False
SSI_1159548788,90,0.5166666666666667,0.2016270950356418,6.737633556013395e-11,3598.0,0.25,0.4666666666666667,0.8333333333333334,7.574799253263103e-11,False
SSI_1066890913,90,0.6537037037037037,0.19779523704034147,4.821819681891547e-21,2495.5,0.6666666666666666,0.7166666666666667,0.5777777777777777,1.3777433313287776e-20,False
SSI_1079322851,90,0.55,0.20421654846766144,2.570377164751862e-13,5416.0,0.43333333333333335,0.5833333333333334,0.6333333333333333,3.223527419655441e-13,False
SSI_1096774252,90,0.5814814814814815,0.19863277081329214,2.986204554488082e-15,4685.5,0.4666666666666667,0.6833333333333333,0.5944444444444444,4.204782551362757e-15,False
SSI_1105669526,90,0.6611111111111111,0.19818354378522077,6.765395869629875e-22,3413.5,0.6166666666666667,0.75,0.6166666666666667,2.2955364040980254e-21,False
SSI_1110759388,90,0.5777777777777777,0.21108665701652965,3.956350612583801e-14,3027.0,0.5166666666666667,0.55,0.6666666666666666,5.221698836597637e-14,False
SSI_1142789124,90,0.5944444444444444,0.2020598844613575,1.9181801159862492e-16,5757.0,0.6333333333333333,0.6,0.55,2.977200777226434e-16,False
SSI_1147052603,90,0.6333333333333333,0.20608995465244842,1.94092777690634e-18,3090.0,0.6333333333333333,0.55,0.7166666666666667,3.678577625277105e-18,False
SSI_1156275780,89,0.4887640449438202,0.2033905491463966,9.200394166862922e-10,7941.0,0.5344827586206896,0.36666666666666664,0.5666666666666667,1.0020759228553776e-09,False
SSI_1160113018,90,0.6814814814814815,0.1979107048747354,7.583598674699115e-23,4601.0,0.6166666666666667,0.75,0.6777777777777778,3.156172327476991e-22,False
SSI_1083538813,90,0.6092592592592593,0.22773143216867442,7.441686925143171e-15,4127.5,0.5277777777777778,0.45,0.85,1.0207771565482745e-14,False
SSI_1106159062,90,0.7074074074074075,0.22932046783270799,4.411465499558452e-22,6074.0,0.611111111111111,0.65,0.861111111111111,1.5418040365409583e-21,False
SSI_1108557630,90,0.6592592592592593,0.2308667320124582,1.2352680445804509e-17,3756.0,0.6666666666666666,0.6833333333333333,0.6277777777777778,2.1524677838160066e-17,False
SSI_1109341122,90,0.5203703703703704,0.22420179002960794,7.003300072608994e-10,4963.0,0.38333333333333336,0.5,0.6777777777777777,7.64479985584619e-10,False
SSI_1119730535,90,0.7259259259259259,0.22707069113121384,2.949827372842016e-23,5774.0,0.611111111111111,0.6833333333333333,0.8833333333333333,1.3345237540468602e-22,False
SSI_1124335787,90,0.7555555555555555,0.22913656056573678,5.883016563485003e-26,4851.0,0.7666666666666667,0.7166666666666667,0.7833333333333333,5.245331921384621e-25,False
SSI_1127571477,90,0.7148148148148149,0.2313601213988585,7.268614939077032e-22,6127.0,0.6666666666666666,0.6666666666666666,0.8111111111111111,2.4367368582673855e-21,False
SSI_1131933794,90,0.65,0.22813224835042342,4.284894712486968e-17,2731.0,0.4666666666666667,0.75,0.7333333333333333,7.116245943307724e-17,False
SSI_1155730015,90,0.6111111111111112,0.23272243616393903,1.9665257084474452e-14,4873.5,0.38333333333333336,0.7666666666666667,0.6833333333333333,2.6281303641887903e-14,False
SSI_1158409075,90,0.7166666666666667,0.22634376134826778,2.1085780793795712e-22,4665.5,0.5833333333333334,0.75,0.8166666666666667,7.88860068594838e-22,False
SSI_1125210050,90,0.6092592592592592,0.20618028559954765,8.01835338093046e-17,3780.5,0.5,0.5944444444444446,0.7333333333333333,1.3007196088720526e-16,False
SSI_1131963343,90,0.5537037037037037,0.2072020553915167,4.590151719666585e-13,4305.0,0.4611111111111111,0.5,0.7,5.669231876211054e-13,False
SSI_1132131906,90,0.5259259259259259,0.2083996232332949,5.213681556656182e-11,3843.5,0.5611111111111111,0.5833333333333334,0.43333333333333335,5.872302463306156e-11,False
SSI_1132182399,90,0.6407407407407408,0.202937323675104,1.316333081733477e-19,3632.5,0.4944444444444444,0.7944444444444444,0.6333333333333333,2.966606751545096e-19,False
SSI_1132290298,90,0.548148148148148,0.20061824772798617,6.184727224202321e-13,5355.0,0.4611111111111111,0.5,0.6833333333333333,7.588793876808775e-13,False
SSI_1158133968,90,0.662962962962963,0.20705710102735858,6.760955711001674e-21,3585.0,0.5333333333333333,0.7388888888888888,0.7166666666666667,1.8726774151901462e-20,False
SSI_1160019478,90,0.6,0.20477317626066296,3.4985221579240777e-16,4203.5,0.5,0.6166666666666667,0.6833333333333333,5.28891685136666e-16,False
SSI_1160251700,90,0.7407407407407408,0.20966992114334226,2.695263476364095e-27,4040.5,0.6944444444444444,0.7444444444444444,0.7833333333333333,3.784211880895106e-26,False
SSI_1163179570,90,0.6333333333333333,0.2002349397001309,4.755894503880273e-19,3029.5,0.47777777777777775,0.6388888888888888,0.7833333333333333,9.829653361234779e-19,False
SSI_1079380755,90,0.65,0.20878615134530396,5.435188918466618e-19,4617.5,0.6333333333333333,0.7666666666666667,0.55,1.1130064147371291e-18,False
SSI_1079385873,90,0.587037037037037,0.21284262285464003,1.0756544686508368e-14,7325.0,0.4944444444444444,0.5,0.7666666666666667,1.460713655872148e-14,False
SSI_1098801748,90,0.6277777777777778,0.20851313541448555,2.197998848202362e-17,3482.0,0.48333333333333334,0.7,0.7,3.755042787523336e-17,False
SSI_1107018303,90,0.5203703703703704,0.2113973277010521,8.713305668902898e-11,4652.5,0.611111111111111,0.4666666666666667,0.48333333333333334,9.768979233194025e-11,False
SSI_1125275214,90,0.6555555555555556,0.20128936552877993,1.1871881629091009e-20,3010.5,0.4666666666666667,0.8166666666666667,0.6833333333333333,3.162814266070811e-20,False
SSI_1131871563,90,0.6888888888888889,0.21453033471004576,7.271310559463464e-22,5187.5,0.6,0.7333333333333333,0.7333333333333333,2.4367368582673855e-21,False
SSI_1132178804,90,0.6481481481481481,0.2101931342410936,7.590393096669547e-19,3385.0,0.5444444444444444,0.7666666666666667,0.6333333333333333,1.511273865946512e-18,False
SSI_1138816047,90,0.7583333333333333,0.21039940086203848,2.9856784614697507e-28,5357.5,0.7416666666666667,0.8,0.7333333333333333,5.978698755221804e-27,False
SSI_1158054606,90,0.6555555555555556,0.20802036981402072,6.39890812613751e-20,3168.5,0.6166666666666667,0.6666666666666666,0.6833333333333333,1.5311001520229126e-19,False
SSI_1162887272,90,0.6444444444444445,0.21132775871015902,9.917060335780472e-19,3123.0,0.45,0.7,0.7833333333333333,1.940497597177517e-18,False
SSI_1079391918,90,0.6157407407407407,0.22705890241998603,6.514673624305201e-15,4266.0,0.6138888888888888,0.5666666666666667,0.6666666666666666,8.99680478472448e-15,False
SSI_1080520949,90,0.6055555555555555,0.21892377706767338,6.885378155275645e-15,4688.0,0.5666666666666667,0.5833333333333334,0.6666666666666666,9.492651711816253e-15,False
SSI_1089361593,90,0.5824074074074074,0.21608254593003282,1.0562386286391349e-13,4281.5,0.4972222222222222,0.55,0.7,1.3538252726995838e-13,False
SSI_1110714522,90,0.5833333333333334,0.2235971981558865,4.3804202099442446e-13,8348.5,0.5833333333333334,0.5333333333333333,0.6333333333333333,5.415671342557586e-13,False
SSI_1138155937,90,0.687037037037037,0.22403499472816588,7.660135665981591e-21,5718.5,0.6944444444444444,0.65,0.7166666666666667,2.0979497121068417e-20,False
SSI_1142734511,90,0.6166666666666667,0.22317226506114282,5.316177712593107e-16,3301.0,0.6,0.5166666666666667,0.7333333333333333,7.890292923368749e-16,False
SSI_1151967970,90,0.5592592592592592,0.22367136967543907,9.316480136728193e-12,5685.0,0.4944444444444444,0.6,0.5833333333333334,1.0807293909794385e-11,False
SSI_1157804205,90,0.437037037037037,0.22628587569935676,1.041319229287586e-05,2858.0,0.3777777777777777,0.45,0.48333333333333334,1.0595347260098179e-05,False
SSI_999501762,90,0.5111111111111111,0.22841560732641644,4.913332254701105e-09,4032.5,0.5,0.36666666666666664,0.6666666666666666,5.237029100451483e-09,False
SSI_1073689040,90,0.6518518518518519,0.203123355186072,1.8910583293043935e-20,2722.0,0.5944444444444444,0.5666666666666667,0.7944444444444444,4.899104452270025e-20,False
SSI_1079345626,90,0.6944444444444444,0.2061650028441267,8.252186153072709e-23,6099.5,0.65,0.6333333333333333,0.8,3.3996780391157886e-22,False
SSI_1087745862,90,0.6296296296296297,0.200906740293638,5.602747651702825e-19,1811.5,0.4944444444444444,0.65,0.7444444444444444,1.1453985366619247e-18,False
SSI_1099619755,90,0.7481481481481481,0.21331468550567628,7.70609972477756e-27,3847.0,0.7277777777777779,0.7333333333333333,0.7833333333333333,9.273892427404719e-26,False
SSI_1106297533,90,0.6055555555555555,0.20880544656160765,8.392063158297057e-16,4413.5,0.5666666666666667,0.6,0.65,1.2333428918917866e-15,False
SSI_1132060366,90,0.7055555555555556,0.2036574508195367,5.1014090670529475e-25,3232.5,0.6666666666666666,0.7166666666666667,0.7333333333333333,3.442746505748716e-24,False
SSI_1133889875,90,0.6444444444444445,0.2059430783532456,2.7446197302200863e-19,2211.5,0.6833333333333333,0.5833333333333334,0.6666666666666666,5.897190853938145e-19,False
SSI_1154172087,90,0.7,0.20674210598898565,1.1070732169512162e-23,3606.5,0.5666666666666667,0.7,0.8333333333333334,5.397799661308827e-23,False
SSI_1160135496,90,0.6444444444444445,0.2093005724331799,6.143053595480848e-19,5145.0,0.4,0.7166666666666667,0.8166666666666667,1.2454340193991463e-18,False
SSI_1163567644,90,0.6925925925925925,0.2046779056033173,5.544911257796866e-23,5056.0,0.6444444444444445,0.7333333333333333,0.7,2.3674708524524635e-22,False
SSI_1074870492,90,0.6333333333333333,0.18989793007595693,3.504839630826449e-20,5723.5,0.5833333333333334,0.7333333333333333,0.5833333333333334,8.745988986832498e-20,False
SSI_1081557227,90,0.7111111111111111,0.19213397505732932,1.7682898238339307e-26,7495.5,0.6,0.75,0.7833333333333333,1.8701004500546721e-25,False
SSI_1106359611,90,0.7388888888888889,0.19407829052981684,2.753146315471494e-28,5383.0,0.7,0.8,0.7166666666666667,5.604947040580717e-27,False
SSI_1111404741,90,0.7925925925925927,0.19471582504456697,8.834961589421641e-34,4078.0,0.75,0.85,0.7777777777777778,2.3982012403285633e-31,False
SSI_1116659788,90,0.6388888888888888,0.19009138801137382,4.88733297365732e-21,5381.0,0.5,0.7666666666666667,0.65,1.3948311278790695e-20,False
SSI_1131861684,90,0.7333333333333333,0.19319131750670404,2.088177262536734e-28,4590.0,0.75,0.75,0.7,4.5145283649356115e-27,False
SSI_1135772902,90,0.7055555555555556,0.1907559729189237,1.1650176255217717e-26,2327.5,0.7666666666666667,0.6833333333333333,0.6666666666666666,1.3176565088655965e-25,False
SSI_1158305834,90,0.7592592592592592,0.18852825632274484,3.0873590402289837e-31,4222.0,0.7833333333333333,0.7333333333333333,0.7611111111111111,2.693720762599788e-29,False
SSI_1158769040,90,0.6074074074074074,0.22540921200325986,4.690603179133713e-15,5657.0,0.5833333333333334,0.6,0.638888888888889,6.5331491257831585e-15,False
SSI_1160445473,90,0.7333333333333333,0.1994637042566815,1.4318232140593718e-27,4891.0,0.7,0.8,0.7,2.213888678447497e-26,False
SSI_1163450823,90,0.5981481481481481,0.20051748944031564,1.3569747004419828e-16,4034.0,0.5833333333333334,0.6666666666666666,0.5444444444444444,2.1468822372782423e-16,False
SSI_1079204691,90,0.5888888888888889,0.2109176784643132,7.256022610024758e-15,5233.5,0.43333333333333335,0.6166666666666667,0.7166666666666667,9.96428512439038e-15,False
SSI_1093545614,90,0.7370370370370369,0.19718101020277767,7.162233547775948e-28,3420.0,0.6166666666666667,0.7611111111111111,0.8333333333333334,1.2150928164733776e-26,False
SSI_1113671844,90,0.7592592592592592,0.20742507572255486,1.2296888308178684e-28,2791.0,0.5944444444444446,0.7833333333333333,0.9,2.9452253075373064e-27,False
SSI_1123666964,90,0.6166666666666667,0.2091503580362679,2.5389392561528728e-17,2851.5,0.43333333333333335,0.5166666666666667,0.9,4.316373418776248e-17,False
SSI_1132102761,90,0.7444444444444445,0.20236430885698478,3.081189401210586e-28,4467.0,0.6166666666666667,0.7833333333333333,0.8333333333333334,6.119793257851595e-27,False
SSI_1151143107,90,0.6425925925925925,0.19803108713075668,3.8559715187875317e-20,4044.5,0.5944444444444444,0.5333333333333333,0.8,9.563592304972528e-20,False
SSI_1151350942,90,0.7222222222222222,0.20735087048484352,1.489026533681833e-25,4538.5,0.6,0.7333333333333333,0.8333333333333334,1.1810258178366333e-24,False
SSI_1158767799,90,0.3759259259259259,0.19701433291489098,5.44124126930233e-05,6672.0,0.47777777777777775,0.4166666666666667,0.23333333333333334,5.515747892491947e-05,False
SSI_1158819296,90,0.6944444444444444,0.20592727296636512,7.745728992864426e-23,4218.5,0.5833333333333334,0.65,0.85,3.2086411165230037e-22,False
SSI_1159270403,90,0.6981481481481481,0.20645169148828918,1.0230902365018368e-23,4703.0,0.6111111111111112,0.6333333333333333,0.85,5.018894473441741e-23,False
SSI_1074854755,90,0.5648148148148149,0.21742023379496866,6.63470482948357e-13,3986.0,0.6333333333333333,0.46111111111111114,0.6,8.132756597304747e-13,False
SSI_1080684938,90,0.5296296296296296,0.207459257505915,1.0253387824976004e-11,6289.5,0.4277777777777778,0.5166666666666667,0.6444444444444444,1.185472146541239e-11,False
SSI_1097477322,90,0.4861111111111111,0.2111981418934297,4.898183611310256e-09,3515.5,0.24166666666666664,0.5,0.7166666666666667,5.223161310532935e-09,False
SSI_1106417293,90,0.48333333333333334,0.20286671785083155,1.3278051265592225e-09,3101.5,0.3722222222222222,0.5333333333333333,0.5444444444444444,1.439142823506735e-09,False
SSI_1122098063,90,0.5944444444444444,0.20435039269853503,3.1878738145106263e-16,3602.0,0.4388888888888889,0.6,0.7444444444444444,4.849299955697049e-16,False
SSI_1131905706,90,0.587037037037037,0.2035286727420045,1.5327514971298083e-15,7565.0,0.5333333333333333,0.5666666666666667,0.6611111111111111,2.2117613157047384e-15,False
SSI_1149509108,90,0.5537037037037037,0.20079869888369292,1.305326230265755e-13,3250.5,0.49444444444444446,0.48333333333333334,0.6833333333333333,1.6608916565308537e-13,False
SSI_1159729302,90,0.4407407407407407,0.1979098282026097,9.983513049106903e-08,5980.5,0.43888888888888894,0.36666666666666664,0.5166666666666667,1.0352174184621461e-07,False
SSI_1162307382,90,0.600925925925926,0.21059916409312818,1.2301269090889164e-15,2452.0,0.41944444444444445,0.6333333333333333,0.75,1.7866825439383013e-15,False
SSI_1090945978,90,0.6796296296296296,0.19994046216131375,1.3152116028025624e-22,4577.0,0.7,0.6888888888888888,0.65,5.190730122207851e-22,False
SSI_1093324735,90,0.5277777777777778,0.20118747768279374,3.2368677152854734e-12,7320.0,0.4666666666666667,0.48333333333333334,0.6333333333333333,3.848013541821125e-12,False
SSI_1095426693,90,0.6185185185185185,0.20744439622747754,1.7237072570104566e-17,7234.5,0.5777777777777777,0.6444444444444445,0.6333333333333333,2.9717832243306604e-17,False
SSI_1108797330,90,0.5666666666666667,0.20377106415520335,4.677006060324661e-14,5528.5,0.5,0.45,0.75,6.152894887115319e-14,False
SSI_1131940529,89,0.6235955056179775,0.20328536838124525,3.110953347931394e-18,4328.0,0.6333333333333333,0.5333333333333333,0.7068965517241379,5.76198561713146e-18,False
SSI_1132165828,90,0.6222222222222222,0.20264918515011834,5.681606075291084e-18,7546.0,0.6333333333333333,0.6333333333333333,0.6,1.0228565690446661e-17,False
SSI_1147969398,90,0.6907407407407407,0.19856288992943125,1.04293858500578e-23,4071.0,0.6,0.5888888888888889,0.8833333333333333,5.1060099462307026e-23,False
SSI_1156221238,90,0.5055555555555555,0.20809207990798986,2.0367643793693532e-10,4753.5,0.4,0.45,0.6666666666666666,2.2627627916322558e-10,False
SSI_1161591440,90,0.6388888888888888,0.20857165327887178,5.164136928210874e-19,4803.5,0.55,0.6333333333333333,0.7333333333333333,1.0592767855263782e-18,False
SSI_1163177537,90,0.55,0.20475448797121545,2.8558004554858237e-13,3740.0,0.4666666666666667,0.5333333333333333,0.65,3.565007926802181e-13,False
SSI_1079371987,90,0.45,0.20424522576161735,2.4081279221201935e-07,2567.5,0.48333333333333334,0.43333333333333335,0.43333333333333335,2.4833501535414234e-07,False
SSI_1079445391,90,0.7314814814814816,0.21186281531114612,5.310232963754241e-26,6737.0,0.5833333333333334,0.75,0.861111111111111,4.78704764961314e-25,False
SSI_1079549622,90,0.5925925925925926,0.20565155958285242,2.4132922092773314e-15,3171.5,0.4666666666666667,0.5666666666666667,0.7444444444444444,3.4337058050463135e-15,False
SSI_1108034509,90,0.7111111111111111,0.20487877310410382,7.193066335288413e-25,4262.5,0.6166666666666667,0.75,0.7666666666666667,4.7365663226710494e-24,False
SSI_1131512469,90,0.6759259259259259,0.2089077474550377,1.3884904101324983e-21,6690.0,0.6,0.6833333333333333,0.7444444444444444,4.411030002540563e-21,False
SSI_1137688090,90,0.5407407407407407,0.21177980963401977,5.022612766420007e-12,4762.0,0.4666666666666667,0.4,0.7555555555555554,5.9133701148742535e-12,False
SSI_1153670871,90,0.6074074074074075,0.20985051560122345,1.8070261572801217e-16,3815.5,0.5,0.5,0.8222222222222222,2.8172079784526724e-16,False
SSI_1160195913,90,0.49444444444444446,0.2087497104453124,3.3637884070474493e-09,6294.5,0.35,0.5,0.6333333333333333,3.6074341871891655e-09,False
SSI_1160266875,90,0.65,0.2046533082065615,2.005572877915456e-19,3029.0,0.5,0.75,0.7,4.3871636539809255e-19,False
SSI_1163173416,90,0.6166666666666667,0.21183614424763159,4.634923546314001e-17,3285.0,0.6,0.4166666666666667,0.8333333333333334,7.671489311412672e-17,False
SSI_1079216600,90,0.5074074074074074,0.1878894910952029,5.419829759598747e-12,7336.0,0.42777777777777776,0.49444444444444446,0.6,6.3718210311355815e-12,False
SSI_1079256334,90,0.6574074074074073,0.1694801266858658,1.5165305239668248e-24,4625.0,0.611111111111111,0.7,0.6611111111111111,9.080598210909198e-24,False
SSI_1095631198,90,0.5981481481481481,0.1806748166828008,1.1538094453591636e-18,2550.0,0.5333333333333333,0.6,0.6611111111111111,2.2460210956274395e-18,False
SSI_1123624750,90,0.587037037037037,0.18705372752558283,3.6528217070694875e-17,3018.5,0.4,0.6944444444444444,0.6666666666666666,6.120605919321507e-17,False
SSI_1126705176,90,0.4777777777777778,0.20129705326895864,3.881985736331115e-09,4859.5,0.35,0.5166666666666667,0.5666666666666667,4.146782314760347e-09,False
SSI_1131872258,90,0.5518518518518518,0.18102885734892327,1.8933318811140854e-15,5187.5,0.5277777777777778,0.55,0.5777777777777777,2.7128503141124402e-15,False
SSI_1132282428,90,0.6777777777777778,0.17222416944588587,3.848742112131144e-26,4439.0,0.5833333333333334,0.65,0.8,3.6872458744848563e-25,False
SSI_1137337375,90,0.6203703703703703,0.18124408878530673,2.6361899726025977e-20,6408.0,0.5666666666666667,0.6333333333333333,0.6611111111111111,6.694607175746514e-20,False
SSI_1154095164,90,0.5944444444444444,0.18779412771292092,6.847784039860875e-18,5630.5,0.4111111111111111,0.7611111111111111,0.611111111111111,1.2264762763475159e-17,False
SSI_1161996781,90,0.29074074074074074,0.18682769784888265,0.012292895195405204,3872.5,0.16666666666666666,0.27777777777777773,0.42777777777777776,0.012373936119643558,False
SSI_1087417611,90,0.7712962962962961,0.19851836088612673,6.218150803190596e-31,4645.5,0.7944444444444444,0.8277777777777778,0.6916666666666667,4.732504714067276e-29,False
SSI_1106436522,90,0.7037037037037037,0.1918301154408599,1.6202990355964605e-25,9292.0,0.611111111111111,0.7166666666666667,0.7833333333333333,1.260633931198138e-24,False
SSI_1126572327,90,0.5222222222222223,0.20825878248449553,5.0881123432882774e-11,6851.5,0.4166666666666667,0.65,0.5,5.736159877551113e-11,False
SSI_1129249210,90,0.6472222222222223,0.19878792913522025,4.671027444409126e-20,4679.0,0.65,0.6333333333333333,0.6583333333333333,1.1422742789480976e-19,False
SSI_1131856192,90,0.4675925925925926,0.1991587445852852,1.0129204345044142e-08,4172.0,0.5777777777777777,0.4166666666666667,0.4083333333333333,1.0693883411816266e-08,False
SSI_1131976141,90,0.17777777777777778,0.19516279295600691,0.701779609711288,5937.0,0.16666666666666666,0.16666666666666666,0.2,0.7023546032464878,True
SSI_1143071872,90,0.6314814814814814,0.2017659632721585,6.902525925030338e-19,5765.5,0.6666666666666666,0.7277777777777779,0.5,1.3901789641260605e-18,False
SSI_1151217980,90,0.5944444444444444,0.19958938869315498,1.1000902187548222e-16,3344.0,0.5666666666666667,0.6166666666666667,0.6,1.7588484322107532e-16,False
SSI_1159622798,90,0.6611111111111111,0.19780745144332262,6.120211005997893e-22,3610.5,0.7166666666666667,0.7166666666666667,0.55,2.082406056776163e-21,False
SSI_1160117089,90,0.637037037037037,0.2028312632069813,8.926924695754174e-19,4190.5,0.48333333333333334,0.7444444444444446,0.6833333333333333,1.7573309453446775e-18,False
SSI_1079205986,90,0.5481481481481482,0.211585786919445,4.849184822382267e-12,2258.0,0.4944444444444444,0.4166666666666667,0.7333333333333333,5.717451023687199e-12,False
SSI_1079461110,90,0.5916666666666667,0.21092761689158365,7.270871699124593e-15,4783.5,0.45,0.6083333333333333,0.7166666666666667,9.979067169079426e-15,False
SSI_1107840596,90,0.6759259259259258,0.20825269635685414,1.1736267603597884e-21,3199.5,0.48611111111111105,0.6916666666666667,0.85,3.763954809134608e-21,False
SSI_1109190880,90,0.44166666666666665,0.21618456443388392,1.133745883526842e-06,11622.0,0.3333333333333333,0.44166666666666665,0.55,1.162291730363439e-06,False
SSI_1117753125,90,0.7388888888888889,0.20275812852080793,3.831151057842366e-27,5031.5,0.8333333333333334,0.6666666666666666,0.7166666666666667,5.1425835353345604e-26,False
SSI_1125329140,90,0.475925925925926,0.206607241783812,8.795820332292624e-09,2442.5,0.19444444444444445,0.5333333333333333,0.7,9.310307223479584e-09,False
SSI_1131953795,90,0.55,0.20589333563965542,3.5647207409086533e-13,3781.0,0.4,0.55,0.7,4.4273577885306765e-13,False
SSI_1135411184,90,0.5611111111111111,0.20991442837099822,7.700379724550068e-13,7624.5,0.55,0.5,0.6333333333333333,9.391925944620977e-13,False
SSI_1156132465,90,0.673148148148148,0.19885731689101044,9.811738213085212e-23,2642.5,0.586111111111111,0.7333333333333333,0.7,3.9751370571421515e-22,False
SSI_1159291979,90,0.5472222222222223,0.21273577843932803,5.968257270527065e-12,3603.0,0.6583333333333333,0.4666666666666667,0.5166666666666667,6.996378364634174e-12,False
SSI_1080687608,90,0.7148148148148149,0.22585270694435594,1.8647861199212332e-22,2762.0,0.6333333333333333,0.6944444444444444,0.8166666666666667,7.107133371244263e-22,False
SSI_1084098690,90,0.637962962962963,0.1997253782418745,4.1981556488473536e-19,3250.5,0.5861111111111111,0.5944444444444444,0.7333333333333333,8.786489647311533e-19,False
SSI_1112815568,90,0.65,0.21036866254563327,7.911841311994159e-19,3492.5,0.611111111111111,0.5722222222222222,0.7666666666666667,1.5701566470513185e-18,False
SSI_1126712517,90,0.5925925925925926,0.21338303221331723,1.200373298311528e-14,4875.5,0.45,0.611111111111111,0.7166666666666667,1.6246603699584838e-14,False
SSI_1131893592,90,0.5555555555555556,0.21393162665501364,1.6304567903838241e-12,8789.5,0.43333333333333335,0.5555555555555555,0.6777777777777777,1.9641054925580285e-12,False
SSI_1141182353,90,0.5166666666666667,0.21423233362364666,5.575920277044828e-10,5341.5,0.5,0.4166666666666667,0.6333333333333333,6.111248648192246e-10,False
SSI_1142047201,90,0.637037037037037,0.21176684500200788,7.251292240290616e-18,5398.5,0.5833333333333334,0.55,0.7777777777777778,1.2958966307995592e-17,False
SSI_1145758236,90,0.5944444444444444,0.2024129473008782,2.0753788549840935e-16,5748.0,0.6111111111111112,0.5611111111111111,0.611111111111111,3.2109883107828627e-16,False
SSI_1158752334,37,0.0945945945945946,0.23727784939241295,0.9861905861335071,4696.0,0.08695652173913043,,0.10714285714285714,0.9861905861335071,True
SSI_1159483823,89,0.5393258426966292,0.19885325091675793,1.2049314214859378e-12,4310.0,0.29310344827586204,0.7166666666666667,0.6,1.4586954720962071e-12,False
SSI_1079284361,90,0.687037037037037,0.21320784109036428,5.189239193923098e-22,4679.0,0.6,0.6611111111111111,0.8,1.7931133452268923e-21,False
SSI_1087992773,90,0.6444444444444445,0.2303612883843304,6.881826773779811e-17,4651.5,0.5833333333333334,0.6666666666666666,0.6833333333333333,1.123066319862664e-16,False
SSI_1093056085,90,0.6574074074074073,0.21161916789653654,1.53377522814778e-19,7038.5,0.4944444444444444,0.6444444444444444,0.8333333333333334,3.4281911092086246e-19,False
SSI_1095428645,90,0.6555555555555556,0.2133461951249612,2.3185394179056078e-19,5606.0,0.5,0.75,0.7166666666666667,5.030365717534104e-19,False
SSI_1107148361,90,0.6231481481481481,0.2177312332315382,1.6812842618846027e-16,2636.0,0.5361111111111112,0.6333333333333333,0.7,2.6312475668059475e-16,False
SSI_1131874500,90,0.6833333333333333,0.21672961003937946,1.2674243689230187e-21,2356.0,0.6,0.6666666666666666,0.7833333333333333,4.042190252322369e-21,False
SSI_1132232502,90,0.6481481481481481,0.21274331444779268,1.3810125719613245e-18,4211.5,0.55,0.5944444444444444,0.8,2.6565462309460754e-18,False
SSI_1151215940,90,0.5222222222222223,0.21540747046036415,1.7052001653272903e-10,4584.0,0.5333333333333333,0.5,0.5333333333333333,1.897860594029417e-10,False
SSI_1159021310,90,0.6611111111111111,0.21258376855046646,2.6755859261236448e-20,3314.5,0.5333333333333333,0.6166666666666667,0.8333333333333334,6.78055644970961e-20,False
SSI_1162910999,90,0.6648148148148147,0.21308585722180579,3.0253545021253297e-20,5957.5,0.5444444444444444,0.6,0.85,7.643165510540001e-20,False
SSI_1079286095,90,0.7092592592592593,0.1933908025629847,2.5796710509621762e-26,2969.5,0.65,0.7666666666666667,0.711111111111111,2.5934717602883115e-25,False
SSI_1079486115,90,0.5777777777777777,0.21283240625256047,5.5949379667584505e-14,5531.0,0.5666666666666667,0.65,0.5166666666666667,7.313233522092506e-14,False
SSI_1111954043,90,0.5944444444444444,0.19757032006287759,6.939402290219582e-17,3055.0,0.5666666666666667,0.7166666666666667,0.5,1.1317062613488945e-16,False
SSI_1131852920,90,0.5611111111111111,0.19623675002807037,5.1599104868537636e-14,6314.5,0.5166666666666667,0.6,0.5666666666666667,6.759067731573054e-14,False
SSI_1131912618,90,0.6425925925925925,0.1994029947119812,5.455230879815473e-20,3202.5,0.55,0.7,0.6777777777777778,1.3208254746669176e-19,False
SSI_1132166069,90,0.7481481481481481,0.1995671599970463,1.3121576562511126e-28,4013.0,0.6,0.8111111111111112,0.8333333333333334,3.082308802136027e-27,False
SSI_1141177080,90,0.5981481481481481,0.19925558735177923,1.0198095879846484e-16,4085.5,0.55,0.5666666666666667,0.6777777777777777,1.6412350615589565e-16,False
SSI_1148821662,90,0.7648148148148147,0.19339850716224274,1.1685621602371341e-31,5838.0,0.7333333333333333,0.7944444444444445,0.7666666666666667,1.1419189429837275e-29,False
SSI_1160223241,90,0.6981481481481482,0.19302314819029587,2.302896939084486e-25,2948.5,0.6666666666666666,0.7611111111111112,0.6666666666666666,1.704841582479818e-24,False
SSI_1160246174,90,0.6518518518518519,0.1962948548450128,3.2559014535895847e-21,2976.0,0.55,0.8611111111111112,0.5444444444444444,9.61809824802824e-21,False
SSI_1079232043,90,0.6111111111111112,0.2136767932412626,4.1375895378622423e-16,6858.5,0.6833333333333333,0.6833333333333333,0.4666666666666667,6.212742004300835e-16,False
SSI_1079427084,90,0.7148148148148149,0.21724902141473976,2.0566932459902997e-23,3953.5,0.6944444444444445,0.7666666666666667,0.6833333333333333,9.570479238008195e-23,False
SSI_1079485604,90,0.5388888888888889,0.21506159801818153,3.899574334444326e-11,3705.5,0.43333333333333335,0.6,0.5833333333333334,4.4104907865960595e-11,False
SSI_1091859758,90,0.5166666666666667,0.2200216824619381,1.3889908162288616e-09,4152.0,0.35,0.6166666666666667,0.5833333333333334,1.5047913809521547e-09,False
SSI_1096898042,90,0.6277777777777778,0.20798344000072835,1.9489045272065168e-17,2934.0,0.6166666666666667,0.6666666666666666,0.6,3.3505797044092335e-17,False
SSI_1106296232,90,0.625,0.21388292077480284,7.286266221197782e-17,5053.0,0.5583333333333333,0.6666666666666666,0.65,1.1858992923641692e-16,False
SSI_1131882264,90,0.6166666666666667,0.20882843391628658,2.3607158960689103e-17,2630.0,0.48333333333333334,0.65,0.7166666666666667,4.021777499369838e-17,False
SSI_1131884889,90,0.5388888888888889,0.21103956960793538,1.9392922481564972e-11,4907.5,0.55,0.6,0.4666666666666667,2.2200988576599452e-11,False
SSI_1138174167,90,0.23055555555555557,0.2108571122217873,0.3393311867448462,4347.0,0.35833333333333334,0.06666666666666667,0.26666666666666666,0.3400271079645854,True
SSI_1159302130,90,0.6444444444444445,0.21279042714500593,1.3962529729869483e-18,2892.0,0.5166666666666667,0.7166666666666667,0.7,2.681639947332637e-18,False
SSI_1079230585,90,0.5268518518518518,0.1991611048563927,1.0026693013066226e-11,6469.0,0.5361111111111111,0.6833333333333333,0.36111111111111105,1.1603605414931687e-11,False
SSI_1079404581,90,0.5287037037037037,0.20514337213956219,6.735439885776386e-12,4375.0,0.5416666666666666,0.5166666666666667,0.5277777777777778,7.876821273792107e-12,False
SSI_1085471490,90,0.4925925925925925,0.20630023794904578,2.294854724980737e-09,5164.5,0.42777777777777776,0.55,0.5,2.4708374143358045e-09,False
SSI_1107923710,90,0.6805555555555556,0.20846977807719505,1.2409551400598293e-21,3195.5,0.6583333333333333,0.6333333333333333,0.75,3.9629456302825664e-21,False
SSI_1118468498,90,0.6592592592592592,0.21533034860192712,3.7088462079976647e-19,2347.0,0.65,0.7666666666666667,0.5611111111111112,7.810958005291634e-19,False
SSI_1131870658,90,0.675,0.20825400293550292,1.1740211070653178e-21,4666.5,0.6666666666666666,0.6583333333333333,0.7,3.763954809134608e-21,False
SSI_1146244899,90,0.4481481481481481,0.19779008659160335,9.814699072617014e-08,3881.5,0.5,0.3333333333333333,0.5111111111111111,1.0181447912697818e-07,False
SSI_1159904493,90,0.5805555555555556,0.22215821672751115,3.3524249897169123e-13,4145.0,0.48333333333333334,0.575,0.6833333333333333,4.1700479887364646e-13,False
SSI_1161544608,90,0.6648148148148147,0.21549952946309567,5.435032692070656e-20,3796.0,0.5666666666666667,0.6611111111111111,0.7666666666666667,1.3172405621754576e-19,False
SSI_1162581059,90,0.5768518518518518,0.20939979654463056,2.82054923083772e-14,3512.5,0.4666666666666667,0.7083333333333334,0.5555555555555555,3.736768856256264e-14,False
SSI_1079199204,90,0.5925925925925927,0.21343369374673146,1.2127598437276637e-14,5146.0,0.4944444444444444,0.6333333333333333,0.65,1.6405162227168786e-14,False
SSI_1079211076,90,0.6925925925925925,0.2107922469140298,2.7843979162449023e-22,5427.0,0.5666666666666667,0.8277777777777777,0.6833333333333333,1.0077457939831551e-21,False
SSI_1119417999,90,0.40555555555555556,0.22132672693450348,0.00010392179016083028,4829.5,0.23333333333333334,0.48333333333333334,0.5,0.00010530109222849786,False
SSI_1126851992,90,0.6703703703703703,0.21735847477257944,8.48873711089813e-20,3265.5,0.5083333333333333,0.7027777777777777,0.8,1.9769289572854272e-19,False
SSI_1131870001,90,0.5203703703703704,0.2054229673260927,3.099249429494854e-11,3855.0,0.3944444444444445,0.4666666666666667,0.7,3.519975061020887e-11,False
SSI_1131968889,90,0.5777777777777777,0.21390140675529823,6.905023973932336e-14,5924.0,0.4,0.6666666666666666,0.6666666666666666,8.972858281019519e-14,False
SSI_1147429528,90,0.7398148148148148,0.2083307033169564,1.8227233129096853e-27,2985.5,0.6777777777777777,0.7916666666666666,0.75,2.682477743035158e-26,False
SSI_1159496697,90,0.65,0.1995963177747634,5.727259956885732e-20,3609.5,0.5833333333333334,0.5666666666666667,0.8,1.3839461992751578e-19,False
SSI_1161128476,90,0.662037037037037,0.21852926196682745,1.1214629384509366e-19,4601.0,0.5416666666666666,0.7944444444444444,0.65,2.5581082713684767e-19,False
SSI_1090083041,90,0.7342592592592592,0.18738115192019855,3.2945656833933355e-29,7637.5,0.6944444444444444,0.725,0.7833333333333333,9.697137306662552e-28,False
SSI_1112663233,90,0.5148148148148148,0.2057511798826676,1.372151757297165e-10,4384.0,0.38333333333333336,0.7,0.46111111111111114,1.532769429847725e-10,False
SSI_1115659971,90,0.725,0.19730080660579194,8.023325847331047e-27,7918.0,0.75,0.6916666666666667,0.7333333333333333,9.561456119526706e-26,False
SSI_1115835641,90,0.47314814814814815,0.19764853354670187,2.1729041981537832e-09,3570.0,0.23333333333333334,0.625,0.5611111111111111,2.3415990101851315e-09,False
SSI_1131925741,90,0.6888888888888889,0.20287529069267554,3.4089630100780563e-23,3203.0,0.6666666666666666,0.7333333333333333,0.6666666666666666,1.5280911254349892e-22,False
SSI_1132117766,90,0.7037037037037036,0.19930330697584872,1.408133397779218e-24,3396.0,0.611111111111111,0.6666666666666666,0.8333333333333334,8.473078548705984e-24,False
SSI_1151998640,90,0.8388888888888889,0.19487412337002208,4.775094169436677e-40,3352.0,0.8,0.8333333333333334,0.8833333333333333,1.1665555055933802e-36,False
SSI_1153905930,90,0.6481481481481481,0.1992833205372921,5.293200069319669e-20,2618.0,0.6,0.5777777777777777,0.7666666666666667,1.2854162792592398e-19,False
SSI_1158707682,90,0.7277777777777777,0.2000939725082365,1.730910153105941e-27,3877.0,0.48333333333333334,0.7833333333333333,0.9166666666666666,2.5740038626637506e-26,False
SSI_1159443124,90,0.7888888888888889,0.19465696999859392,8.659146929565366e-34,2611.5,0.7166666666666667,0.7333333333333333,0.9166666666666666,2.3982012403285633e-31,False
SSI_1079288311,90,0.6722222222222223,0.19906485215767553,8.548961566857915e-22,3458.5,0.7,0.75,0.5666666666666667,2.826131679003232e-21,False
SSI_1081142278,90,0.65,0.2082956280023913,4.834677276517771e-19,3908.0,0.55,0.6333333333333333,0.7666666666666667,9.950393080482658e-19,False
SSI_1083668762,90,0.6666666666666666,0.20795959283300303,8.488817497614492e-21,3818.0,0.6166666666666667,0.7166666666666667,0.6666666666666666,2.3000346630118992e-20,False
SSI_1095418859,90,0.6074074074074074,0.20483488892058396,5.926153408786868e-17,5146.5,0.5444444444444444,0.6333333333333333,0.6444444444444444,9.736108122169681e-17,False
SSI_1097754623,90,0.750925925925926,0.2097453233756867,2.4595019118026175e-28,6685.0,0.711111111111111,0.775,0.7666666666666667,5.135524077379312e-27,False
SSI_1124818537,90,0.5759259259259258,0.20860511855136,2.4019847728030153e-14,4187.5,0.55,0.5666666666666667,0.611111111111111,3.192627203459068e-14,False
SSI_1131876628,90,0.6777777777777778,0.20275117415058055,2.7893003776851837e-22,5756.0,0.6,0.75,0.6833333333333333,1.008026748917885e-21,False
SSI_1132195267,90,0.5472222222222223,0.20953155867920578,3.333716256844005e-12,3851.5,0.45,0.5583333333333333,0.6333333333333333,3.9554486719135045e-12,False
SSI_1132218348,90,0.6314814814814815,0.20130840785889353,6.177544083519289e-19,4190.5,0.611111111111111,0.6333333333333333,0.65,1.2513880759566852e-18,False
SSI_1158668791,90,0.673148148148148,0.20503138149028188,5.08761864077583e-22,6217.0,0.65,0.775,0.5944444444444444,1.7616701873556512e-21,False
SSI_1079212924,90,0.5777777777777777,0.20647843841766075,1.5566060656535957e-14,6274.5,0.6,0.5666666666666667,0.5666666666666667,2.0894442958196344e-14,False
SSI_1079302051,90,0.37777777777777777,0.22323996269422924,0.0006601480928115117,5477.0,0.2,0.43333333333333335,0.5,0.0006664222275779021,False
SSI_1084628367,90,0.6398148148148147,0.20468298440096824,2.020155720631927e-19,3632.0,0.6333333333333333,0.611111111111111,0.675,4.406464665628391e-19,False
SSI_1108297430,90,0.5333333333333333,0.22070252795151063,1.0082156273681213e-10,4458.0,0.5,0.5333333333333333,0.5666666666666667,1.1282962792763722e-10,False
SSI_1124576194,90,0.6185185185185185,0.21186601010668088,4.6658005512777595e-17,4773.5,0.5833333333333334,0.5555555555555555,0.7166666666666667,7.717366788606342e-17,False
SSI_1127342555,90,0.5,0.21740028950411044,3.4480080870346455e-09,3381.0,0.2,0.7,0.6,3.694510419572649e-09,False
SSI_1130396504,90,0.5953703703703703,0.20915343903301714,9.041276010700251e-16,5798.5,0.55,0.611111111111111,0.625,1.3234174532139434e-15,False
SSI_1132035241,90,0.5703703703703703,0.21145567697464496,2.1402299784729466e-13,7142.0,0.5333333333333333,0.6444444444444444,0.5333333333333333,2.6965352436355897e-13,False
SSI_1153322117,90,0.6537037037037037,0.218798446671866,8.326409353289166e-19,2314.5,0.6166666666666667,0.6444444444444444,0.7,1.6457457969324782e-18,False
SSI_1160245730,90,0.7120370370370371,0.21151526960533903,4.4705848366951704e-24,3364.0,0.7166666666666667,0.6277777777777778,0.7916666666666666,2.3691190360187203e-23,False
SSI_1107066298,90,0.5111111111111111,0.21535631158410942,6.675162962745173e-10,6004.5,0.45,0.48333333333333334,0.6,7.293123040244391e-10,False
SSI_1125875940,90,0.6611111111111111,0.21150161796584416,2.050717480671169e-20,2329.5,0.6666666666666666,0.7,0.6166666666666667,5.295880343847427e-20,False
SSI_1127511066,90,0.6638888888888889,0.21835087604833972,1.074998848471997e-19,6557.0,0.5,0.6583333333333333,0.8333333333333334,2.468253934978467e-19,False
SSI_1131857302,90,0.5222222222222223,0.22034009146387723,3.8034036664048783e-10,3535.5,0.26666666666666666,0.6333333333333333,0.6666666666666666,4.191120954906233e-10,False
SSI_1132167438,90,0.6111111111111112,0.21900151428250625,1.2711140184733287e-15,3455.0,0.6666666666666666,0.55,0.6166666666666667,1.8440211087472338e-15,False
SSI_1135305413,90,0.6166666666666667,0.22122451033647014,3.535102659890243e-16,5743.0,0.48333333333333334,0.7166666666666667,0.65,5.336620845043999e-16,False
SSI_1144798011,90,0.6805555555555556,0.22194959826499844,3.485999749895326e-20,3280.0,0.5166666666666667,0.6416666666666667,0.8833333333333333,8.70787054089395e-20,False
SSI_1147198690,90,0.6777777777777778,0.21643939784763508,9.18606094075636e-21,4009.5,0.5833333333333334,0.6666666666666666,0.7833333333333333,2.47426095681012e-20,False
SSI_1150508900,90,0.6555555555555556,0.21714158693165095,5.669072432288527e-19,2883.0,0.5833333333333334,0.6833333333333333,0.7,1.1574079033983244e-18,False
SSI_1153358994,90,0.6805555555555556,0.22077092102161974,2.629557448584971e-20,6527.5,0.5666666666666667,0.7416666666666667,0.7333333333333333,6.691675882180295e-20,False
SSI_1132126978,90,0.7120370370370371,0.18746909730757133,4.246731272300297e-27,2866.0,0.5944444444444444,0.6916666666666667,0.85,5.548002405470388e-26,False
SSI_1132855323,90,0.7037037037037037,0.18777821274202475,4.8182451145857745e-26,4690.5,0.47777777777777775,0.8666666666666667,0.7666666666666667,4.42517774997483e-25,False
SSI_1134625693,90,0.65,0.18958763029117995,4.2723584594249025e-21,4950.5,0.5833333333333334,0.7,0.6666666666666666,1.2402867231690436e-20,False
SSI_1136750639,90,0.65,0.18936282289773188,4.0229551580135526e-21,4556.5,0.48333333333333334,0.6666666666666666,0.8,1.1728018437979844e-20,False
SSI_1143263241,90,0.7222222222222222,0.18377616234079552,1.1953648394143182e-28,6521.0,0.7,0.65,0.8166666666666667,2.89136267592988e-27,False
SSI_1145037344,90,0.6611111111111111,0.1834169627963953,1.1091671837810196e-23,5351.5,0.55,0.6833333333333333,0.75,5.397799661308827e-23,False
SSI_1156358675,90,0.65,0.1896834572981437,4.3832036804467144e-21,2389.5,0.48333333333333334,0.7166666666666667,0.75,1.2642463508065317e-20,False
SSI_1156371019,90,0.6620370370370371,0.18407585776466817,1.3432423022454034e-23,3943.0,0.6194444444444444,0.8,0.5666666666666667,6.421802239501997e-23,False
SSI_1159885300,82,0.8292682926829268,0.18426804510117878,1.4952666333857677e-36,4451.5,0.8409090909090909,0.8666666666666667,0.7833333333333333,1.8264681926807153e-33,False
SSI_1161626351,90,0.6509259259259259,0.1866970610578533,2.4225986079599926e-22,2135.5,0.5611111111111111,0.725,0.6666666666666666,8.953719212172863e-22,False
SSI_1079402483,90,0.5537037037037037,0.2229470783384096,8.213140552599299e-12,5375.0,0.46111111111111114,0.5333333333333333,0.6666666666666666,9.559172162934773e-12,False
SSI_1090189946,90,0.6166666666666667,0.2195785499910478,2.495314235466011e-16,5515.0,0.6666666666666666,0.6166666666666667,0.5666666666666667,3.829178817363985e-16,False
SSI_1125724769,90,0.5944444444444444,0.21459454251370896,2.841467407530205e-15,3018.5,0.45,0.5666666666666667,0.7666666666666667,4.014866903757254e-15,False
SSI_1128795056,90,0.6759259259259258,0.21449337117859466,5.680362696249184e-21,6457.5,0.711111111111111,0.6833333333333333,0.6333333333333333,1.5987472427346494e-20,False
SSI_1129844615,90,0.55,0.2280923934868656,1.9870885501239474e-11,3514.5,0.2833333333333333,0.6333333333333333,0.7333333333333333,2.2726860149591777e-11,False
SSI_1131948213,90,0.6444444444444445,0.2182844428462037,4.922184945493838e-18,4611.5,0.6666666666666666,0.6333333333333333,0.6333333333333333,8.927169875160688e-18,False
SSI_1131951934,90,0.5611111111111111,0.22325975103860357,8.673033902340576e-12,7784.5,0.38333333333333336,0.6,0.7,1.0080029411711716e-11,False
SSI_1132182003,90,0.48333333333333334,0.22521806376171247,3.746079565181936e-08,4344.5,0.4166666666666667,0.6,0.43333333333333335,3.904297089479296e-08,False
SSI_1139982356,90,0.46481481481481485,0.21350251250859395,8.170165295464185e-08,8099.5,0.6444444444444444,0.4166666666666667,0.3333333333333333,8.493495241199576e-08,False
SSI_1148296624,90,0.5092592592592592,0.22504632453525422,2.9835417300807588e-09,8329.5,0.29444444444444445,0.6,0.6333333333333333,3.20527372321341e-09,False
SSI_1078501738,90,0.4777777777777778,0.20524731257845794,7.154521414016294e-09,6652.0,0.25,0.5166666666666667,0.6666666666666666,7.596043378723081e-09,False
SSI_1079208026,90,0.7222222222222222,0.215380892121786,1.3717260643097004e-24,6471.0,0.5833333333333334,0.6833333333333333,0.9,8.274387099033576e-24,False
SSI_1093798167,90,0.7166666666666667,0.21204150469306196,5.152927944588828e-24,4373.5,0.55,0.7833333333333333,0.8166666666666667,2.6670769001335817e-23,False
SSI_1131929922,90,0.5444444444444444,0.2107623051891235,4.175293346836919e-12,3806.0,0.5333333333333333,0.5,0.6,4.939584332359609e-12,False
SSI_1132236594,90,0.7583333333333333,0.20683232735206916,1.0286895276092158e-28,2529.0,0.7083333333333334,0.75,0.8166666666666667,2.5384732484336506e-27,False
SSI_1138249926,90,0.6833333333333333,0.18564935357232093,2.498802675331921e-25,7682.5,0.675,0.7083333333333334,0.6666666666666666,1.84428245795646e-24,False
SSI_1155824906,90,0.6444444444444445,0.2063363922446886,3.0187391295378873e-19,3067.0,0.43333333333333335,0.7,0.8,6.446485746032394e-19,False
SSI_1156150088,89,0.6292134831460674,0.21657964938108293,6.289025371802598e-17,5442.0,0.4482758620689655,0.65,0.7833333333333333,1.0304553308728199e-16,False
SSI_1158561310,90,0.5444444444444444,0.2093170100355356,3.20485295172122e-12,6410.0,0.3,0.55,0.7833333333333333,3.811809036540867e-12,False
SSI_1159740425,90,0.65,0.20722945982498253,3.744119654189193e-19,8749.0,0.5833333333333334,0.5666666666666667,0.8,7.878453329185357e-19,False
SSI_1079212231,90,0.5944444444444444,0.20519473753953876,3.8374946707129277e-16,2835.5,0.5,0.65,0.6333333333333333,5.779901036098448e-16,False
SSI_1079212843,90,0.5611111111111111,0.21976543288552244,4.689664805357751e-12,4739.5,0.55,0.48333333333333334,0.65,5.532038203519549e-12,False
SSI_1081430916,90,0.6055555555555555,0.21412409833428928,2.577378325832859e-15,5298.0,0.5,0.6,0.7166666666666667,3.6607763081451594e-15,False
SSI_1111863597,90,0.6611111111111111,0.21399047327144705,3.7716666425988295e-20,6031.5,0.6666666666666666,0.48333333333333334,0.8333333333333334,9.364005699053801e-20,False
SSI_1131921756,90,0.5777777777777777,0.21207989281671719,4.820789740557914e-14,2739.0,0.5,0.43333333333333335,0.8,6.335228260453461e-14,False
SSI_1131951695,90,0.4722222222222222,0.21784377601566682,1.47472746358684e-07,7363.0,0.45,0.5,0.4666666666666667,1.5272400142190125e-07,False
SSI_1131989546,90,0.5555555555555556,0.21428900541884527,1.741397443416519e-12,3335.5,0.6,0.4166666666666667,0.65,2.0936190719815727e-12,False
SSI_1132218170,90,0.6555555555555556,0.21346689770348992,2.386113757196364e-19,6962.5,0.7333333333333333,0.5166666666666667,0.7166666666666667,5.158651246752847e-19,False
SSI_1132283263,90,0.5,0.20895027448267073,9.227723285347739e-10,8953.0,0.5833333333333334,0.43333333333333335,0.48333333333333334,1.0046046339618773e-09,False
SSI_1134946342,90,0.45555555555555555,0.21259881527877672,2.3314908089369132e-07,5360.0,0.6333333333333333,0.3333333333333333,0.4,2.4063506743696155e-07,False
SSI_1159028610,90,0.5611111111111111,0.2093839742986707,6.964237693616413e-13,6352.5,0.5666666666666667,0.5,0.6166666666666667,8.523864070894237e-13,False
SSI_1074300698,90,0.6777777777777778,0.20801396336387187,1.103705991631327e-21,4388.0,0.6666666666666666,0.6666666666666666,0.7,3.5808150565143856e-21,False
SSI_1079505601,90,0.7555555555555555,0.20122910274968211,1.8498901410586446e-29,3742.0,0.8333333333333334,0.75,0.6833333333333333,5.869196902086063e-28,False
SSI_1115507239,90,0.7481481481481482,0.21061269771906768,3.543754706024738e-27,9111.5,0.7833333333333333,0.8277777777777778,0.6333333333333333,4.8096626371213527e-26,False
SSI_1132114311,90,0.6398148148148147,0.20979983299396004,6.915701446135033e-19,4977.0,0.7083333333333334,0.6111111111111112,0.6,1.3916852251159709e-18,False
SSI_1132154691,90,0.6861111111111111,0.20119608845756617,2.1569981170845752e-23,2335.0,0.5916666666666667,0.7166666666666667,0.75,9.923816195927716e-23,False
SSI_1132227896,90,0.6277777777777778,0.21501097020292598,9.327985888543615e-17,4193.0,0.5,0.5166666666666667,0.8666666666666667,1.5081581420060922e-16,False
SSI_1135859950,90,0.6666666666666666,0.20758565002372073,7.726013067504533e-21,2741.0,0.7166666666666667,0.5833333333333334,0.7,2.1088994328395054e-20,False
SSI_1141490819,90,0.5703703703703703,0.21035794017117362,1.7299793552360045e-13,3184.5,0.5666666666666667,0.5944444444444446,0.55,2.1875463586136435e-13,False
SSI_1143743074,90,0.5981481481481481,0.21309872912888125,2.0817600018589934e-15,2613.5,0.43333333333333335,0.6611111111111112,0.7,2.972378541520468e-15,False
SSI_1158800265,90,0.4314814814814815,0.21857958210388492,4.363833172592028e-06,5648.5,0.27777777777777773,0.5,0.5166666666666667,4.455012302817519e-06,False
SSI_1105021023,89,0.6292134831460674,0.1977946920563947,8.373730248263974e-19,8385.0,0.5333333333333333,0.6833333333333333,0.6724137931034483,1.6537609536385521e-18,False
SSI_1106316413,90,0.662037037037037,0.20232250255499348,2.0091516627358307e-21,3062.0,0.5944444444444444,0.7416666666666667,0.65,6.181810468593998e-21,False
SSI_1106940054,90,0.6111111111111112,0.22038803868551785,1.693003633858634e-15,2654.5,0.65,0.5833333333333334,0.6,2.4345886870738426e-15,False
SSI_1111582767,90,0.5722222222222222,0.20541232081749,1.2496762915776779e-14,2984.5,0.4166666666666667,0.6333333333333333,0.6666666666666666,1.6895180854035788e-14,False
SSI_1120445928,90,0.4425925925925926,0.21478790772418954,9.525249344159473e-07,3672.0,0.31111111111111106,0.5166666666666667,0.5,9.773281876430742e-07,False
SSI_1121040294,90,0.4175925925925926,0.2073841713813082,3.287404543625396e-06,2961.0,0.31111111111111106,0.4583333333333333,0.48333333333333334,3.361711720417263e-06,False
SSI_1131921494,90,0.5194444444444445,0.20561613444239105,3.2066468983994135e-11,4008.0,0.48333333333333334,0.6083333333333333,0.4666666666666667,3.640259466909743e-11,False
SSI_1132255305,90,0.45555555555555555,0.2056447485147994,9.012312783664331e-08,6811.0,0.45,0.5166666666666667,0.4,9.36100345684182e-08,False
SSI_1155632630,90,0.5444444444444444,0.21665579256049294,1.1977122991792971e-11,5545.5,0.21666666666666667,0.7,0.7166666666666667,1.3828029994777992e-11,False
SSI_1157693425,90,0.6111111111111112,0.2076312706924125,1.1079448534577206e-16,4077.0,0.4166666666666667,0.7666666666666667,0.65,1.7690910307171317e-16,False
SSI_1079226226,90,0.6444444444444445,0.20782002494469382,4.3144835879419425e-19,7125.5,0.6666666666666666,0.6833333333333333,0.5833333333333334,9.008789235335184e-19,False
SSI_1094919342,90,0.6388888888888888,0.2073228254063628,3.829121539549367e-19,3767.0,0.6,0.6,0.7166666666666667,8.0503820319441505e-19,False
SSI_1096662796,90,0.487037037037037,0.2040069142456186,1.5946932118953374e-09,5345.5,0.5,0.4166666666666667,0.5444444444444444,1.7253478816033257e-09,False
SSI_1099498314,90,0.6777777777777778,0.20438598221502002,4.295167530270119e-22,4919.0,0.7166666666666667,0.6833333333333333,0.6333333333333333,1.5076284879956754e-21,False
SSI_1111846304,90,0.6805555555555556,0.2089044009277889,1.3873005552050696e-21,2606.5,0.7333333333333333,0.625,0.6833333333333333,4.411030002540563e-21,False
SSI_1126637915,90,0.5972222222222222,0.20910531900581336,8.948678890553303e-16,3593.5,0.6,0.5083333333333333,0.6833333333333333,1.3106488327111342e-15,False
SSI_1132036878,89,0.6123595505617978,0.2124509527234325,9.17891636853362e-16,3006.0,0.5344827586206896,0.6333333333333333,0.6666666666666666,1.3427600412172236e-15,False
SSI_1140578434,90,0.6805555555555556,0.2143032681999662,5.4183024773480056e-21,2440.5,0.6,0.6916666666666667,0.75,1.5341938054432515e-20,False
SSI_1146543977,90,0.5111111111111111,0.21945794856699513,1.2728060435687328e-09,4961.5,0.3,0.75,0.48333333333333334,1.3807571778145712e-09,False
SSI_1079542885,90,0.5666666666666667,0.21303956218994047,2.902058677645592e-13,6317.5,0.5333333333333333,0.4666666666666667,0.7,3.6209036514239947e-13,False
SSI_1079808184,90,0.48333333333333334,0.21587523404616896,9.868290949911748e-09,6893.0,0.4,0.65,0.4,1.0422929005894683e-08,False
SSI_1084977919,90,0.5166666666666667,0.2128881929460938,4.488450032715508e-10,3133.0,0.6333333333333333,0.45,0.4666666666666667,4.937092944585315e-10,False
SSI_1115504285,90,0.6166666666666667,0.2068436566533851,1.5025604508286706e-17,4281.0,0.45,0.6833333333333333,0.7166666666666667,2.6033724690598882e-17,False
SSI_1131980619,90,0.7277777777777777,0.2129992858493992,7.306836304452486e-26,4467.0,0.7166666666666667,0.7333333333333333,0.7333333333333333,6.352527078924349e-25,False
SSI_1135315998,90,0.6055555555555555,0.21272126277201706,1.923734587174736e-15,3812.5,0.48333333333333334,0.6666666666666666,0.6666666666666666,2.7547969498639387e-15,False
SSI_1145977546,90,0.7444444444444445,0.1929221454459749,1.6351997201819692e-29,2934.5,0.6666666666666666,0.6833333333333333,0.8833333333333333,5.326390555206068e-28,False
SSI_1147162068,90,0.6611111111111111,0.21199257121527995,2.314190567110162e-20,2909.5,0.6,0.65,0.7333333333333333,5.92617144177162e-20,False
SSI_1150712860,90,0.5333333333333333,0.21462018517338383,3.614966924428246e-11,4834.5,0.43333333333333335,0.48333333333333334,0.6833333333333333,4.098080833586174e-11,False
SSI_1158575281,90,0.7388888888888889,0.21094367516465423,4.096262038169753e-26,3786.0,0.8,0.6666666666666666,0.75,3.863771490057416e-25,False
SSI_1079189285,90,0.75,0.1922885390967108,1.069774713474134e-30,33154.5,0.6666666666666666,0.8,0.7833333333333333,7.259610069492525e-29,False
SSI_1131565127,90,0.4953703703703704,0.191985581440986,5.134611963650195e-11,2567.5,0.15,0.7027777777777777,0.6333333333333333,5.7859119129139414e-11,False
SSI_1131938828,90,0.6888888888888889,0.19805932608864976,9.064763865420409e-24,3230.5,0.6833333333333333,0.6,0.7833333333333333,4.5010605941508246e-23,False
SSI_1131988481,90,0.6981481481481481,0.19292351103140137,2.236477149151682e-25,2148.5,0.75,0.6111111111111112,0.7333333333333333,1.6657663644443775e-24,False
SSI_1132049307,90,0.6444444444444445,0.20686009425574078,3.4255305694735485e-19,5151.0,0.5833333333333334,0.65,0.7,7.251794784422772e-19,False
SSI_1132115754,90,0.48148148148148145,0.19129346565687524,7.618368626404975e-10,5505.0,0.3333333333333333,0.5777777777777777,0.5333333333333333,8.312494218091717e-10,False
SSI_1153369287,90,0.7166666666666667,0.19843557016226193,1.1427777712626317e-25,4440.0,0.7166666666666667,0.775,0.6583333333333333,9.400020522540772e-25,False
SSI_1156693191,90,0.5527777777777778,0.19105404987117977,1.7371050884352205e-14,3718.5,0.5833333333333334,0.6333333333333333,0.44166666666666665,2.3278812528044957e-14,False
SSI_1160257662,90,0.7111111111111111,0.19139172880080357,1.412939388878704e-26,3483.5,0.6666666666666666,0.6833333333333333,0.7833333333333333,1.5542149281121348e-25,False
SSI_1162691765,90,0.6592592592592592,0.19241278208190077,1.1593374105780039e-21,4846.5,0.6166666666666667,0.7027777777777777,0.6583333333333333,3.7315695573676725e-21,False
SSI_1078540297,90,0.5722222222222222,0.21376525283055514,6.722964464269308e-14,3142.0,0.55,0.5666666666666667,0.6,8.745581568801874e-14,False
SSI_1079481406,90,0.7027777777777777,0.20988047839997898,2.575882890920278e-23,3704.5,0.725,0.65,0.7333333333333333,1.1696806510256949e-22,False
SSI_1096917115,90,0.5027777777777778,0.21320982624695656,1.8103284750353998e-09,4639.0,0.5583333333333333,0.6333333333333333,0.31666666666666665,1.956917019695346e-09,False
SSI_1131887094,90,0.65,0.2168369855156906,3.545171929261677e-18,4600.5,0.7166666666666667,0.6,0.6333333333333333,6.536494357121719e-18,False
SSI_1132129624,90,0.6398148148148147,0.21300481562742246,1.4677024444072649e-18,4568.0,0.6277777777777778,0.625,0.6666666666666666,2.8056315114921345e-18,False
SSI_1132302095,90,0.3,0.21962854559082814,0.04685642480287419,4678.5,0.36666666666666664,0.4666666666666667,0.06666666666666667,0.04704901183453418,False
SSI_1144499087,90,0.5453703703703704,0.2138337892028387,7.266709309113745e-12,3918.5,0.5527777777777778,0.5166666666666667,0.5666666666666667,8.481878089901997e-12,False
SSI_1148502696,90,0.6,0.21080011167454155,1.2836440541536786e-15,4589.5,0.7166666666666667,0.6166666666666667,0.4666666666666667,1.8610934268827517e-15,False
SSI_1153911286,90,0.6759259259259258,0.19960370205151393,1.200932258775322e-22,2862.5,0.6611111111111111,0.7666666666666667,0.6,4.747374608718627e-22,False
SSI_1158702363,90,0.6537037037037037,0.21804233382258384,6.989758878055424e-19,8078.0,0.6277777777777778,0.6666666666666666,0.6666666666666666,1.4042747482803783e-18,False
SSI_1106155250,90,0.6222222222222222,0.2023278932456122,5.268400745579774e-18,2975.5,0.5333333333333333,0.7333333333333333,0.6,9.533854089963991e-18,False
SSI_1127621464,90,0.7444444444444445,0.20319435719870887,3.959436381876147e-28,3480.0,0.7,0.75,0.7833333333333333,7.440694677633406e-27,False
SSI_1131721392,90,0.6277777777777778,0.2040226859143404,7.833285402613295e-18,4414.0,0.8166666666666667,0.5333333333333333,0.5333333333333333,1.3927741076116653e-17,False
SSI_1131920662,90,0.65,0.20464210534834062,2.000094563972637e-19,3505.0,0.7,0.7,0.55,4.386203787957946e-19,False
SSI_1134525335,90,0.7666666666666667,0.20494063749573885,4.740053995725362e-30,5294.5,0.7333333333333333,0.8,0.7666666666666667,2.031570510799484e-28,False
SSI_1153695093,90,0.6722222222222223,0.19862948329282099,7.616907588341317e-22,3463.0,0.5833333333333334,0.7333333333333333,0.7,2.549055512098334e-21,False
SSI_1157836984,90,0.6037037037037037,0.21287027174475626,1.9846728781962785e-15,2363.5,0.5111111111111111,0.7333333333333333,0.5666666666666667,2.8387329282397588e-15,False
SSI_1159182233,90,0.6611111111111111,0.1986561880744942,7.671098591000896e-22,4785.5,0.6,0.6833333333333333,0.7,2.5636790503167153e-21,False
SSI_1159873585,90,0.5944444444444444,0.20595195465851765,4.528258065221982e-16,5040.5,0.6333333333333333,0.5833333333333334,0.5666666666666667,6.766076118249115e-16,False
SSI_1160117897,90,0.7222222222222222,0.2030903198201069,4.403617151150579e-26,4408.0,0.7833333333333333,0.7166666666666667,0.6666666666666666,4.137706423177256e-25,False
SSI_1079230587,90,0.6203703703703703,0.19365936769685754,6.490720202404939e-19,5278.0,0.4666666666666667,0.7333333333333333,0.6611111111111111,1.3126514449068928e-18,False
SSI_1079360888,90,0.6666666666666666,0.1959994416272923,3.768414220814682e-22,2963.5,0.6166666666666667,0.6333333333333333,0.75,1.3361735764078764e-21,False
SSI_1079391633,90,0.5675925925925925,0.19459905484629406,6.890926205655502e-15,5447.5,0.44166666666666665,0.6166666666666667,0.6444444444444444,9.494942312699601e-15,False
SSI_1079447030,90,0.4888888888888889,0.21227016438613902,5.762736192460525e-09,5059.0,0.45,0.45,0.5666666666666667,6.1370377149873855e-09,False
SSI_1081247010,90,0.6027777777777777,0.19936615340885527,1.0457485446443626e-16,4766.0,0.39166666666666666,0.6333333333333333,0.7833333333333333,1.6796605486957118e-16,False
SSI_1127844834,90,0.6185185185185186,0.19401523757308833,7.089046895798695e-19,5478.0,0.5666666666666667,0.5,0.788888888888889,1.4207171096338156e-18,False
SSI_1131904484,90,0.6166666666666667,0.20196239683507874,4.833898369146271e-18,4133.5,0.48333333333333334,0.65,0.7166666666666667,8.780084547081293e-18,False
SSI_1131936165,89,0.5468164794007491,0.19077035759687105,4.782000017868641e-14,5284.0,0.55,0.48333333333333334,0.6091954022988505,6.287635114990898e-14,False
SSI_1141188777,90,0.6527777777777778,0.19908651185985657,6.741646196215874e-21,4796.0,0.575,0.7166666666666667,0.6666666666666666,1.869448542265083e-20,False
SSI_1142039043,90,0.6277777777777778,0.19330435763367315,5.943003060421854e-19,7899.0,0.5333333333333333,0.6833333333333333,0.6666666666666666,1.2098963730508825e-18,False
SSI_1092768371,90,0.6833333333333333,0.21578720436339946,9.997077333462583e-22,3019.0,0.75,0.5333333333333333,0.7666666666666667,3.269459160060119e-21,False
SSI_1098143001,90,0.6555555555555556,0.21599677114912494,4.337673504054655e-19,5568.0,0.6333333333333333,0.6833333333333333,0.65,9.049475978143059e-19,False
SSI_1113595775,90,0.6722222222222223,0.21413512417217706,3.906612710543987e-20,4150.0,0.7333333333333333,0.6166666666666667,0.6666666666666666,9.669559120424479e-20,False
SSI_1126510026,90,0.6666666666666666,0.21614096685471285,6.342259527411856e-20,3540.0,0.6166666666666667,0.6666666666666666,0.7166666666666667,1.5220176842305663e-19,False
SSI_1131894265,90,0.7388888888888889,0.19904669492922727,1.262466020036594e-27,3633.0,0.6333333333333333,0.8333333333333334,0.75,2.0425195277810593e-26,False
SSI_1132290187,90,0.7,0.21622310428925323,1.3586194352510622e-22,2700.5,0.6,0.7666666666666667,0.7333333333333333,5.336185338132387e-22,False
SSI_1146602390,90,0.7,0.21892708987676351,2.7133981333258987e-22,2943.5,0.65,0.7,0.75,9.864332797195193e-22,False
SSI_1153684137,90,0.6833333333333333,0.22141624864579446,4.051986083774888e-21,4206.5,0.45,0.7333333333333333,0.8666666666666667,1.1798572112827238e-20,False
SSI_1161862550,90,0.6111111111111112,0.21927764071346276,1.3460242636884173e-15,3572.5,0.5333333333333333,0.5166666666666667,0.7833333333333333,1.948067106748106e-15,False
SSI_1079201338,90,0.6722222222222223,0.20151865743733227,1.6296597100123472e-21,8501.5,0.6666666666666666,0.6833333333333333,0.6666666666666666,5.0911236209209266e-21,False
SSI_1131931990,90,0.7277777777777777,0.1984684200783543,1.0597304598790672e-27,10281.0,0.6666666666666666,0.8166666666666667,0.7,1.7492712928949737e-26,False
SSI_1131999267,90,0.6342592592592592,0.19323915935909872,8.291661061759918e-20,3961.0,0.6361111111111111,0.6,0.6666666666666666,1.9347209144106474e-19,False
SSI_1132205104,90,0.4666666666666667,0.19874077850507846,9.499768212608586e-09,3025.0,0.26666666666666666,0.6333333333333333,0.5,1.004237721479999e-08,False
SSI_1132276808,90,0.6314814814814814,0.19779908933997042,2.610686208408559e-19,4093.5,0.611111111111111,0.7,0.5833333333333334,5.62922012986947e-19,False
SSI_1142723797,90,0.6555555555555556,0.19892042885451658,6.458137667224231e-21,1795.5,0.7,0.7666666666666667,0.5,1.7983435567519903e-20,False
SSI_1157233942,90,0.7555555555555555,0.20029618030583043,1.3830845433579022e-29,3831.5,0.7833333333333333,0.7666666666666667,0.7166666666666667,4.758979632990641e-28,False
SSI_1158201199,90,0.5222222222222223,0.2003132754122804,1.238483456613448e-11,5697.5,0.36666666666666664,0.65,0.55,1.4278504410130504e-11,False
SSI_1162589432,90,0.6444444444444445,0.2044874401544831,1.9259379975679332e-19,5404.5,0.5333333333333333,0.65,0.75,4.2349833735899734e-19,False
SSI_1162926925,90,0.6037037037037036,0.20351712427265717,2.6521778225323943e-16,3554.5,0.5277777777777778,0.6,0.6833333333333333,4.059693245893884e-16,False
SSI_1074783948,90,0.6027777777777777,0.21286487683936772,1.9824342330847942e-15,5183.0,0.48333333333333334,0.6333333333333333,0.6916666666666667,2.837192051216258e-15,False
SSI_1079417608,90,0.5611111111111111,0.21959448182102337,4.549152447622695e-12,5157.0,0.45,0.45,0.7833333333333333,5.368878951469683e-12,False
SSI_1091876374,90,0.6166666666666667,0.20208514779174722,4.9757792816524605e-18,6917.5,0.5666666666666667,0.6666666666666666,0.6166666666666667,9.017677140264807e-18,False
SSI_1106134716,87,0.6302681992337165,0.20665404258805756,9.784864237887631e-18,3494.0,0.5689655172413793,0.6547619047619048,0.6666666666666666,1.720980801523361e-17,False
SSI_1121842282,90,0.5842592592592593,0.21676501410599167,2.3659001595024143e-14,5922.0,0.36666666666666664,0.7444444444444444,0.6416666666666667,3.1480904627801733e-14,False
SSI_1131905927,90,0.4888888888888889,0.2098851694388051,4.007370822064184e-09,4390.5,0.5166666666666667,0.5,0.45,4.276979868196943e-09,False
SSI_1132298165,90,0.6611111111111111,0.20411364907691487,3.1920820136394616e-21,4883.0,0.6166666666666667,0.7,0.6666666666666666,9.463903348690784e-21,False
SSI_1146176919,90,0.6648148148148147,0.2111364503073579,1.8739914034451072e-20,2645.5,0.5833333333333334,0.6777777777777777,0.7333333333333333,4.8703840410812737e-20,False
SSI_1151221338,90,0.5759259259259258,0.21324612805954354,6.070543771948644e-14,3308.0,0.5,0.6444444444444444,0.5833333333333334,7.915122323915422e-14,False
SSI_1162606101,90,0.5277777777777778,0.21467948698495934,3.652005669077042e-11,4261.0,0.43333333333333335,0.5333333333333333,0.6166666666666667,4.138149280869765e-11,False
SSI_1074275396,90,0.7166666666666667,0.21525707904311914,1.2167998885922387e-23,4710.5,0.75,0.7,0.7,5.886420055110572e-23,False
SSI_1079335392,90,0.7407407407407408,0.21036102538269266,3.2945200374040076e-27,3833.0,0.6444444444444444,0.8,0.7777777777777778,4.547182175919769e-26,False
SSI_1079411841,90,0.7574074074074074,0.19352055846711858,1.598086610515344e-30,3203.5,0.6611111111111111,0.8333333333333334,0.7777777777777779,9.760313973722462e-29,False
SSI_1086339350,90,0.6888888888888889,0.2143126502776185,6.879708131402745e-22,2897.5,0.6666666666666666,0.6833333333333333,0.7166666666666667,2.3214263763835508e-21,False
SSI_1091440450,90,0.6611111111111111,0.21202759595260712,2.3342022020979506e-20,3302.0,0.5,0.75,0.7333333333333333,5.971158093953186e-20,False
SSI_1102838939,90,0.6425925925925926,0.21908074352586068,5.889409223660258e-18,3133.0,0.6833333333333333,0.5833333333333334,0.6611111111111111,1.0594865046687784e-17,False
SSI_1116131381,90,0.7277777777777777,0.21352329132387943,8.459802312023825e-26,2844.5,0.6166666666666667,0.7333333333333333,0.8333333333333334,7.174093830500236e-25,False
SSI_1131977507,90,0.7685185185185186,0.21245702199199465,4.6794960608797803e-29,5627.0,0.6777777777777777,0.8166666666666667,0.8111111111111111,1.2702232085254782e-27,False
SSI_1154670297,90,0.6648148148148149,0.21411704280958577,3.8894899149123846e-20,4276.0,0.5666666666666667,0.5833333333333334,0.8444444444444444,9.636941036643971e-20,False
SSI_1162900651,90,0.6944444444444444,0.21636644018179482,1.1568394937199472e-21,3940.0,0.5833333333333334,0.7166666666666667,0.7833333333333333,3.728441798361255e-21,False
SSI_1074854395,90,0.5944444444444444,0.20261087289232005,2.1689112896314909e-16,3629.0,0.55,0.6666666666666666,0.5666666666666667,3.345107500359679e-16,False
SSI_1083865201,90,0.6611111111111111,0.19760089400325925,5.7918779067504e-22,4117.5,0.55,0.75,0.6833333333333333,1.98451020002682e-21,False
SSI_1103894920,90,0.6777777777777778,0.20213906312747387,2.3705109743624495e-22,10711.0,0.5833333333333334,0.7166666666666667,0.7333333333333333,8.774482288435551e-22,False
SSI_1106410708,90,0.6481481481481481,0.20448317480741032,1.9239314123294375e-19,6101.0,0.6611111111111111,0.6333333333333333,0.65,4.234382378667402e-19,False
SSI_1121380837,90,0.65,0.20745172149745045,3.9495722709304956e-19,2008.0,0.5333333333333333,0.75,0.6666666666666666,8.282236101187297e-19,False
SSI_1131903819,90,0.5444444444444444,0.2079543833774873,2.491850476545133e-12,9289.0,0.48333333333333334,0.6,0.55,2.976816975158807e-12,False
SSI_1132022758,90,0.7055555555555556,0.20532699701695453,8.155007443232699e-25,8974.5,0.5166666666666667,0.8333333333333334,0.7666666666666667,5.278104949328699e-24,False
SSI_1133963381,90,0.7703703703703705,0.20233968617160997,2.100168035919659e-30,4039.0,0.711111111111111,0.7833333333333333,0.8166666666666667,1.1660705708526654e-28,False
SSI_1135059721,90,0.6555555555555556,0.20704869677630802,5.0379098278231775e-20,9182.0,0.5,0.8166666666666667,0.65,1.2270801305455656e-19,False
SSI_1150899733,90,0.6425925925925926,0.2009079288587314,7.955881730995333e-20,2830.5,0.5277777777777778,0.65,0.75,1.8670719566591351e-19,False
SSI_1079222201,90,0.5203703703703704,0.1973479319473147,7.1670677706837716e-12,4398.0,0.4111111111111111,0.4666666666666667,0.6833333333333333,8.37357559243446e-12,False
SSI_1090975491,90,0.4611111111111112,0.19142349130627853,2.9906159462268422e-09,3231.5,0.3444444444444444,0.5055555555555555,0.5333333333333333,3.2114614314866706e-09,False
SSI_1105668127,90,0.5592592592592592,0.20326551094305984,2.131871370163412e-13,4824.5,0.55,0.39444444444444443,0.7333333333333333,2.687389967651814e-13,False
SSI_1128718760,90,0.575925925925926,0.19886898337391318,3.1421760986269963e-15,8359.0,0.4666666666666667,0.5444444444444444,0.7166666666666667,4.421852654922668e-15,False
SSI_1132176469,90,0.5,0.19791362149546107,1.465022112118e-10,6398.0,0.38333333333333336,0.55,0.5666666666666667,1.6327778375475702e-10,False
SSI_1132188254,90,0.6870370370370371,0.19335381374291455,2.3961201698906006e-24,3712.5,0.6166666666666667,0.7611111111111111,0.6833333333333333,1.355028142371004e-23,False
SSI_1140479606,90,0.5407407407407407,0.1961627470993111,2.5664491390590105e-13,3399.5,0.35,0.5555555555555555,0.7166666666666667,3.2202543640067604e-13,False
SSI_1141837479,90,0.6740740740740739,0.22357448897601664,5.126940391171546e-20,3781.0,0.5777777777777777,0.6611111111111112,0.7833333333333333,1.2462801368788148e-19,False
SSI_1150681012,90,0.6296296296296297,0.19941327875037806,3.88862172561074e-19,2655.5,0.5166666666666667,0.6555555555555554,0.7166666666666667,8.161428587342816e-19,False
SSI_1155265253,90,0.5962962962962963,0.19562768206878434,4.429888877447325e-17,5332.0,0.4944444444444444,0.5833333333333333,0.711111111111111,7.346896153046261e-17,False
SSI_1124338620,90,0.7777777777777778,0.21355940347182395,5.2651143959973694e-30,4289.5,0.7,0.8166666666666667,0.8166666666666667,2.2177024947278574e-28,False
SSI_1127641105,90,0.5,0.21830349782062683,3.952331939701439e-09,4476.5,0.4166666666666667,0.55,0.5333333333333333,4.220081699602542e-09,False
SSI_1129846057,90,0.7425925925925926,0.2114427713494108,4.5042529016590436e-27,3828.5,0.6777777777777777,0.7666666666666667,0.7833333333333333,5.822163935848171e-26,False
SSI_1131867126,90,0.75,0.2130414672659058,6.489206283789983e-28,4979.5,0.6666666666666666,0.7833333333333333,0.8,1.1323664965213522e-26,False
SSI_1132154931,90,0.6611111111111111,0.20129576354938922,1.5374885724176725e-21,5279.5,0.6833333333333333,0.55,0.75,4.834085691655565e-21,False
SSI_1146748417,90,0.7222222222222222,0.21594432255330082,1.597291138053169e-24,5768.0,0.6166666666666667,0.7666666666666667,0.7833333333333333,9.517517683570469e-24,False
SSI_1148733166,90,0.8037037037037037,0.21338046120371804,2.700311080499369e-32,4208.0,0.7611111111111112,0.7666666666666667,0.8833333333333333,3.6649222053666435e-30,False
SSI_1156120254,90,0.7388888888888889,0.2179157727139847,2.8435790268328655e-25,6214.0,0.7,0.7666666666666667,0.75,2.0736906156873702e-24,False
SSI_1159600211,90,0.5314814814814816,0.21539067881734233,4.1256634146590186e-11,2950.5,0.34444444444444444,0.5,0.75,4.661885162817753e-11,False
SSI_1160237487,90,0.475925925925926,0.22044880723699584,6.456166338144407e-08,4147.0,0.39444444444444443,0.5166666666666667,0.5166666666666667,6.714522930645716e-08,False
SSI_1079397277,90,0.6759259259259259,0.20886378740566083,1.3729397017838647e-21,6984.5,0.7666666666666667,0.6777777777777777,0.5833333333333334,4.3730009015097535e-21,False
SSI_1112061136,90,0.6555555555555556,0.22256225299341384,1.9681755457927035e-18,5237.0,0.5,0.7,0.7666666666666667,3.727327797187267e-18,False
SSI_1121830362,90,0.6888888888888889,0.2218705333976676,4.528165473766418e-21,4174.5,0.55,0.7,0.8166666666666667,1.301448029695454e-20,False
SSI_1125874781,90,0.6925925925925926,0.21452924729942843,7.269301188390481e-22,4826.5,0.5833333333333334,0.7444444444444444,0.75,2.4367368582673855e-21,False
SSI_1131860184,90,0.7333333333333333,0.2270775612060446,3.266481223141072e-24,4737.5,0.6333333333333333,0.75,0.8166666666666667,1.7973003666967655e-23,False
SSI_1131967279,90,0.6111111111111112,0.21564718127994809,6.293424936310209e-16,5204.5,0.43333333333333335,0.7166666666666667,0.6833333333333333,9.301171881068263e-16,False
SSI_1132057494,89,0.6741573033707865,0.2185768052809183,4.812795488189949e-20,7156.0,0.6724137931034483,0.7333333333333333,0.6166666666666667,1.1745913464183862e-19,False
SSI_1132217931,90,0.7166666666666667,0.2099244679527447,2.9026756373208026e-24,7346.0,0.55,0.8166666666666667,0.7833333333333333,1.6116446777215277e-23,False
SSI_1133959770,90,0.5944444444444444,0.22484591644437968,2.2296772228132286e-14,7523.5,0.5333333333333333,0.5166666666666667,0.7333333333333333,2.9716865550096654e-14,False
SSI_1159305585,90,0.5333333333333333,0.2074116643249406,1.0165870962519737e-11,6850.5,0.43333333333333335,0.5333333333333333,0.6333333333333333,1.1759101686285851e-11,False
SSI_1079284297,90,0.6,0.19813284010410817,7.894518222562735e-17,3726.5,0.43333333333333335,0.5833333333333334,0.7833333333333333,1.2823343096888805e-16,False
SSI_1095837302,90,0.6777777777777778,0.20137342489836504,1.9324831364311483e-22,3275.0,0.5833333333333334,0.7,0.75,7.310551171125712e-22,False
SSI_1096199179,90,0.6444444444444445,0.20187767996139946,1.012772313676469e-19,4418.0,0.6666666666666666,0.5833333333333334,0.6833333333333333,2.3407783938615075e-19,False
SSI_1096663167,90,0.5444444444444444,0.20763653072516633,2.349046171738949e-12,4798.5,0.38333333333333336,0.6833333333333333,0.5666666666666667,2.8075928559482645e-12,False
SSI_1106259674,90,0.4722222222222222,0.2036266661406634,1.986805681976709e-08,2426.5,0.25,0.6666666666666666,0.5,2.0795913800638817e-08,False
SSI_1106267123,90,0.5388888888888889,0.20698861101754326,9.418939280062711e-12,7249.0,0.4,0.5,0.7166666666666667,1.091060628790574e-11,False
SSI_1125758095,90,0.6814814814814815,0.20377832198885884,3.6601338611220274e-22,4419.0,0.49444444444444446,0.6166666666666667,0.9333333333333333,1.3053586894483376e-21,False
SSI_1132081699,90,0.5722222222222222,0.2071890991890446,1.8005644367480798e-14,3145.0,0.3,0.6833333333333333,0.7333333333333333,2.410289818616745e-14,False
SSI_1156617709,90,0.7333333333333333,0.203544528706123,4.832911586689218e-27,3257.0,0.6333333333333333,0.8333333333333334,0.7333333333333333,6.181572254597779e-26,False
SSI_1079263784,90,0.6333333333333333,0.2057486847389254,1.7905587356070737e-18,5015.0,0.65,0.7166666666666667,0.5333333333333333,3.409458293911209e-18,False
SSI_1079768299,90,0.6462962962962963,0.20057730545381106,7.325072562509582e-20,6359.0,0.7166666666666667,0.4944444444444444,0.7277777777777777,1.730672366558115e-19,False
SSI_1079840640,89,0.6666666666666667,0.20174054347435824,5.719537931770769e-21,3953.0,0.5,0.75,0.7444444444444444,1.607920732717605e-20,False
SSI_1087007232,90,0.6537037037037037,0.19741552842592508,4.367129837484157e-21,5320.5,0.711111111111111,0.7166666666666667,0.5333333333333333,1.2625915021270763e-20,False
SSI_1113214318,90,0.7740740740740739,0.19741616064140033,3.199177127912795e-32,3609.5,0.6611111111111111,0.8166666666666667,0.8444444444444444,3.7217093921385514e-30,False
SSI_1131950855,90,0.5833333333333334,0.18189585236301914,6.592062997923776e-17,3613.5,0.4666666666666667,0.7166666666666667,0.5666666666666667,1.0786610786287868e-16,False
SSI_1133693519,90,0.4777777777777778,0.20587750496415594,7.87505157691247e-09,2768.5,0.45,0.5166666666666667,0.4666666666666667,8.346529719044324e-09,False
SSI_1158148475,90,0.5555555555555556,0.20425822411178787,2.5914652659532184e-13,4429.5,0.43333333333333335,0.5666666666666667,0.6666666666666666,3.248306641725866e-13,False
SSI_1162811123,90,0.7333333333333333,0.20995519362484033,3.0941061442951863e-26,6191.5,0.65,0.7333333333333333,0.8166666666666667,3.0479440768198143e-25,False
SSI_1131853902,90,0.5777777777777777,0.20642092366849518,1.538328990005937e-14,3476.5,0.6777777777777777,0.4611111111111111,0.5944444444444444,2.067182465668044e-14,False
SSI_1131870972,90,0.7425925925925927,0.20816934506860132,1.738479890869909e-27,5065.5,0.65,0.7333333333333333,0.8444444444444444,2.5740038626637506e-26,False
SSI_1131905156,90,0.7555555555555555,0.21065042833862876,3.2157250392123377e-28,3813.0,0.6333333333333333,0.8,0.8333333333333334,6.335496992577211e-27,False
SSI_1132233989,90,0.6851851851851851,0.20646184065405132,8.93024074437649e-23,3330.0,0.6944444444444445,0.7277777777777777,0.6333333333333333,3.6599564857160576e-22,False
SSI_1136402437,90,0.6388888888888888,0.21006937173966478,7.371441184240162e-19,5523.5,0.5166666666666667,0.65,0.75,1.4712770272139476e-18,False
SSI_1154291909,90,0.6435185185185185,0.20418042789017726,1.7866011328293185e-19,4170.5,0.5416666666666666,0.7666666666666667,0.6222222222222222,3.9606774659728e-19,False
SSI_1154345339,90,0.6648148148148147,0.21051716574599233,1.607715104236102e-20,3458.5,0.4944444444444444,0.7666666666666667,0.7333333333333333,4.2051905777824374e-20,False
SSI_1157307331,90,0.7425925925925926,0.2035934453248255,4.465016153168944e-28,2703.0,0.7,0.711111111111111,0.8166666666666667,8.263662471357372e-27,False
SSI_1160203777,90,0.7185185185185184,0.21295096772801309,7.076803151301502e-25,5133.0,0.6388888888888888,0.7,0.8166666666666667,4.685265609384707e-24,False
SSI_1079271414,90,0.5037037037037038,0.21559673891456524,2.61882136449826e-09,4134.5,0.6444444444444444,0.5166666666666667,0.35,2.817164506151144e-09,False
SSI_1081786522,90,0.7231481481481482,0.2153462593580535,1.358929372872166e-24,3456.0,0.6833333333333333,0.711111111111111,0.775,8.258369298325129e-24,False
SSI_1123542812,90,0.575925925925926,0.21120276549593847,4.049061899188082e-14,4188.0,0.3777777777777777,0.6666666666666666,0.6833333333333333,5.338293696555037e-14,False
SSI_1132170861,90,0.6296296296296297,0.21553913144046338,1.7001862398525256e-17,4078.5,0.5444444444444444,0.611111111111111,0.7333333333333333,2.935374546968e-17,False
SSI_1132305178,90,0.45555555555555555,0.20856588747373775,1.3514789602827066e-07,9453.0,0.43333333333333335,0.48333333333333334,0.45,1.4001963952377658e-07,False
SSI_1144510447,90,0.5037037037037038,0.22187531294666024,6.727079549660765e-09,6174.5,0.4166666666666667,0.5444444444444444,0.55,7.148436424454654e-09,False
SSI_1146926114,90,0.6620370370370371,0.21460272338195832,4.3759124892356556e-20,4929.0,0.5666666666666667,0.7111111111111111,0.7083333333333334,1.0763288759540268e-19,False
SSI_1153387361,90,0.55,0.21805346924448732,3.45309618614884e-12,2565.5,0.5833333333333334,0.38333333333333336,0.6833333333333333,4.095103875126998e-12,False
SSI_1159273236,90,0.6333333333333333,0.2261807761987564,1.7091967535867613e-16,2476.0,0.5166666666666667,0.6666666666666666,0.7166666666666667,2.6732187381641857e-16,False
SSI_1159305560,90,0.6361111111111111,0.21262940186346774,8.82564689474342e-18,4276.5,0.5,0.6833333333333333,0.725,1.562395316221607e-17,False
SSI_1091749996,90,0.6777777777777778,0.19933997547341137,1.1182752972582354e-22,5940.5,0.5333333333333333,0.8,0.7,4.456947114651416e-22,False
SSI_1106226667,90,0.5555555555555556,0.19966439473713496,1.0389894953880982e-13,8505.0,0.48333333333333334,0.6,0.5833333333333334,1.3331151981266406e-13,False
SSI_1110400382,90,0.6555555555555556,0.1960536435673677,3.0557018085989087e-21,4329.5,0.5833333333333334,0.7,0.6833333333333333,9.092666892091516e-21,False
SSI_1131861142,90,0.6166666666666667,0.20146226381694277,4.2954871519088385e-18,4778.0,0.4666666666666667,0.75,0.6333333333333333,7.842955988126527e-18,False
SSI_1131946338,90,0.6888888888888889,0.1989555463167801,1.1631191377930404e-23,4119.5,0.5666666666666667,0.65,0.85,5.649105474410332e-23,False
SSI_1131971933,89,0.5561797752808989,0.19174082682054788,1.0996492432285162e-14,4500.0,0.4482758620689655,0.6333333333333333,0.5833333333333334,1.4908119318575277e-14,False
SSI_1153570858,90,0.6111111111111112,0.1968213133155369,9.289265456510623e-18,2571.0,0.6166666666666667,0.65,0.5666666666666667,1.6385325278162783e-17,False
SSI_1153675371,90,0.48333333333333334,0.19639121291297584,4.560961991397992e-10,5770.0,0.35,0.38333333333333336,0.7166666666666667,5.014595024745858e-10,False
SSI_1160475826,90,0.5388888888888889,0.2048881888999147,6.428157647418255e-12,5757.5,0.43333333333333335,0.6333333333333333,0.55,7.528278587077084e-12,False
SSI_1163170541,90,0.637037037037037,0.22005293076549326,4.602298075183349e-17,3138.0,0.42777777777777776,0.75,0.7333333333333333,7.622653693337573e-17,False
SSI_1074878361,90,0.5703703703703703,0.20074343482161913,2.5166538860901324e-14,3125.5,0.5111111111111112,0.48333333333333334,0.7166666666666667,3.3377771138535255e-14,False
SSI_1079239872,90,0.6222222222222222,0.20458990963870652,8.937346806251148e-18,4848.5,0.65,0.65,0.5666666666666667,1.5798797574292008e-17,False
SSI_1080742611,90,0.5166666666666667,0.20710033613632386,1.7242366482523814e-10,6963.0,0.43333333333333335,0.5833333333333334,0.5333333333333333,1.9181740126049945e-10,False
SSI_1083487597,90,0.7425925925925927,0.20039693016396126,1.6926399909599158e-28,4835.0,0.6277777777777778,0.7666666666666667,0.8333333333333334,3.754837421868312e-27,False
SSI_1105999175,90,0.7055555555555556,0.20357892122797488,4.989537486129831e-25,4919.5,0.5833333333333334,0.6666666666666666,0.8666666666666667,3.395387208527905e-24,False
SSI_1106321329,90,0.48333333333333334,0.20117007911291568,1.008293819571562e-09,5025.0,0.25,0.5,0.7,1.0967327699079813e-09,False
SSI_1129384320,90,0.6981481481481482,0.2023617547064649,3.322110169169416e-24,3545.5,0.5111111111111112,0.7333333333333333,0.85,1.8197119155338305e-23,False
SSI_1131897240,90,0.5277777777777778,0.20271384814892365,4.3043055125228275e-12,6453.0,0.36666666666666664,0.6666666666666666,0.55,5.089747515534012e-12,False
SSI_1133702370,90,0.65,0.20590668803049203,2.720521693271085e-19,3183.5,0.6166666666666667,0.7166666666666667,0.6166666666666667,5.850558535793363e-19,False
SSI_1143341641,90,0.7111111111111111,0.20305114774926233,4.297647349388692e-25,4396.5,0.6833333333333333,0.6666666666666666,0.7833333333333333,2.991211531212699e-24,False
SSI_1079224784,90,0.75,0.20637174573406286,8.951283990258524e-29,4018.0,0.7333333333333333,0.7333333333333333,0.7833333333333333,2.2779152904376643e-27,False
SSI_1079330751,90,0.7166666666666667,0.2105481358747384,3.439751441040789e-24,6490.0,0.7,0.7833333333333333,0.6666666666666666,1.875739457692555e-23,False
SSI_1082038243,90,0.6814814814814815,0.1957541588819868,4.1945039559478024e-23,2484.0,0.6944444444444444,0.7,0.65,1.84301675618354e-22,False
SSI_1097283686,90,0.7259259259259259,0.2063373194940523,1.1172782440235263e-25,2166.5,0.8277777777777777,0.6666666666666666,0.6833333333333333,9.221320101856333e-25,False
SSI_1109168637,90,0.6425925925925925,0.2086325819916035,5.239759060397415e-19,9674.5,0.5277777777777778,0.5666666666666667,0.8333333333333334,1.0738868611200409e-18,False
SSI_1110969001,90,0.6425925925925925,0.19822207521105042,4.047480390345759e-20,6491.5,0.6611111111111112,0.75,0.5166666666666667,9.997972288791395e-20,False
SSI_1131854002,90,0.6,0.2003659516056756,1.3113718657265857e-16,5958.0,0.6333333333333333,0.7666666666666667,0.4,2.0803126415389927e-16,False
SSI_1131950671,90,0.6333333333333333,0.2032788464748171,9.940735422138901e-19,10321.0,0.5333333333333333,0.7833333333333333,0.5833333333333334,1.942817330902827e-18,False
SSI_1131992135,90,0.7148148148148148,0.2028038166258172,4.0066690155216465e-25,3687.0,0.7944444444444444,0.7666666666666667,0.5833333333333334,2.8046683108651524e-24,False
SSI_1160030510,90,0.5388888888888889,0.20448124444282598,5.965902640246009e-12,4046.0,0.43333333333333335,0.7,0.48333333333333334,6.996378364634174e-12,False
SSI_1083636258,90,0.7333333333333333,0.1957852723129072,4.668473439830298e-28,5288.5,0.6333333333333333,0.7833333333333333,0.7833333333333333,8.575248581583021e-27,False
SSI_1089730099,90,0.6777777777777778,0.20065505952772328,1.5940781146271588e-22,5876.5,0.7333333333333333,0.6333333333333333,0.6666666666666666,6.181480688943093e-22,False
SSI_1106948376,90,0.6611111111111111,0.19676667303939865,4.632403417159235e-22,6288.0,0.5,0.65,0.8333333333333334,1.6121027846324802e-21,False
SSI_1131907970,90,0.7388888888888889,0.19654405732626468,5.893959039016458e-28,5755.5,0.7166666666666667,0.7833333333333333,0.7166666666666667,1.0510176592932269e-26,False
SSI_1131988427,90,0.75,0.19965842662304892,1.1327535165625698e-29,4281.5,0.8166666666666667,0.65,0.7833333333333333,4.1424437858075e-28,False
SSI_1151409011,90,0.5888888888888889,0.19484724156801575,2.2467697151269866e-16,4406.0,0.48333333333333334,0.6333333333333333,0.65,3.4608186721659694e-16,False
SSI_1157567762,90,0.6277777777777778,0.19893069603383415,2.3497437602067105e-18,4882.0,0.48333333333333334,0.7666666666666667,0.6333333333333333,4.412316684231355e-18,False
SSI_1157719576,90,0.7222222222222222,0.19740733491336623,8.28286651433743e-27,5153.5,0.65,0.7333333333333333,0.7833333333333333,9.775383040833981e-26,False
SSI_1159742747,90,0.65,0.19682734043640068,2.83724872988431e-20,8947.0,0.6333333333333333,0.5666666666666667,0.75,7.182796525499864e-20,False
SSI_1160224286,90,0.7388888888888889,0.1949965877223418,3.660057784181633e-28,4144.0,0.7666666666666667,0.7333333333333333,0.7166666666666667,7.004482177627519e-27,False
SSI_1162236893,90,0.6,0.19932997803936325,1.0371919074682157e-16,8506.5,0.6,0.55,0.65,1.6681104871263008e-16,False
SSI_1079123041,88,0.6344696969696969,0.20061524106445042,7.624911714197463e-19,1977.0,0.5804597701149425,0.6896551724137931,0.6333333333333333,1.5169103678977527e-18,False
SSI_1079190666,90,0.5222222222222223,0.19777945694207993,7.766185726258531e-12,2525.5,0.5833333333333334,0.4,0.5833333333333334,9.051904450977858e-12,False
SSI_1079193417,90,0.6092592592592592,0.19559838941843258,6.944421163282911e-18,4257.5,0.55,0.6333333333333333,0.6444444444444444,1.2428733261465314e-17,False
SSI_1079421116,90,0.6333333333333333,0.2048806866096088,1.4574607639620881e-18,5565.5,0.6666666666666666,0.55,0.6833333333333333,2.7882354317614578e-18,False
SSI_1107227410,90,0.6796296296296296,0.19625086107747722,4.8107024289216965e-23,4226.5,0.5944444444444446,0.6611111111111111,0.7833333333333333,2.0837847577758342e-22,False
SSI_1120656911,90,0.47962962962962963,0.20085322114627577,3.6203387330127165e-09,8898.5,0.5611111111111112,0.38333333333333336,0.4944444444444444,3.87236756775397e-09,False
SSI_1122704769,90,0.6703703703703703,0.19830918607399584,6.995404279524844e-22,3955.0,0.7166666666666667,0.5666666666666667,0.7277777777777777,2.357210021362647e-21,False
SSI_1127106741,90,0.712962962962963,0.1979380924491218,9.886695584409494e-26,4047.0,0.6166666666666667,0.8277777777777778,0.6944444444444444,8.221002575049651e-25,False
SSI_1131869969,90,0.5962962962962963,0.20083509763598617,1.457612679584746e-16,3212.0,0.6111111111111112,0.611111111111111,0.5666666666666667,2.2929476987930034e-16,False
SSI_1156889835,90,0.55,0.20060958216120583,1.2567412376567723e-13,4423.0,0.5833333333333334,0.43333333333333335,0.6333333333333333,1.5999055985385591e-13,False
SSI_1162391740,90,0.5722222222222222,0.20293843637434034,7.464659146792343e-15,3523.0,0.5833333333333334,0.5166666666666667,0.6166666666666667,1.0233536641758526e-14,False
SSI_1105583493,90,0.6037037037037036,0.20661021319654557,5.225790407055486e-16,2309.5,0.4166666666666667,0.6083333333333333,0.7861111111111111,7.766178043527288e-16,False
SSI_1127028226,90,0.575,0.20413509382583428,9.587202428662264e-15,9205.0,0.45,0.5666666666666667,0.7083333333333334,1.3033686996784591e-14,False
SSI_1127117959,90,0.49166666666666664,0.20957165378464415,3.818793009599265e-09,4140.5,0.5666666666666667,0.425,0.48333333333333334,4.081063570625987e-09,False
SSI_1127489176,90,0.475925925925926,0.20853276781237604,1.1743743169561514e-08,13520.5,0.36666666666666664,0.36111111111111105,0.7,1.237169666375109e-08,False
SSI_1128957346,90,0.5861111111111111,0.20401150834473852,1.7003441111769631e-15,2801.0,0.45,0.6333333333333333,0.675,2.44349450800313e-15,False
SSI_1131925318,90,0.5638888888888889,0.21339546999909972,3.106310382758167e-13,4510.0,0.4666666666666667,0.525,0.7,3.8698196150322293e-13,False
SSI_1142892557,90,0.28888888888888886,0.20890599411078642,0.045046285595096075,2822.0,0.11666666666666667,0.35,0.4,0.04525003113027126,False
SSI_1145126457,90,0.4981481481481481,0.2064185886860067,6.124704608511934e-10,7632.5,0.48333333333333334,0.43333333333333335,0.5777777777777777,6.697696221394205e-10,False
SSI_1150720745,90,0.36851851851851847,0.19541546840760268,0.00011577222170495438,11283.0,0.38333333333333336,0.36111111111111105,0.3611111111111111,0.00011726017314477758,False
SSI_1151640997,90,0.5092592592592592,0.20965353411822465,2.6416244878846283e-10,2769.5,0.4,0.4166666666666667,0.711111111111111,2.9240999655197767e-10,False
SSI_1077843493,90,0.5944444444444444,0.1952144828932608,4.0236830729688725e-17,2500.0,0.6333333333333333,0.7,0.45,6.694737223408362e-17,False
SSI_1079265731,90,0.5648148148148148,0.2004822371054175,2.384293287053679e-14,4844.0,0.7166666666666667,0.6,0.3777777777777778,3.170837506952715e-14,False
SSI_1118061592,90,0.7148148148148148,0.20536658213524286,8.245783511862239e-25,2981.5,0.6666666666666666,0.8166666666666667,0.6611111111111112,5.315158079018324e-24,False
SSI_1131864621,90,0.5259259259259259,0.20154865816901635,1.550455248102634e-11,4632.0,0.6333333333333333,0.5666666666666667,0.3777777777777778,1.7791273701807114e-11,False
SSI_1131889293,90,0.7055555555555556,0.17975509489807173,3.669970195400419e-28,2986.0,0.7,0.7833333333333333,0.6333333333333333,7.004482177627519e-27,False
SSI_1131919799,90,0.6611111111111111,0.19741077416555144,5.5049349892431305e-22,4958.0,0.65,0.7,0.6333333333333333,1.896834439876018e-21,False
SSI_1131948811,90,0.7055555555555556,0.20043521713314058,2.03723128798623e-25,4629.5,0.5833333333333334,0.9,0.6333333333333333,1.5408532620898949e-24,False
SSI_1148905925,90,0.7370370370370369,0.20285787526371818,3.94592794153591e-27,5442.5,0.6333333333333333,0.8666666666666667,0.7111111111111111,5.239077152810994e-26,False
SSI_1159898798,90,0.7,0.2028395325853972,3.793697182628454e-24,4624.0,0.6833333333333333,0.8,0.6166666666666667,2.0324566265704633e-23,False
SSI_1162915028,90,0.6444444444444445,0.20672219541628606,3.3135038028448655e-19,4985.5,0.5,0.7333333333333333,0.7,7.039034600304353e-19,False
SSI_1104505176,90,0.6888888888888889,0.20855971705069964,1.554571941641071e-22,3659.0,0.5333333333333333,0.65,0.8833333333333333,6.05712799589974e-22,False
SSI_1131894864,90,0.5203703703703704,0.20022415831889354,1.2184855904985033e-11,15422.0,0.5444444444444444,0.43333333333333335,0.5833333333333334,1.40545811972986e-11,False
SSI_1132181620,90,0.6203703703703703,0.20964627628456917,2.839406888564681e-17,3277.0,0.3444444444444444,0.7333333333333333,0.7833333333333333,4.7953220595749464e-17,False
SSI_1139076588,90,0.6407407407407407,0.20519853926192977,2.2906512294438947e-19,5722.0,0.4388888888888889,0.7,0.7833333333333333,4.974276403139054e-19,False
SSI_1142261954,90,0.5666666666666667,0.2165001916877321,5.587237914359582e-13,7817.0,0.5166666666666667,0.6,0.5833333333333334,6.869462619416437e-13,False
SSI_1152799141,90,0.5611111111111111,0.1998228279352247,1.072748277100079e-13,3236.5,0.43333333333333335,0.5833333333333334,0.6666666666666666,1.372106827725389e-13,False
SSI_1156292510,90,0.6185185185185185,0.2047622094295528,9.301754392608865e-18,3661.5,0.5555555555555555,0.5666666666666667,0.7333333333333333,1.6395516580911584e-17,False
SSI_1158574316,90,0.5611111111111111,0.1956368281193259,4.55759472400555e-14,5320.5,0.5,0.45,0.7333333333333333,5.99903227949653e-14,False
SSI_1159442294,90,0.6944444444444444,0.210142253539648,2.3515820102571115e-22,5593.0,0.5666666666666667,0.7333333333333333,0.7833333333333333,8.730873633826935e-22,False
SSI_1162146271,90,0.6388888888888888,0.21031699789699843,7.815872363715936e-19,4411.5,0.5333333333333333,0.5166666666666667,0.8666666666666667,1.552372047525043e-18,False
SSI_1081479613,90,0.5972222222222222,0.21004030247211428,1.092437101253355e-15,7023.0,0.4583333333333333,0.5333333333333333,0.8,1.5914274528097472e-15,False
SSI_1131980512,90,0.6333333333333333,0.19374393283882282,9.429083138628681e-20,4078.5,0.6,0.7,0.6,2.1834360291630206e-19,False
SSI_1131998096,90,0.5925925925925926,0.1937763697074714,1.759898245116681e-16,2916.0,0.5,0.7444444444444444,0.5333333333333333,2.7489970670204934e-16,False
SSI_1132262511,90,0.6537037037037037,0.19168184826761162,9.518850976583032e-22,3566.5,0.611111111111111,0.6833333333333333,0.6666666666666666,3.1256119537355306e-21,False
SSI_1155646218,90,0.6611111111111111,0.19382971183450048,2.0912354127015447e-22,3553.5,0.6,0.7166666666666667,0.6666666666666666,7.835717965076493e-22,False
SSI_1157436807,90,0.7259259259259259,0.19438616260716893,3.332507716041516e-27,3323.0,0.6444444444444444,0.8,0.7333333333333333,4.573773230499676e-26,False
SSI_1157646813,90,0.6814814814814815,0.19165622246701602,1.3328966164720814e-23,2913.5,0.5833333333333334,0.7277777777777777,0.7333333333333333,6.384836145179009e-23,False
SSI_1159602268,90,0.5648148148148148,0.1839811518864804,6.473407272076853e-16,3548.5,0.5944444444444444,0.5333333333333333,0.5666666666666667,9.555609646938822e-16,False
SSI_1081133847,90,0.7777777777777778,0.21192795879371265,3.205766956342598e-30,3342.5,0.6666666666666666,0.8,0.8666666666666667,1.6663167392223334e-28,False
SSI_1110291187,90,0.7703703703703705,0.21209557176050267,4.200273677679335e-29,4784.0,0.7333333333333333,0.6777777777777778,0.9,1.1660532493830244e-27,False
SSI_1114981970,90,0.7222222222222222,0.22472713580089565,1.618424320433904e-23,3504.5,0.6833333333333333,0.5666666666666667,0.9166666666666666,7.662423672131837e-23,False
SSI_1121492895,90,0.8092592592592592,0.21705970238330063,5.789695913248734e-33,2209.0,0.8,0.7444444444444444,0.8833333333333333,1.0427023024767655e-30,False
SSI_1126535876,90,0.6833333333333333,0.2231770698987545,6.223774866689798e-21,2738.5,0.5166666666666667,0.7,0.8333333333333334,1.7416588773566066e-20,False
SSI_1138406520,90,0.6,0.22298085550386565,1.546731487305959e-14,4142.0,0.5666666666666667,0.6,0.6333333333333333,2.0773309639848586e-14,False
SSI_1157602737,90,0.6888888888888889,0.21225607862535117,4.0644781064358783e-22,3762.0,0.55,0.6,0.9166666666666666,1.4369782943593128e-21,False
SSI_1159960891,90,0.7092592592592593,0.22680874318598163,2.368059442899326e-22,3044.5,0.5,0.7111111111111111,0.9166666666666666,8.774482288435551e-22,False
SSI_1160104680,90,0.5777777777777777,0.22627206811337797,7.158492766915986e-13,5826.5,0.43333333333333335,0.5666666666666667,0.7333333333333333,8.752851766554431e-13,False
SSI_1160208709,90,0.6666666666666666,0.21638568482086049,6.726029530052735e-20,3882.5,0.5833333333333334,0.6166666666666667,0.8,1.603091721162813e-19,False
SSI_1079412599,90,0.7388888888888889,0.20693732569819348,1.3015563746739098e-26,4162.0,0.6333333333333333,0.85,0.7333333333333333,1.4453191924219826e-25,False
SSI_1102970446,90,0.6666666666666666,0.20328711585323297,2.5796007119036e-21,4148.5,0.6833333333333333,0.7833333333333333,0.5333333333333333,7.761040072882383e-21,False
SSI_1131922651,90,0.7925925925925925,0.22084538336029103,3.646511137237556e-30,5287.0,0.6666666666666666,0.8111111111111111,0.9,1.7086856037999588e-28,False
SSI_1133579537,87,0.6264367816091954,0.20939214601069597,1.1503611537568695e-16,3267.0,0.55,0.6964285714285714,0.6379310344827587,1.834420560462162e-16,False
SSI_1135498449,90,0.6,0.21039124528240813,1.1770370974137158e-15,12860.0,0.6666666666666666,0.7,0.43333333333333335,1.7116081124891117e-15,False
SSI_1145259127,90,0.5777777777777777,0.20213994822913917,6.310083361020881e-15,3382.0,0.4666666666666667,0.6833333333333333,0.5833333333333334,8.734013399985276e-15,False
SSI_1155852756,90,0.6611111111111111,0.20431229117922856,3.359263861627932e-21,3797.0,0.6333333333333333,0.6833333333333333,0.6666666666666666,9.887568209586793e-21,False
SSI_1160261921,90,0.55,0.20999603474453948,7.820106203552966e-13,3183.5,0.4666666666666667,0.6,0.5833333333333334,9.533193340958033e-13,False
SSI_1160555110,90,0.65,0.20828938171349615,4.827464335294788e-19,4356.5,0.6,0.7,0.65,9.944032162867075e-19,False
SSI_1162914907,90,0.7222222222222222,0.21302204560650706,7.216023394607105e-25,5474.5,0.6833333333333333,0.7833333333333333,0.7,4.738909987372354e-24,False
SSI_1079196307,90,0.46111111111111114,0.18636728482166967,1.2959580486577377e-09,6978.5,0.45,0.3,0.6333333333333333,1.4052487851179997e-09,False
SSI_1079276841,90,0.7342592592592592,0.19284088889832998,1.871385853929352e-28,4616.5,0.6527777777777778,0.8333333333333334,0.7166666666666667,4.0819603938833995e-27,False
SSI_1079338021,90,0.5092592592592593,0.19506444551668192,2.082822870836015e-11,5859.0,0.45,0.6666666666666666,0.4111111111111111,2.3799514843088797e-11,False
SSI_1079376145,90,0.49444444444444446,0.19832938325104416,6.312432174572639e-10,4187.0,0.5,0.4666666666666667,0.5166666666666667,6.89989789820177e-10,False
SSI_1083292617,90,0.5675925925925926,0.18851526218734413,1.81395930189475e-15,3070.5,0.3416666666666667,0.8333333333333334,0.5277777777777778,2.602174148284718e-15,False
SSI_1131956604,90,0.5444444444444444,0.19031582450507645,7.772478634666636e-14,3297.5,0.6,0.5333333333333333,0.5,1.0067956152964259e-13,False
SSI_1137937409,90,0.6388888888888888,0.18796625891297375,2.763402951583812e-21,6784.5,0.5166666666666667,0.7,0.7,8.283427497815035e-21,False
SSI_1144087455,90,0.6703703703703704,0.19484461155163887,2.757063655262134e-22,2891.5,0.5833333333333334,0.9,0.5277777777777778,9.993333100601473e-22,False
SSI_1159624790,90,0.7314814814814816,0.1908369976542277,9.955886486017663e-29,3070.0,0.7,0.7333333333333333,0.7611111111111111,2.481860274014403e-27,False
SSI_1160576666,90,0.7138888888888889,0.19718033162483423,7.922819318078029e-26,2919.5,0.575,0.8666666666666667,0.7,6.744058395144469e-25,False
SSI_1091484847,90,0.5925925925925926,0.18913251101487946,5.983711386101941e-17,4305.0,0.611111111111111,0.7,0.4666666666666667,9.82406378780043e-17,False
SSI_1112970482,90,0.5981481481481481,0.18975725791795092,1.1030160810321752e-17,4324.0,0.42777777777777776,0.6333333333333333,0.7333333333333333,1.9302781418063065e-17,False
SSI_1122909867,90,0.662962962962963,0.19135044091550193,1.0569388513369991e-22,3123.0,0.5611111111111111,0.6166666666666667,0.8111111111111111,4.239904127777157e-22,False
SSI_1125952632,90,0.5703703703703704,0.19192876634361297,3.86113081065049e-15,4747.0,0.5833333333333334,0.55,0.5777777777777777,5.402487153733761e-15,False
SSI_1132309150,90,0.4592592592592592,0.18846620648123702,6.899105868251156e-09,17471.0,0.27777777777777773,0.6,0.5,7.328050276581555e-09,False
SSI_1146598207,90,0.6814814814814815,0.18770527193526382,4.2955333349257654e-24,3248.0,0.611111111111111,0.65,0.7833333333333333,2.2813017254834013e-23,False
SSI_1159502233,90,0.6611111111111111,0.18610172903345884,2.4082566557145342e-23,1991.0,0.3333333333333333,0.8333333333333334,0.8166666666666667,1.1017548707697765e-22,False
SSI_1161422068,90,0.6611111111111111,0.19507795806877223,2.937273517689425e-22,3310.0,0.4222222222222222,0.8166666666666667,0.7444444444444444,1.059934889765918e-21,False
SSI_1161552758,89,0.6910112359550562,0.19073952537160546,4.310103466251235e-25,2750.0,0.5666666666666667,0.7241379310344828,0.7833333333333333,2.9913587409237974e-24,False
SSI_1162595976,90,0.7370370370370369,0.19606274747021088,5.0844575631543785e-28,3033.0,0.6777777777777777,0.75,0.7833333333333333,9.200985056878627e-27,False
SSI_1079207356,90,0.7055555555555556,0.2066561921206732,1.181072292658185e-24,3490.5,0.6,0.8,0.7166666666666667,7.23147772171415e-24,False
SSI_1080686979,90,0.41481481481481475,0.1867241915312798,6.966588249086069e-07,5752.5,0.35,0.6166666666666667,0.2777777777777778,7.154003821991285e-07,False
SSI_1082259748,90,0.75,0.21285038646067567,6.137130027449845e-28,6438.5,0.8666666666666667,0.65,0.7333333333333333,1.0864499026855052e-26,False
SSI_1088351134,90,0.6111111111111112,0.21054120679312996,2.1014221614363739e-16,3533.0,0.5,0.7666666666666667,0.5666666666666667,3.249224266069026e-16,False
SSI_1090217270,90,0.7388888888888889,0.21559068650508245,1.5020639292049398e-25,3130.5,0.7666666666666667,0.8166666666666667,0.6333333333333333,1.183723283563764e-24,False
SSI_1092181768,90,0.65,0.21458963652162122,2.118554731343738e-18,4867.0,0.6333333333333333,0.7333333333333333,0.5833333333333334,3.996624871561971e-18,False
SSI_1095673299,90,0.7,0.20868585668231524,1.871003107771886e-23,4000.0,0.6,0.8833333333333333,0.6166666666666667,8.790116523628303e-23,False
SSI_1097123343,90,0.7537037037037037,0.20556421269279618,7.00850796688311e-29,4625.5,0.7166666666666667,0.7833333333333333,0.7611111111111111,1.841052146569402e-27,False
SSI_1146655031,90,0.6666666666666666,0.20687901014275928,6.4631422137873406e-21,5195.0,0.55,0.7333333333333333,0.7166666666666667,1.7983435567519903e-20,False
SSI_1159609692,90,0.7425925925925926,0.21063581994638136,3.567560254064815e-27,7484.5,0.7,0.7666666666666667,0.7611111111111111,4.815220829105161e-26,False
SSI_1079260756,90,0.7666666666666667,0.216199307698766,1.4153042237552391e-28,4226.5,0.7333333333333333,0.7333333333333333,0.8333333333333334,3.2014705728093046e-27,False
SSI_1079330736,90,0.6055555555555555,0.22260734260110643,1.4368141381737624e-14,3144.0,0.4666666666666667,0.65,0.7,1.938231330512701e-14,False
SSI_1130317475,90,0.6888888888888889,0.220625625261105,3.3373956366343433e-21,5069.5,0.7,0.6666666666666666,0.7,9.83505131519626e-21,False
SSI_1132022007,90,0.6333333333333333,0.21417465028368773,1.2518681969856245e-17,2362.0,0.65,0.5833333333333334,0.6666666666666666,2.1798389203391878e-17,False
SSI_1132272158,90,0.6555555555555556,0.22325184834516337,2.2997542197178006e-18,2316.0,0.55,0.75,0.6666666666666666,4.32176889136199e-18,False
SSI_1146081946,90,0.6648148148148147,0.21510193336550046,4.937717488000344e-20,4087.0,0.48333333333333334,0.8111111111111111,0.7,1.2038766290603633e-19,False
SSI_1156742253,90,0.6888888888888889,0.2172654000103177,1.4496870716269846e-21,3434.5,0.65,0.7666666666666667,0.65,4.575691881117213e-21,False
SSI_1157006209,90,0.6425925925925925,0.21510107355245414,2.3832778773780217e-18,4774.0,0.45,0.711111111111111,0.7666666666666667,4.464990685916032e-18,False
SSI_1160909641,90,0.5444444444444444,0.22495402529064207,4.9511788633677144e-11,2992.0,0.4,0.6333333333333333,0.6,5.586942246285139e-11,False
SSI_1161976606,90,0.6925925925925925,0.2210781145210285,3.7297102190558485e-21,2644.0,0.5333333333333333,0.711111111111111,0.8333333333333334,1.0925278255579662e-20,False
SSI_1079354162,90,0.587037037037037,0.19368199258133076,1.7222831561901604e-16,5321.5,0.39444444444444443,0.5833333333333334,0.7833333333333333,2.6919627322921064e-16,False
SSI_1089295185,90,0.6481481481481481,0.1965740074807107,2.6590957316893717e-20,4223.5,0.46111111111111114,0.6666666666666666,0.8166666666666667,6.745764145916028e-20,False
SSI_1098253091,90,0.625925925925926,0.20264021611990987,5.669654120851699e-18,3621.0,0.39444444444444443,0.65,0.8333333333333334,1.0214575971416445e-17,False
SSI_1106444571,90,0.5925925925925927,0.20221830080036793,1.1547480871740188e-15,6588.5,0.4944444444444444,0.6,0.6833333333333333,1.680196293606985e-15,False
SSI_1131913713,90,0.5592592592592592,0.19276068604314378,2.4964175533911257e-14,2584.5,0.3611111111111111,0.6333333333333333,0.6833333333333333,3.3145370015948474e-14,False
SSI_1131970223,90,0.6333333333333333,0.19552335808583365,1.4787593561812457e-19,4058.0,0.4666666666666667,0.6666666666666666,0.7666666666666667,3.3143202817897093e-19,False
SSI_1132216257,90,0.6222222222222222,0.19460372902604087,8.198413404860014e-19,2412.5,0.48333333333333334,0.6166666666666667,0.7666666666666667,1.6217590241354668e-18,False
SSI_1140795111,90,0.6703703703703704,0.19354217180683136,1.9331215949845315e-22,3358.0,0.5111111111111112,0.7166666666666667,0.7833333333333333,7.310551171125712e-22,False
SSI_1161559568,90,0.6388888888888888,0.1910147007800022,6.2466407992459175e-21,6380.5,0.6333333333333333,0.7833333333333333,0.5,1.74605760555581e-20,False
SSI_1073795925,90,0.49444444444444446,0.20922407436067844,3.619637466185965e-09,3929.5,0.5333333333333333,0.5,0.45,3.87236756775397e-09,False
SSI_1106182046,90,0.5537037037037037,0.21195728516222315,1.1303557119511073e-12,2671.0,0.6,0.5944444444444446,0.4666666666666667,1.369771331496307e-12,False
SSI_1126994532,90,0.5037037037037038,0.21364628673719832,1.9376316241788485e-09,5343.0,0.4166666666666667,0.5777777777777777,0.5166666666666667,2.0889823732872583e-09,False
SSI_1132162194,90,0.5388888888888889,0.20004966684773323,2.6123881420152826e-12,4860.5,0.6166666666666667,0.5333333333333333,0.4666666666666667,3.1147214401870844e-12,False
SSI_1132199587,90,0.7111111111111111,0.2091583745284937,2.3544404910609886e-24,9414.0,0.7833333333333333,0.65,0.7,1.3407687924620036e-23,False
SSI_1132214015,90,0.5555555555555556,0.20764758185167317,5.000330279649196e-13,4906.0,0.35,0.5833333333333334,0.7333333333333333,6.16648504451438e-13,False
SSI_1152629475,90,0.5833333333333334,0.21296785209597136,5.746522132962404e-14,4863.0,0.5333333333333333,0.5333333333333333,0.6833333333333333,7.507354850709708e-14,False
SSI_1153754398,90,0.4481481481481482,0.21802147071190162,1.421701025646273e-06,5457.0,0.3333333333333333,0.4277777777777778,0.5833333333333334,1.4562748870666016e-06,False
SSI_1153832924,90,0.5611111111111111,0.22083741744530327,5.6711378652835205e-12,2986.0,0.5166666666666667,0.6166666666666667,0.55,6.660860483119058e-12,False
SSI_1079445787,90,0.7444444444444445,0.2175195000541177,2.5257036343727045e-26,4082.5,0.7833333333333333,0.6333333333333333,0.8166666666666667,2.5497082556911224e-25,False
SSI_1080430450,90,0.7592592592592592,0.21947199218008465,4.1075719543041446e-27,5570.5,0.6166666666666667,0.8111111111111112,0.85,5.395052841056466e-26,False
SSI_1080726124,90,0.6805555555555556,0.21937364895552947,1.8780872543933837e-20,4381.0,0.6333333333333333,0.6083333333333333,0.8,4.875841830481442e-20,False
SSI_1127133825,90,0.6611111111111111,0.22219491051369278,2.651348220237684e-19,2314.5,0.5166666666666667,0.7,0.7666666666666667,5.711855116437973e-19,False
SSI_1142459220,90,0.7333333333333333,0.21638012132467857,1.8671452004413505e-25,4430.0,0.7166666666666667,0.6166666666666667,0.8666666666666667,1.4210080139184484e-24,False
SSI_1150602923,90,0.5037037037037037,0.21006528341292505,1.1028685534148236e-09,3890.5,0.4166666666666667,0.5277777777777778,0.5666666666666667,1.1974701671077396e-09,False
SSI_1152987504,90,0.5472222222222223,0.22016227453931725,2.2013767672015068e-11,2717.0,0.5333333333333333,0.5083333333333333,0.6,2.5118932472084455e-11,False
SSI_1155624065,90,0.6388888888888888,0.21540757161484017,2.5571037360664636e-18,7609.0,0.45,0.7,0.7666666666666667,4.775997268509458e-18,False
SSI_1157893492,90,0.5777777777777777,0.20612808988991355,1.448452292364945e-14,4903.0,0.48333333333333334,0.5833333333333334,0.6666666666666666,1.9528526215494263e-14,False
SSI_1161875254,90,0.6175925925925926,0.2080465308903853,1.9770651074585236e-17,3075.5,0.5666666666666667,0.6694444444444444,0.6166666666666667,3.3942164845545843e-17,False
SSI_1079313549,90,0.6925925925925925,0.21068427294040215,2.7074567314763657e-22,3605.0,0.4666666666666667,0.8166666666666667,0.7944444444444445,9.864332797195193e-22,False
SSI_1079416259,90,0.6666666666666666,0.20297690036385269,2.3807445100745556e-21,3261.0,0.5666666666666667,0.6833333333333333,0.75,7.207136106706494e-21,False
SSI_1106372645,90,0.5481481481481482,0.20269979610629446,9.24660597397358e-13,6544.5,0.2833333333333333,0.7333333333333333,0.6277777777777779,1.1249730276104309e-12,False
SSI_1114544581,90,0.5703703703703704,0.20033096058650715,2.3107465793936475e-14,4076.5,0.47777777777777775,0.5833333333333334,0.65,3.0763781435742133e-14,False
SSI_1132002919,90,0.6148148148148148,0.20207200613940235,3.160384484689875e-17,5198.0,0.6777777777777778,0.5666666666666667,0.6,5.313709081966529e-17,False
SSI_1132224571,90,0.6055555555555555,0.20070894114529125,1.4167983386308227e-16,3500.0,0.48333333333333334,0.6,0.7333333333333333,2.2330569943710323e-16,False
SSI_1152286527,90,0.6666666666666666,0.2010295755457031,1.4340770097548536e-21,2007.0,0.65,0.7333333333333333,0.6166666666666667,4.538147843045475e-21,False
SSI_1157426812,89,0.5318352059925093,0.22401769996475396,4.15701418847336e-10,7636.0,0.35,0.5632183908045978,0.6833333333333333,4.5766496901489046e-10,False
SSI_1162129770,90,0.6037037037037037,0.20813239839622952,7.262511202153979e-16,4141.5,0.48333333333333334,0.6833333333333333,0.6444444444444445,1.0698930983158847e-15,False
SSI_1081923629,90,0.6666666666666666,0.21909103599379723,1.280973626329272e-19,2593.0,0.4166666666666667,0.8166666666666667,0.7666666666666667,2.889583166318016e-19,False
SSI_1098302047,90,0.4222222222222222,0.22086729594866206,1.5397071262939392e-05,7982.5,0.4166666666666667,0.4666666666666667,0.38333333333333336,1.5653368745468554e-05,False
SSI_1106387325,90,0.662962962962963,0.20489723379598018,3.9028437794361305e-21,4131.5,0.6611111111111111,0.6166666666666667,0.711111111111111,1.1405080565983813e-20,False
SSI_1125026220,90,0.6592592592592592,0.2100344312977344,1.0460203152026197e-19,4653.5,0.5333333333333333,0.7333333333333333,0.711111111111111,2.4085086051272385e-19,False
SSI_1131918611,90,0.662962962962963,0.20228393319623528,1.9891163515249963e-21,3427.5,0.6277777777777778,0.6666666666666666,0.6944444444444444,6.127883035025934e-21,False
SSI_1132064352,90,0.5092592592592592,0.20261915070027559,8.009489463630751e-11,5317.0,0.39444444444444443,0.6,0.5333333333333333,8.984014122887936e-11,False
SSI_1132681508,90,0.6185185185185185,0.2066392403163977,1.4338124362245627e-17,4167.5,0.5777777777777777,0.6666666666666666,0.611111111111111,2.486021136761254e-17,False
SSI_1160087241,90,0.7055555555555556,0.21354754310950885,7.72031692064364e-24,3057.0,0.5833333333333334,0.7666666666666667,0.7666666666666667,3.886354051230535e-23,False
SSI_1160458405,90,0.5166666666666667,0.21369120775409753,5.110770115362297e-10,6263.0,0.38333333333333336,0.5166666666666667,0.65,5.611467723839758e-10,False
SSI_1163547343,90,0.5611111111111111,0.21550875137949418,2.177677976048928e-12,3615.0,0.4,0.65,0.6333333333333333,2.6054683992290286e-12,False
SSI_1081623804,90,0.7333333333333333,0.204845602865504,7.081931837716964e-27,3539.5,0.65,0.7833333333333333,0.7666666666666667,8.694049989719872e-26,False
SSI_1096962374,90,0.5,0.19014195681985163,3.6724916540158606e-11,8274.5,0.6,0.4,0.5,4.159433060157973e-11,False
SSI_1104336501,90,0.6166666666666667,0.20201567995533018,4.894994398891249e-18,4445.5,0.4166666666666667,0.6833333333333333,0.75,8.884451200959377e-18,False
SSI_1115561790,90,0.575925925925926,0.20066329518798043,4.614359282314952e-15,4766.0,0.47777777777777775,0.6166666666666667,0.6333333333333333,6.430621635308288e-15,False
SSI_1124539332,90,0.6,0.1949642014309312,3.795514380370352e-17,3229.0,0.4,0.7833333333333333,0.6166666666666667,6.342299337376724e-17,False
SSI_1132277643,90,0.6888888888888889,0.20729887708416153,1.1149604099486533e-22,4069.0,0.5333333333333333,0.7666666666666667,0.7666666666666667,4.456947114651416e-22,False
SSI_1132981971,90,0.6944444444444444,0.20495871885833014,5.978779924023104e-23,4751.0,0.5833333333333334,0.75,0.75,2.53139676852486e-22,False
SSI_1137044781,90,0.637037037037037,0.19426709535933612,1.0768330140983994e-19,4633.5,0.6777777777777777,0.6,0.6333333333333333,2.4701437121524787e-19,False
SSI_1142681323,90,0.6425925925925926,0.201919734934811,1.0233967964604745e-19,4492.5,0.6277777777777778,0.65,0.65,2.363098651940396e-19,False
SSI_1160257504,90,0.5833333333333334,0.20191164257672822,6.013156315747389e-15,3434.0,0.5833333333333334,0.5333333333333333,0.6333333333333333,8.3277442626819e-15,False
SSI_1079371778,90,0.7583333333333333,0.21505618625371364,1.1645501166634609e-27,4586.0,0.6583333333333333,0.7833333333333333,0.8333333333333334,1.9093932449723725e-26,False
SSI_1130415249,90,0.5611111111111111,0.2164517134050923,2.5855522116192195e-12,4962.5,0.3333333333333333,0.7166666666666667,0.6333333333333333,3.0857372022402314e-12,False
SSI_1132114673,90,0.7055555555555556,0.19607690066731612,5.729088485851548e-26,5786.5,0.4,0.8,0.9166666666666666,5.145648224608578e-25,False
SSI_1133041504,90,0.5111111111111111,0.22027550433092888,1.4445576931348674e-09,2514.5,0.36666666666666664,0.65,0.5166666666666667,1.5642971827697166e-09,False
SSI_1159389923,90,0.6666666666666666,0.21641805425319166,6.778460687683887e-20,3632.0,0.6,0.7,0.7,1.6124420116856607e-19,False
SSI_1159782672,90,0.6972222222222222,0.21870353848472618,2.563547884289398e-22,4054.5,0.5416666666666666,0.8166666666666667,0.7333333333333333,9.375370481016466e-22,False
SSI_1160035483,90,0.5277777777777778,0.21840252805266505,6.872825919006638e-11,5795.0,0.48333333333333334,0.4666666666666667,0.6333333333333333,7.719684469026767e-11,False
SSI_1162585166,90,0.6444444444444445,0.2158311306946177,2.8178110906781268e-18,2974.5,0.45,0.7333333333333333,0.75,5.230936545992905e-18,False
SSI_1163160895,90,0.6055555555555555,0.2189756946024983,6.9579035702945905e-15,4936.0,0.45,0.6333333333333333,0.7333333333333333,9.581825491674004e-15,False
SSI_1079221999,90,0.6037037037037036,0.20522412291482692,3.8622782129518473e-16,4501.0,0.5277777777777778,0.6833333333333333,0.6,5.8136449009497e-16,False
SSI_1079353109,90,0.6481481481481481,0.21398910768602059,1.844197059543416e-18,4148.5,0.5,0.8,0.6444444444444444,3.503400790407905e-18,False
SSI_1079448265,90,0.6092592592592592,0.20737982595360854,1.0477787099757509e-16,4888.0,0.43333333333333335,0.7166666666666667,0.6777777777777777,1.6818156297442572e-16,False
SSI_1100311545,90,0.5555555555555556,0.21358196091997972,1.5285367856914692e-12,5883.0,0.4666666666666667,0.6166666666666667,0.5833333333333334,1.844056971577412e-12,False
SSI_1125388187,90,0.7333333333333333,0.21378672286809358,9.10504751063748e-26,5305.0,0.6166666666666667,0.8333333333333334,0.75,7.643859473706997e-25,False
SSI_1126215114,90,0.5537037037037037,0.2171802279414963,2.9502493551296086e-12,8391.0,0.39444444444444443,0.6333333333333333,0.6333333333333333,3.5124070051567415e-12,False
SSI_1126505847,90,0.5944444444444444,0.21413428964774978,2.582838040873784e-15,2430.0,0.4166666666666667,0.75,0.6166666666666667,3.666399380508224e-15,False
SSI_1159184366,90,0.6574074074074073,0.212379916992637,1.8408827451338027e-19,4706.0,0.46111111111111114,0.7833333333333333,0.7277777777777777,4.0625804393512923e-19,False
SSI_1159401401,90,0.5444444444444444,0.20939500013655857,3.251129528443367e-12,8066.0,0.45,0.6333333333333333,0.55,3.863088248048223e-12,False
SSI_1159784757,90,0.6759259259259258,0.2153974308786177,7.106140967858893e-21,5286.0,0.55,0.8166666666666667,0.6611111111111111,1.95719305349259e-20,False
SSI_1083593218,90,0.6055555555555555,0.2004636668295254,1.3406037836430999e-16,13886.5,0.55,0.6666666666666666,0.6,2.1239267467186078e-16,False
SSI_1096074120,90,0.6462962962962963,0.20966332081378103,6.695492260153491e-19,4766.5,0.4611111111111111,0.8333333333333334,0.6444444444444444,1.3507091322506176e-18,False
SSI_1106300204,90,0.5981481481481482,0.20959883483530872,9.94374105636115e-16,6459.0,0.35,0.7666666666666667,0.6777777777777778,1.4520358278954147e-15,False
SSI_1107336585,90,0.6203703703703703,0.19537890949405567,9.920923040829792e-19,3570.5,0.5944444444444444,0.8,0.4666666666666667,1.940497597177517e-18,False
SSI_1110030970,90,0.7203703703703703,0.2011666904379686,2.5164494990798028e-26,3930.0,0.6111111111111112,0.8,0.75,2.5497082556911224e-25,False
SSI_1129177430,90,0.6916666666666667,0.2198975406312242,2.7893067331212215e-21,5691.0,0.525,0.7833333333333333,0.7666666666666667,8.340607526334325e-21,False
SSI_1130825699,90,0.6703703703703703,0.20951039210509548,1.2517186205353722e-20,2480.5,0.6944444444444444,0.6333333333333333,0.6833333333333333,3.323857163008603e-20,False
SSI_1131907746,90,0.7148148148148148,0.20529832815253826,8.08987665140606e-25,4711.5,0.6166666666666667,0.8333333333333334,0.6944444444444445,5.256268260474735e-24,False
SSI_1152893516,90,0.7157407407407407,0.20755424998845154,1.5145578641234855e-24,5171.5,0.6027777777777777,0.8333333333333334,0.711111111111111,9.080598210909198e-24,False
SSI_1160987676,90,0.5861111111111111,0.206603338906945,2.952307486504062e-15,2299.0,0.475,0.8,0.48333333333333334,4.166659266048194e-15,False
SSI_1088077917,90,0.49722222222222223,0.20166961784850498,2.7842813875509134e-10,6148.5,0.7083333333333334,0.5666666666666667,0.21666666666666667,3.0792211090026626e-10,False
SSI_1117659663,90,0.5916666666666667,0.20707286005177084,3.259594418712705e-15,3898.0,0.5583333333333333,0.6166666666666667,0.6,4.5844497207341035e-15,False
SSI_1127387770,90,0.5833333333333334,0.2079265153193396,2.0927889583894603e-14,3070.0,0.45,0.6166666666666667,0.6833333333333333,2.7922902377637637e-14,False
SSI_1131884064,90,0.7055555555555556,0.1961152382137333,5.79418448160535e-26,2505.5,0.65,0.7333333333333333,0.7333333333333333,5.18505226687248e-25,False
SSI_1131921379,90,0.6166666666666667,0.20189295428728068,4.755387703717901e-18,2422.0,0.6,0.7,0.55,8.650344125229212e-18,False
SSI_1132210655,90,0.6055555555555555,0.19922723038033072,1.0132584948429349e-16,6359.0,0.7,0.5,0.6166666666666667,1.6317669762038826e-16,False
SSI_1132229170,90,0.6055555555555555,0.2057804219557813,4.3619070118257474e-16,1622.5,0.55,0.6333333333333333,0.6333333333333333,6.525498364905267e-16,False
SSI_1158921563,90,0.675,0.20450346049462512,4.429812590231058e-22,4274.0,0.675,0.6333333333333333,0.7166666666666667,1.5460045939906394e-21,False
SSI_1159829386,90,0.4444444444444444,0.21109715179341823,5.95880422783965e-07,6062.5,0.2833333333333333,0.4666666666666667,0.5833333333333334,6.124256932525144e-07,False
SSI_1077672113,90,0.6388888888888888,0.20258103232188976,1.205489519426246e-19,3534.5,0.7166666666666667,0.6,0.6,2.7344576564144094e-19,False
SSI_1080684394,90,0.7111111111111111,0.19741526711019539,8.486750376645797e-26,3489.5,0.6666666666666666,0.6333333333333333,0.8333333333333334,7.174093830500236e-25,False
SSI_1090528337,90,0.5814814814814814,0.20216730208536696,6.346599100195517e-15,3319.0,0.4611111111111111,0.6833333333333333,0.6,8.774613243790407e-15,False
SSI_1099196065,90,0.7037037037037036,0.19784148149496875,9.292922192348822e-25,3487.5,0.5777777777777777,0.6666666666666666,0.8666666666666667,5.9275741294799405e-24,False
SSI_1115750358,90,0.4777777777777778,0.20035308812813982,3.3456801493595228e-09,4160.0,0.16666666666666666,0.5666666666666667,0.7,3.5895900768051445e-09,False
SSI_1120094025,90,0.6481481481481481,0.19523151899293303,1.882629699940717e-20,3749.5,0.6611111111111111,0.6,0.6833333333333333,4.882446238805915e-20,False
SSI_1131874037,90,0.6981481481481481,0.2009904456225569,2.265063230305651e-24,2655.0,0.5777777777777777,0.6833333333333333,0.8333333333333334,1.2959132252076594e-23,False
SSI_1131977937,90,0.5833333333333334,0.20542279030575963,1.2523833142473777e-14,5178.0,0.48333333333333334,0.4666666666666667,0.8,1.692241391983597e-14,False
SSI_1133841703,90,0.587037037037037,0.20626038308548805,2.7458256961901322e-15,6605.0,0.7166666666666667,0.4944444444444444,0.55,3.888725899010141e-15,False
SSI_1159997717,90,0.5666666666666667,0.20611407999498274,7.494377843980188e-14,4091.0,0.31666666666666665,0.6,0.7833333333333333,9.723189098695485e-14,False
SSI_1079193172,90,0.6444444444444445,0.2195087786912027,6.4834993347427104e-18,3945.5,0.7666666666666667,0.5,0.6666666666666666,1.1629360407324847e-17,False
SSI_1080213021,90,0.5888888888888889,0.224525888970824,1.0672630306724603e-13,3961.5,0.4666666666666667,0.65,0.65,1.366521794514057e-13,False
SSI_1091500834,90,0.7092592592592593,0.2255992222569519,1.749971321768023e-22,6168.0,0.6333333333333333,0.7277777777777777,0.7666666666666667,6.721981036288177e-22,False
SSI_1097706783,90,0.6444444444444445,0.19965410226919839,5.811109587581459e-20,4146.5,0.65,0.55,0.7333333333333333,1.40143541189156e-19,False
SSI_1129499283,89,0.4644194756554307,0.22168902731822104,5.214109961685229e-07,3783.0,0.4,0.49444444444444446,0.5,5.361140840234433e-07,False
SSI_1131879918,90,0.46111111111111114,0.22340188572174222,3.060191397398734e-07,4648.5,0.5333333333333333,0.48333333333333334,0.36666666666666664,3.151790718315813e-07,False
SSI_1132058721,90,0.5925925925925927,0.22583805640441015,1.367655079092804e-13,3156.0,0.4166666666666667,0.6611111111111111,0.7,1.7392927424381675e-13,False
SSI_1151005037,90,0.6425925925925925,0.2225405722173837,1.2723534836355102e-17,6729.5,0.7,0.611111111111111,0.6166666666666667,2.2139313109127858e-17,False
SSI_1160000597,90,0.6388888888888888,0.2203610304404165,7.845419226845626e-18,3125.0,0.5166666666666667,0.6833333333333333,0.7166666666666667,1.3929040095337112e-17,False
SSI_1160375291,90,0.5592592592592592,0.219316795925228,4.329531601142553e-12,2937.0,0.36666666666666664,0.5777777777777777,0.7333333333333333,5.117100000769838e-12,False
SSI_1074854573,90,0.31666666666666665,0.22315663669459546,0.033710780657289906,3090.0,0.15,0.36666666666666664,0.43333333333333335,0.03387718516896719,False
SSI_1079317242,90,0.7388888888888889,0.20559887495991755,8.824390541103209e-27,4348.0,0.6833333333333333,0.7666666666666667,0.7666666666666667,1.0314825881299111e-25,False
SSI_1079433496,90,0.6518518518518519,0.21445759621223695,3.018399409989246e-19,3718.5,0.6055555555555555,0.6166666666666667,0.7333333333333333,6.446485746032394e-19,False
SSI_1079571591,90,0.6425925925925925,0.21803653429929115,4.65404237158289e-18,4589.5,0.5777777777777778,0.65,0.7,8.478617087082029e-18,False
SSI_1081388958,90,0.6314814814814814,0.20732508452299428,2.5952000818264608e-18,3375.5,0.5944444444444446,0.6,0.7,4.843448281055801e-18,False
SSI_1107088629,90,0.5,0.22300541075292313,7.939032464115857e-09,4600.5,0.38333333333333336,0.55,0.5666666666666667,8.410692241905916e-09,False
SSI_1131992159,90,0.48333333333333334,0.2253559373125481,3.8181635066229046e-08,6561.5,0.31666666666666665,0.5333333333333333,0.6,3.9777285486907276e-08,False
SSI_1136661476,90,0.6814814814814815,0.22272504426351286,4.192377338487522e-20,6546.5,0.5777777777777777,0.6666666666666666,0.8,1.0334992772880944e-19,False
SSI_1155269037,90,0.4981481481481481,0.22623218796120123,1.2654275997792284e-08,3469.0,0.31111111111111106,0.5166666666666667,0.6666666666666666,1.3307962230997224e-08,False
SSI_1163587454,90,0.7907407407407406,0.21436999643599064,5.1434006096613585e-31,4730.0,0.6388888888888888,0.7666666666666667,0.9666666666666667,4.053331512710548e-29,False
SSI_1078208097,90,0.5333333333333333,0.21315059608646822,2.8044862300095626e-11,2762.0,0.4111111111111111,0.55,0.638888888888889,3.186679004610866e-11,False
SSI_1079287487,90,0.5592592592592592,0.2097675857899541,7.489391762867857e-13,7847.5,0.5166666666666667,0.5333333333333333,0.6277777777777779,9.148292038343087e-13,False
SSI_1079341608,90,0.4629629629629629,0.2180607355076825,1.5181787419164712e-07,3383.0,0.40555555555555556,0.36666666666666664,0.6166666666666667,1.571572316314381e-07,False
SSI_1079534567,90,0.5462962962962964,0.2132368387068277,6.530306130805852e-12,3402.5,0.3333333333333333,0.6,0.7055555555555556,7.644244311240392e-12,False
SSI_1107055944,90,0.5648148148148149,0.21030040013338905,1.710720911746769e-13,3976.5,0.47777777777777775,0.6333333333333333,0.5833333333333334,2.1643144419458087e-13,False
SSI_1131900532,90,0.5981481481481482,0.2049975790362069,3.6751652560798115e-16,4008.0,0.5944444444444444,0.6333333333333333,0.5666666666666667,5.542239950989493e-16,False
SSI_1135545269,90,0.5111111111111111,0.22612706317198183,3.5054151077020703e-09,4551.5,0.4166666666666667,0.6333333333333333,0.48333333333333334,3.754374882997e-09,False
SSI_1146742269,90,0.5722222222222222,0.22447722523831154,5.153066214180872e-13,4001.0,0.5444444444444444,0.65,0.5222222222222223,6.348432053073056e-13,False
SSI_1067811296,90,0.6314814814814814,0.20418843595286337,1.2358762778772959e-18,4357.5,0.6,0.5833333333333334,0.711111111111111,2.3943265240715572e-18,False
SSI_1079195441,90,0.5527777777777778,0.21156978343838226,1.0513763594874912e-12,4563.5,0.4,0.75,0.5083333333333333,1.276596643254444e-12,False
SSI_1079304467,90,0.6,0.2075647363358005,6.425939288441129e-16,7935.5,0.6,0.48333333333333334,0.7166666666666667,9.491275502818426e-16,False
SSI_1079377958,90,0.6,0.20055586913443127,1.3687670162213716e-16,8304.5,0.6333333333333333,0.7,0.4666666666666667,2.1615370527658765e-16,False
SSI_1098660938,79,0.5864978902953587,0.22002293184776084,3.623953373930448e-12,3188.0,0.4666666666666667,0.631578947368421,0.6777777777777778,4.295641966284368e-12,False
SSI_1121203792,90,0.7037037037037036,0.21184180889828955,4.334310926500819e-23,4043.5,0.6166666666666667,0.75,0.7444444444444444,1.894225687556619e-22,False
SSI_1131866837,90,0.5611111111111111,0.1985653007777768,8.31535752804112e-14,6092.0,0.45,0.6833333333333333,0.55,1.0748369545505003e-13,False
SSI_1131929187,90,0.6527777777777778,0.22365291319833255,2.5170413428334638e-18,3157.0,0.475,0.65,0.8333333333333334,4.704768171799657e-18,False
SSI_1131998594,90,0.6555555555555556,0.20841069121888114,7.041442363891984e-20,3325.0,0.6333333333333333,0.65,0.6833333333333333,1.6717437993185732e-19,False
SSI_1160277921,90,0.4092592592592592,0.20690743455052513,8.72869523618641e-06,3666.5,0.3333333333333333,0.4611111111111111,0.43333333333333335,8.888788020843435e-06,False
SSI_1079420096,87,0.5718390804597702,0.19593625932073097,7.710780130911697e-15,7617.0,0.5603448275862069,0.6379310344827587,0.5172413793103449,1.055318535563993e-14,False
SSI_1095197476,90,0.6925925925925925,0.20165163342561992,2.4432234660784086e-23,4976.0,0.7666666666666667,0.5833333333333334,0.7277777777777777,1.1150500407712778e-22,False
SSI_1106294176,90,0.6388888888888888,0.19913199344114377,5.095028024794344e-20,12140.5,0.625,0.6166666666666667,0.675,1.2397563211725678e-19,False
SSI_1107647970,90,0.5944444444444444,0.19869166800696345,8.969482540135951e-17,8668.5,0.55,0.55,0.6833333333333333,1.4521170209113407e-16,False
SSI_1131883948,90,0.7138888888888889,0.20269347816631214,3.883173222359089e-25,2781.5,0.6416666666666667,0.7166666666666667,0.7833333333333333,2.7338882369519463e-24,False
SSI_1131921271,90,0.7064814814814814,0.19466435006057467,3.771665411485664e-26,7069.5,0.6666666666666666,0.75,0.7027777777777778,3.640856848890638e-25,False
SSI_1132096300,90,0.6925925925925925,0.20258101546281035,3.1472109089853067e-23,4696.0,0.6166666666666667,0.7333333333333333,0.7277777777777777,1.418567573920868e-22,False
SSI_1145885833,90,0.55,0.20485776669124722,2.914001219633318e-13,7273.5,0.5833333333333334,0.5333333333333333,0.5333333333333333,3.6339484326514524e-13,False
SSI_1160112726,90,0.6425925925925926,0.20806629394614065,4.576625336058811e-19,3307.5,0.48333333333333334,0.6833333333333333,0.7611111111111111,9.49125271306594e-19,False
SSI_1162000905,90,0.6648148148148149,0.20711961449354818,6.868641677991111e-21,3819.0,0.5333333333333333,0.6666666666666666,0.7944444444444444,1.8970939587439267e-20,False
SSI_1079402776,90,0.6148148148148148,0.21078459289200985,2.2158866808009346e-16,6687.0,0.6,0.5277777777777778,0.7166666666666667,3.415401363531031e-16,False
SSI_1080471863,90,0.6,0.21013057019766598,1.1136150816405239e-15,4161.0,0.55,0.5333333333333333,0.7166666666666667,1.6213120646292012e-15,False
SSI_1083469034,90,0.55,0.21903476881650275,4.116970108823185e-12,4984.0,0.38333333333333336,0.6333333333333333,0.6333333333333333,4.872944755743722e-12,False
SSI_1132123045,90,0.6703703703703703,0.20473461954621427,3.743648583380062e-21,4516.0,0.6166666666666667,0.5444444444444444,0.85,1.0952974238559868e-20,False
SSI_1132200385,90,0.6055555555555555,0.20936166973670503,9.452820295972795e-16,5031.0,0.5833333333333334,0.5,0.7333333333333333,1.3820011958744187e-15,False
SSI_1150200648,90,0.6703703703703703,0.21049792110692672,1.6000627698292115e-20,7127.0,0.7166666666666667,0.6444444444444445,0.65,4.1986609524089835e-20,False
SSI_1153929771,90,0.6444444444444445,0.2146777420702477,2.162018057714375e-18,4102.0,0.5833333333333334,0.65,0.7,4.075470767743995e-18,False
SSI_1159041422,90,0.5777777777777777,0.22029621570989702,2.3635846235026404e-13,2480.5,0.5666666666666667,0.6,0.5666666666666667,2.9718153552326046e-13,False
SSI_1159248076,90,0.4777777777777778,0.21542717029457192,3.202998622172599e-08,3925.0,0.5,0.45,0.48333333333333334,3.343985313661394e-08,False
SSI_1079268562,90,0.5555555555555556,0.20889104853695228,6.341486607215012e-13,4635.0,0.5333333333333333,0.6333333333333333,0.5,7.77723483003327e-13,False
SSI_1079271643,90,0.7222222222222222,0.20678779409399478,1.2696631704723619e-25,3079.0,0.8,0.8,0.5666666666666667,1.023692120615175e-24,False
SSI_1079385038,90,0.7,0.21741857317565377,1.846942644621049e-22,2732.0,0.5333333333333333,0.85,0.7166666666666667,7.061159437886107e-22,False
SSI_1099651862,90,0.5055555555555555,0.21180874824370544,3.7654667243578465e-10,4105.0,0.5333333333333333,0.5166666666666667,0.4666666666666667,4.151189173107499e-10,False
SSI_1107068660,90,0.6888888888888889,0.21492352215839378,8.034646466592811e-22,4101.5,0.7,0.6833333333333333,0.6833333333333333,2.6705634446103728e-21,False
SSI_1118229982,90,0.42777777777777776,0.21693897451615285,9.984271207075506e-06,3554.5,0.06666666666666667,0.7666666666666667,0.45,1.0163156066202275e-05,False
SSI_1132278827,90,0.5166666666666667,0.21834709539979794,1.0705177897172393e-09,4797.5,0.65,0.4,0.5,1.163378541049473e-09,False
SSI_1154709613,90,0.6277777777777778,0.2160939806005946,1.1806759715096324e-16,4376.5,0.4,0.7833333333333333,0.7,1.877858983332052e-16,False
SSI_1155761351,90,0.6,0.21663487044303303,4.324347732048028e-15,4567.5,0.48333333333333334,0.6333333333333333,0.6833333333333333,6.036789433939047e-15,False
SSI_1160253513,90,0.7388888888888889,0.20372162490504128,5.091741075149076e-27,3192.5,0.8166666666666667,0.8,0.6,6.411919302365563e-26,False
SSI_1163072070,90,0.6333333333333333,0.2175583939501531,2.66279193970973e-17,4758.5,0.5,0.6333333333333333,0.7666666666666667,4.508108599245233e-17,False
SSI_1074854834,90,0.6574074074074073,0.1945951561841969,2.0778462759742812e-21,4391.0,0.4,0.7222222222222222,0.85,6.3851301285599616e-21,False
SSI_1080738134,90,0.6555555555555556,0.20894329482382434,8.020762469926877e-20,4562.5,0.8,0.75,0.4166666666666667,1.8786886590634095e-19,False
SSI_1095439313,90,0.5962962962962963,0.19366092716169644,2.7964144087202133e-17,4956.0,0.41111111111111115,0.7444444444444446,0.6333333333333333,4.727778823877842e-17,False
SSI_1106836045,90,0.7222222222222222,0.19550085121491587,4.6715466546322274e-27,3695.5,0.5333333333333333,0.7166666666666667,0.9166666666666666,6.006625514350805e-26,False
SSI_1128358529,90,0.6388888888888888,0.2008927388282468,7.925771974564484e-20,4243.5,0.5166666666666667,0.6666666666666666,0.7333333333333333,1.8617943205635612e-19,False
SSI_1131963769,89,0.6142322097378277,0.19583167579222113,3.53263597080446e-18,5453.0,0.49444444444444446,0.7011494252873562,0.65,6.518300360026658e-18,False
SSI_1132471542,90,0.6925925925925925,0.1948528134937374,3.675585323632659e-24,5293.0,0.6666666666666666,0.6444444444444444,0.7666666666666667,1.9836050433950333e-23,False
SSI_1135926203,90,0.7722222222222223,0.19365645950567156,9.12697461855434e-33,3891.0,0.6444444444444444,0.8722222222222221,0.8,1.3935749370705159e-30,False
SSI_1161348264,90,0.6537037037037037,0.19366513350199155,1.6219394815073103e-21,5822.0,0.55,0.6777777777777777,0.7333333333333333,5.079997632464563e-21,False
SSI_1162420308,90,0.7148148148148148,0.19545241507997446,4.764362770207325e-26,3651.5,0.6111111111111112,0.7166666666666667,0.8166666666666667,4.392203112308112e-25,False
SSI_1074854423,90,0.6611111111111111,0.20733880781357636,7.259633625809213e-21,4110.0,0.6,0.6166666666666667,0.7666666666666667,1.992728645826057e-20,False
SSI_1079263429,90,0.6611111111111111,0.20586362151232013,4.994768233964856e-21,5823.5,0.65,0.6666666666666666,0.6666666666666666,1.4238294977335054e-20,False
SSI_1089282509,90,0.6055555555555555,0.20726787323725684,6.02654755156283e-16,2619.0,0.45,0.7666666666666667,0.6,8.922942829374541e-16,False
SSI_1110217202,90,0.6833333333333333,0.2033795710443289,3.907905524371571e-23,4896.5,0.7166666666666667,0.6166666666666667,0.7166666666666667,1.7295313760941574e-22,False
SSI_1114355096,90,0.6388888888888888,0.20274391631692504,1.2549840299279234e-19,5812.0,0.6166666666666667,0.6333333333333333,0.6666666666666666,2.8335729991810696e-19,False
SSI_1121905449,90,0.7666666666666667,0.20730985234481136,9.852102605702088e-30,4044.0,0.7333333333333333,0.7833333333333333,0.7833333333333333,3.76397957267733e-28,False
SSI_1131882691,90,0.46111111111111114,0.20423940937924534,2.175420552547519e-08,3071.0,0.2833333333333333,0.5,0.6,2.275065243952735e-08,False
SSI_1131916269,90,0.7,0.20177510932269999,2.821079554367166e-24,3828.5,0.6666666666666666,0.6833333333333333,0.75,1.5770932154048024e-23,False
SSI_1132038091,90,0.65,0.2092803415379729,6.113589263122396e-19,2547.0,0.5166666666666667,0.6833333333333333,0.75,1.2415210781220293e-18,False
SSI_1144902268,90,0.6444444444444445,0.20327702569424846,1.4312473044220203e-19,3018.0,0.7833333333333333,0.6333333333333333,0.5166666666666667,3.219647481310309e-19,False
SSI_1158408478,90,0.6444444444444445,0.20984923431119368,6.997119702410957e-19,2589.5,0.55,0.7333333333333333,0.65,1.4045984743623638e-18,False
SSI_1074881605,89,0.7078651685393258,0.20440947022752698,2.1973378983771165e-24,4469.0,0.8103448275862069,0.6,0.7166666666666667,1.2630815260553637e-23,False
SSI_1079443173,90,0.6166666666666667,0.20116355464921146,4.002284012198514e-18,9839.0,0.6833333333333333,0.5,0.6666666666666666,7.329520121290081e-18,False
SSI_1081188318,90,0.55,0.20352250231896638,2.2426506606427773e-13,4730.0,0.5166666666666667,0.55,0.5833333333333334,2.8226664420145825e-13,False
SSI_1120371244,90,0.6361111111111111,0.20667938178430426,2.230130582047693e-18,3242.0,0.43333333333333335,0.7916666666666666,0.6833333333333333,4.197387528461105e-18,False
SSI_1132086181,90,0.662037037037037,0.19757299644172271,5.748875234893636e-22,8334.5,0.736111111111111,0.48333333333333334,0.7666666666666667,1.972542443658027e-21,False
SSI_1132129752,90,0.5111111111111111,0.20902765765683745,2.380933374315458e-10,5067.0,0.38333333333333336,0.55,0.6,2.6403178544950815e-10,False
SSI_1132304809,90,0.6777777777777778,0.21830466109710123,1.4492380705360185e-20,4014.0,0.6666666666666666,0.7,0.6666666666666666,3.823421821079367e-20,False
SSI_1155982282,90,0.5527777777777778,0.20129119895365807,1.4405366542313637e-13,3422.0,0.525,0.5333333333333333,0.6,1.82980283145005e-13,False
SSI_1159336579,90,0.55,0.20570470783046915,3.436560834587396e-13,5067.5,0.5,0.5333333333333333,0.6166666666666667,4.272528304782192e-13,False
SSI_1163081227,90,0.5944444444444444,0.20910038772510664,8.939241883705616e-16,2774.5,0.5,0.6333333333333333,0.65,1.3100520649005892e-15,False
SSI_1087391101,90,0.6537037037037037,0.1988308059887496,6.3100229678394306e-21,2797.0,0.6777777777777777,0.55,0.7333333333333333,1.761758412620769e-20,False
SSI_1092470509,90,0.6444444444444445,0.19930350085526113,5.3201895999957975e-20,3409.0,0.5333333333333333,0.5833333333333334,0.8166666666666667,1.2906875067318502e-19,False
SSI_1110932098,90,0.6277777777777778,0.21404059531432237,7.542977936676878e-17,7274.0,0.6166666666666667,0.6666666666666666,0.6,1.2268638548136893e-16,False
SSI_1121255133,90,0.4666666666666667,0.20784640097431992,3.6803868053340815e-08,3135.0,0.48333333333333334,0.3,0.6166666666666667,3.837466907994521e-08,False
SSI_1131892541,90,0.6222222222222222,0.20385992836240005,7.541828322487139e-18,3065.5,0.6666666666666666,0.5333333333333333,0.6666666666666666,1.3468338151926958e-17,False
SSI_1132000467,90,0.5611111111111111,0.2092688352163239,6.813687075885221e-13,3867.0,0.43333333333333335,0.5166666666666667,0.7333333333333333,8.343778208715586e-13,False
SSI_1132202873,90,0.6314814814814814,0.20778143451208647,2.8877085813670243e-18,4124.5,0.5777777777777777,0.48333333333333334,0.8333333333333334,5.356622675990615e-18,False
SSI_1142025341,90,0.6870370370370371,0.20165728964673824,2.447001274360421e-23,2775.5,0.6444444444444444,0.6166666666666667,0.8,1.1150500407712778e-22,False
SSI_1153331000,90,0.37222222222222223,0.21918278310356093,0.00046547888797325934,4504.0,0.26666666666666666,0.4666666666666667,0.38333333333333336,0.0004702915315627264,False
SSI_1154582615,90,0.5944444444444444,0.2055504641135951,4.1481889646093224e-16,7950.5,0.5166666666666667,0.6333333333333333,0.6333333333333333,6.224831474533522e-16,False
SSI_1160953933,90,0.5592592592592592,0.20539628783303848,3.2365529391320335e-13,4070.5,0.4944444444444444,0.5666666666666667,0.6166666666666667,4.0279668009676807e-13,False
SSI_1106285682,90,0.48148148148148145,0.19606049678311907,1.679814857409503e-09,2828.0,0.6333333333333333,0.3277777777777778,0.48333333333333334,1.8166390866097458e-09,False
SSI_1111544623,90,0.5611111111111111,0.1993219615471375,9.695004916447784e-14,4784.0,0.4166666666666667,0.6,0.6666666666666666,1.2492034288439839e-13,False
SSI_1128880148,90,0.5833333333333334,0.20264832533707203,7.02325906094348e-15,3705.5,0.43333333333333335,0.6166666666666667,0.7,9.666378527259111e-15,False
SSI_1129507971,90,0.5611111111111111,0.20430500805695403,2.6153375904145143e-13,5237.5,0.36666666666666664,0.6666666666666666,0.65,3.273191461773903e-13,False
SSI_1131887692,90,0.5111111111111111,0.20221361397631168,7.463928888286431e-11,5511.5,0.4666666666666667,0.5,0.5666666666666667,8.375920199395383e-11,False
SSI_1131921591,90,0.6314814814814814,0.19674015370759818,2.0059196895197272e-19,5552.0,0.6666666666666666,0.6944444444444444,0.5333333333333333,4.3871636539809255e-19,False
SSI_1131933284,90,0.687037037037037,0.20623357714933874,8.404204488772873e-23,4668.0,0.6666666666666666,0.6944444444444444,0.7,3.4564766946249374e-22,False
SSI_1131965652,90,0.5222222222222223,0.20099988670698687,1.4035183440081469e-11,7945.5,0.5666666666666667,0.36666666666666664,0.6333333333333333,1.6150708028317958e-11,False
SSI_1158181699,90,0.6777777777777778,0.20005290379096627,1.3556872893296386e-22,2768.5,0.5166666666666667,0.6833333333333333,0.8333333333333334,5.3332432332243275e-22,False
SSI_1163590361,90,0.5814814814814815,0.19926883858813976,3.4243952219278075e-15,6237.0,0.4166666666666667,0.6777777777777777,0.65,4.802409602278779e-15,False
SSI_1131551917,90,0.7,0.21065566308276362,3.1661967499087544e-23,6249.5,0.5166666666666667,0.7666666666666667,0.8166666666666667,1.4244969907968855e-22,False
SSI_1132081836,90,0.6666666666666666,0.20867048120195797,1.0147179666649496e-20,3439.0,0.5333333333333333,0.7333333333333333,0.7333333333333333,2.7241274643543645e-20,False
SSI_1132187884,90,0.687037037037037,0.2047111685668535,5.594648878218891e-23,3272.0,0.55,0.711111111111111,0.8,2.3811371445102356e-22,False
SSI_1132305863,90,0.6259259259259259,0.20161385222882086,4.452184005105793e-18,3953.0,0.5666666666666667,0.7,0.611111111111111,8.116929495875711e-18,False
SSI_1149277993,90,0.637037037037037,0.20567066934928338,1.757813526622445e-18,3982.0,0.5333333333333333,0.5777777777777778,0.8,3.3497179762391833e-18,False
SSI_1149347500,90,0.6111111111111112,0.2078508011940274,1.1632128764889372e-16,6725.0,0.6833333333333333,0.6333333333333333,0.5166666666666667,1.8524961259859672e-16,False
SSI_1154131909,90,0.6,0.20813428661311548,7.265463160483228e-16,6836.0,0.6833333333333333,0.6333333333333333,0.48333333333333334,1.0698930983158847e-15,False
SSI_1160269112,88,0.6003787878787878,0.19883291931266084,1.4085756822355084e-16,10079.5,0.55,0.6551724137931034,0.5977011494252873,2.2215302722410247e-16,False
SSI_1160587704,90,0.6333333333333333,0.21195519463638507,7.569806590671693e-18,5106.0,0.5333333333333333,0.6333333333333333,0.7333333333333333,1.3498567518986091e-17,False
SSI_1079225690,87,0.7049808429118773,0.19995394506467842,7.910154606749666e-24,5925.0,0.6149425287356323,0.7068965517241379,0.7931034482758621,3.968071397184688e-23,False
SSI_1079333102,90,0.7148148148148148,0.20071835694110216,2.2098434127375054e-25,6504.0,0.6,0.7333333333333333,0.8111111111111111,1.6509625251736164e-24,False
SSI_1083917183,90,0.637037037037037,0.19634312238916082,1.8164154955338145e-19,6020.0,0.65,0.6166666666666667,0.6444444444444444,4.0194774054249177e-19,False
SSI_1101796599,90,0.7092592592592593,0.206271914695756,1.0614393164463491e-24,2912.5,0.6277777777777779,0.7333333333333333,0.7666666666666667,6.615041454281711e-24,False
SSI_1106374282,90,0.6981481481481482,0.19076532970795695,1.1814478668036515e-25,4578.0,0.6666666666666666,0.7833333333333333,0.6444444444444444,9.620923795337735e-25,False
SSI_1112831028,90,0.6425925925925926,0.20124635801738577,8.656428872655759e-20,4352.0,0.5444444444444444,0.6666666666666666,0.7166666666666667,2.0140624510379066e-19,False
SSI_1131929160,90,0.7222222222222222,0.1998117515200989,1.6905572011427158e-26,1953.0,0.6666666666666666,0.6833333333333333,0.8166666666666667,1.8114172115752871e-25,False
SSI_1132026876,90,0.7148148148148148,0.19952903318912082,1.5689639488843892e-25,3146.5,0.6611111111111112,0.7166666666666667,0.7666666666666667,1.2285188868988985e-24,False
SSI_1158002439,89,0.6797752808988764,0.20500757448126256,1.6752709318470365e-21,1784.0,0.65,0.5862068965517241,0.8,5.220263885844784e-21,False
SSI_1079952939,89,0.6460674157303371,0.20961534271539964,2.9625419908676013e-19,8108.0,0.5,0.7666666666666667,0.6666666666666666,6.348675512008377e-19,False
SSI_1093256596,90,0.5805555555555556,0.21273575315070903,5.4891454956274384e-14,3885.0,0.38333333333333336,0.6916666666666667,0.6666666666666666,7.178791459217255e-14,False
SSI_1127818086,90,0.7444444444444445,0.2088345031848487,2.1123772354994838e-27,5638.5,0.6833333333333333,0.6833333333333333,0.8666666666666667,3.035610344897199e-26,False
SSI_1128333227,90,0.5444444444444444,0.2184344422898541,1.6336711849622003e-11,8782.0,0.36666666666666664,0.6666666666666666,0.6,1.8737364811561764e-11,False
SSI_1131879187,90,0.6083333333333333,0.21170190382839346,2.7043625067017737e-16,2656.0,0.5833333333333334,0.5916666666666667,0.65,4.134391491785002e-16,False
SSI_1132166326,90,0.5888888888888889,0.20812654829569885,4.0664810011010175e-15,3797.0,0.35,0.6333333333333333,0.7833333333333333,5.683302680600564e-15,False
SSI_1132174772,90,0.5666666666666667,0.20790555105418135,1.0697343286373212e-13,5775.0,0.5333333333333333,0.6166666666666667,0.55,1.3689685515248693e-13,False
SSI_1132215844,90,0.7027777777777777,0.21748477878021863,1.8785107707441241e-22,3874.5,0.6083333333333333,0.7333333333333333,0.7666666666666667,7.137172337368421e-22,False
SSI_1133437407,90,0.4888888888888889,0.21608689978727216,1.018074116793615e-08,4763.0,0.2833333333333333,0.5833333333333334,0.6,1.0739011516955101e-08,False
SSI_1151523778,90,0.5777777777777777,0.21827008312537657,1.6086886330578696e-13,6024.0,0.45,0.6666666666666666,0.6166666666666667,2.0373386887301065e-13,False
SSI_1079200994,90,0.6055555555555555,0.20417669360410365,3.0681702447201793e-16,4237.0,0.5,0.5833333333333334,0.7333333333333333,4.673029867737779e-16,False
SSI_1079216409,90,0.65,0.2092396268613688,6.054709685764246e-19,6076.5,0.5666666666666667,0.6333333333333333,0.75,1.2316116371625357e-18,False
SSI_1091862754,90,0.6166666666666667,0.20964765872907495,2.8402910438825e-17,5053.0,0.5666666666666667,0.6833333333333333,0.6,4.7953220595749464e-17,False
SSI_1108249876,90,0.6555555555555556,0.20537246595393224,3.324417378095674e-20,6421.5,0.6166666666666667,0.65,0.7,8.321261941278413e-20,False
SSI_1108822082,90,0.65,0.2079309661162852,4.430709610101705e-19,5780.0,0.5833333333333334,0.7333333333333333,0.6333333333333333,9.227376058289846e-19,False
SSI_1131919846,90,0.7055555555555556,0.20217651557222582,3.352511854326491e-25,4895.0,0.7,0.6666666666666666,0.75,2.380868157011517e-24,False
SSI_1131968342,90,0.6055555555555555,0.21134053789229815,1.4390430703876349e-15,7586.0,0.5166666666666667,0.7333333333333333,0.5666666666666667,2.081457798079924e-15,False
SSI_1132140729,90,0.6944444444444444,0.20118773899852346,2.1520711552022605e-23,3266.0,0.6166666666666667,0.75,0.7166666666666667,9.919829871998344e-23,False
SSI_1155326344,90,0.7305555555555555,0.22841274971246842,4.6183520862800055e-24,3546.5,0.675,0.7,0.8166666666666667,2.4263729347918397e-23,False
SSI_1158141938,90,0.6333333333333333,0.19994871468065029,4.434277319865853e-19,3898.0,0.55,0.5333333333333333,0.8166666666666667,9.227376058289846e-19,False
SSI_1163176876,90,0.6222222222222222,0.20841332123525802,2.1488029649311505e-17,5461.0,0.5,0.65,0.7166666666666667,3.676138405691037e-17,False
SSI_1079413440,90,0.6111111111111112,0.2162845303448255,7.200373992402958e-16,3957.0,0.4166666666666667,0.6666666666666666,0.75,1.061588030382645e-15,False
SSI_1121800481,90,0.6277777777777778,0.20924030965408208,2.5910370773713913e-17,4867.0,0.6166666666666667,0.65,0.6166666666666667,4.3988211118959754e-17,False
SSI_1131860838,90,0.7,0.21164712867962052,4.117150012144013e-23,4143.5,0.6666666666666666,0.7333333333333333,0.7,1.8122878341743824e-22,False
SSI_1131890812,90,0.7611111111111111,0.2277516293457228,4.0491344715077496e-26,1999.0,0.6666666666666666,0.7833333333333333,0.8333333333333334,3.834122292206757e-25,False
SSI_1131934103,90,0.24074074074074073,0.21360068292758588,0.2738381532515867,3330.0,0.17222222222222222,0.25,0.3,0.27451235469578433,True
SSI_1131936401,90,0.6972222222222222,0.20908837563107754,2.0843085100444027e-23,5937.5,0.6083333333333333,0.7,0.7833333333333333,9.662173984892743e-23,False
SSI_1132036280,90,0.7166666666666667,0.20920837012827398,2.3868891309753614e-24,5078.0,0.6,0.7333333333333333,0.8166666666666667,1.3529397092744335e-23,False
SSI_1132273801,90,0.7148148148148149,0.2060703896908753,1.0035339601484438e-24,2352.5,0.6777777777777778,0.7333333333333333,0.7333333333333333,6.351382032752974e-24,False
SSI_1155648392,90,0.7037037037037036,0.21260489297687846,5.298971843756926e-23,4974.5,0.6277777777777779,0.7833333333333333,0.7,2.275373882807467e-22,False
SSI_1160267491,90,0.6231481481481482,0.21424131951293449,7.882545747513833e-17,3491.0,0.5027777777777778,0.5166666666666667,0.85,1.2812414678094674e-16,False
SSI_1079227313,90,0.7111111111111111,0.1849568879623139,1.937351162777613e-27,3561.0,0.5,0.85,0.7833333333333333,2.8172314825391126e-26,False
SSI_1079409600,90,0.7111111111111111,0.1970159935342059,7.550355919339907e-26,5266.5,0.7166666666666667,0.7166666666666667,0.7,6.449869471422032e-25,False
SSI_1100422497,90,0.6555555555555556,0.1827176566149464,7.878317648316e-23,3578.5,0.6833333333333333,0.65,0.6333333333333333,3.2566379043715715e-22,False
SSI_1125536314,72,0.7222222222222222,0.19045446935879187,1.7712960254553056e-22,2421.5,0.7333333333333333,0.7916666666666666,0.6833333333333333,6.793212229493425e-22,False
SSI_1128283619,90,0.6037037037037036,0.18405993436423232,2.718874533631142e-18,5266.0,0.5166666666666667,0.6777777777777777,0.6166666666666667,5.0588046349283174e-18,False
SSI_1131947174,90,0.6759259259259259,0.18800954459917713,4.691494741953243e-24,2816.5,0.5833333333333334,0.7277777777777777,0.7166666666666667,2.4490003535452506e-23,False
SSI_1132114030,90,0.5888888888888889,0.18741135074606485,3.978418307860906e-17,4971.5,0.55,0.6333333333333333,0.5833333333333334,6.62979258260859e-17,False
SSI_1143080535,90,0.6833333333333333,0.18164460993316725,7.394615507492079e-26,6145.5,0.7166666666666667,0.65,0.6833333333333333,6.397943813227282e-25,False
SSI_1147181825,90,0.5111111111111111,0.18795095929847352,5.4842954289060395e-12,2640.5,0.31666666666666665,0.7,0.5166666666666667,6.444508769993965e-12,False
SSI_1160728868,90,0.7722222222222223,0.18522894292561,4.969956396646238e-34,2636.5,0.85,0.7833333333333333,0.6833333333333333,2.3982012403285633e-31,False
SSI_1079259984,90,0.6481481481481481,0.20663656815232245,3.245749452037806e-19,8773.5,0.5611111111111111,0.7,0.6833333333333333,6.913135057827689e-19,False
SSI_1079418673,90,0.7203703703703703,0.19526910631031966,4.355533196728015e-27,4336.0,0.5111111111111111,0.85,0.8,5.659876382769437e-26,False
SSI_1094583549,90,0.7388888888888889,0.19955330183382947,1.4710210063431066e-27,5944.0,0.5666666666666667,0.8666666666666667,0.7833333333333333,2.260191395280635e-26,False
SSI_1097597549,90,0.5666666666666667,0.20741378856893722,9.70570535275509e-14,3850.0,0.35,0.7166666666666667,0.6333333333333333,1.249922940262556e-13,False
SSI_1106250907,90,0.6620370370370371,0.202242126894244,1.967620162473572e-21,3727.0,0.6361111111111111,0.7166666666666667,0.6333333333333333,6.076986165515722e-21,False
SSI_1115276720,90,0.6277777777777778,0.20396032417986476,7.720337390037184e-18,1750.0,0.48333333333333334,0.7166666666666667,0.6833333333333333,1.3756954226010823e-17,False
SSI_1123528660,90,0.6694444444444444,0.20263000373260012,2.1761018396827755e-21,6821.5,0.5583333333333333,0.75,0.7,6.645270992931276e-21,False
SSI_1131973787,90,0.6453703703703704,0.2071210348709825,3.6477167952303567e-19,5638.0,0.5027777777777778,0.7333333333333333,0.7,7.695744019336807e-19,False
SSI_1132271209,90,0.6666666666666666,0.1941538023461769,2.284631904269743e-22,2926.0,0.75,0.6666666666666666,0.5833333333333334,8.521153804780126e-22,False
SSI_1130287456,90,0.7055555555555556,0.19302461493019837,2.3115478336142126e-26,7510.5,0.5,0.85,0.7666666666666667,2.362808099380553e-25,False
SSI_1131918670,90,0.6277777777777778,0.1932942168974506,5.928039086316078e-19,2737.5,0.5833333333333334,0.5333333333333333,0.7666666666666667,1.208864731875641e-18,False
SSI_1131930795,90,0.5166666666666667,0.1953974713404081,2.2135267287777375e-11,8123.5,0.4,0.5166666666666667,0.6333333333333333,2.524577870403367e-11,False
SSI_1131994881,90,0.7,0.18772541010553448,4.7417683865416223e-26,4549.0,0.5666666666666667,0.7833333333333333,0.75,4.3879318819398415e-25,False
SSI_1146118608,90,0.5666666666666667,0.18830381139950253,1.7300506516449448e-15,4484.5,0.43333333333333335,0.5333333333333333,0.7333333333333333,2.484722952362493e-15,False
SSI_1152372719,90,0.6666666666666666,0.19123678543213699,1.0241358739553146e-22,6767.5,0.5666666666666667,0.7166666666666667,0.7166666666666667,4.135477586897246e-22,False
SSI_1153648627,90,0.6166666666666667,0.18882718465850756,1.9221348761321818e-19,2922.0,0.4666666666666667,0.6833333333333333,0.7,4.2342430138781965e-19,False
SSI_1155320551,90,0.7722222222222223,0.1974069050068431,3.1894166123437356e-32,5837.0,0.7666666666666667,0.7333333333333333,0.8166666666666667,3.7217093921385514e-30,False
SSI_1160232926,90,0.7333333333333333,0.18966213899231935,6.853212181658121e-29,4483.5,0.6,0.7833333333333333,0.8166666666666667,1.81982579997726e-27,False
SSI_1160264830,90,0.7222222222222222,0.18487884728405288,1.7060456562725446e-28,3213.5,0.5,0.85,0.8166666666666667,3.754837421868312e-27,False
SSI_1132141436,88,0.59375,0.22011672341432773,6.508747893032106e-14,2984.0,0.4396551724137931,0.5666666666666667,0.7758620689655172,8.475944084582855e-14,False
SSI_1102775855,90,0.6305555555555555,0.2173698546511334,2.5541094673890807e-17,5912.5,0.5583333333333333,0.5833333333333334,0.75,4.3391442481443144e-17,False
SSI_1109798997,90,0.6351851851851852,0.21790883520283666,2.8768973543658427e-17,3682.0,0.47777777777777775,0.6277777777777778,0.8,4.850421143351107e-17,False
SSI_1115335119,90,0.6425925925925926,0.23848449858232001,3.689870068941616e-16,3414.0,0.55,0.7,0.6777777777777777,5.560982466640572e-16,False
SSI_1120445772,90,0.6925925925925926,0.2219938575630336,4.666611711704519e-21,4124.0,0.6444444444444444,0.7166666666666667,0.7166666666666667,1.3359706818252268e-20,False
SSI_1124654971,90,0.42037037037037034,0.22355793336010557,2.0558916574304314e-05,3458.0,0.27777777777777773,0.3333333333333333,0.65,2.0892443091108752e-05,False
SSI_1132279218,90,0.5444444444444444,0.21994510852357965,2.1207570966189927e-11,8345.0,0.4666666666666667,0.5166666666666667,0.65,2.4221643698177647e-11,False
SSI_1140828293,90,0.6851851851851852,0.21829613040295562,1.8752315411742667e-21,3560.5,0.5277777777777778,0.7277777777777777,0.8,5.806325291620701e-21,False
SSI_1143563948,88,0.4839015151515151,0.21395983409792318,1.1160099254305235e-08,7580.5,0.24166666666666667,0.5114942528735632,0.7068965517241379,1.176191651348908e-08,False
SSI_1144113021,90,0.5444444444444444,0.2194595417499927,1.950660294202139e-11,4750.0,0.4666666666666667,0.4166666666666667,0.75,2.2320670251690047e-11,False
SSI_1159768409,90,0.3111111111111111,0.21944426742411138,0.02759502665057139,2397.5,0.23333333333333334,0.3,0.4,0.027742654365162923,False
SSI_1079210760,90,0.6722222222222223,0.20248984156174418,2.0983868389552146e-21,2250.0,0.6333333333333333,0.6833333333333333,0.7,6.440149557245715e-21,False
SSI_1079237025,90,0.7370370370370369,0.21582919190049366,1.6042691964431301e-25,5159.5,0.6611111111111111,0.75,0.8,1.2521500469362833e-24,False
SSI_1098938965,90,0.6166666666666667,0.19793746866318626,1.849794989859127e-18,3852.5,0.6166666666666667,0.65,0.5833333333333334,3.511304708800192e-18,False
SSI_1128681417,90,0.6759259259259259,0.19558196024561653,3.9994697997044996e-23,2562.5,0.7444444444444444,0.5333333333333333,0.75,1.7665003053726396e-22,False
SSI_1131871257,90,0.6981481481481481,0.19498808231681516,4.0870804211322086e-25,4195.5,0.6444444444444444,0.7666666666666667,0.6833333333333333,2.852782133950282e-24,False
SSI_1143668111,90,0.7203703703703704,0.20079998860326237,2.2602828684233507e-26,6413.5,0.6444444444444444,0.6666666666666666,0.85,2.320113885528675e-25,False
SSI_1145367577,90,0.7203703703703704,0.19921788202083718,1.4187062176381746e-26,5273.5,0.7277777777777777,0.6833333333333333,0.75,1.5542149281121348e-25,False
SSI_1158826759,90,0.5944444444444444,0.19746408257442186,6.772096345350022e-17,3571.0,0.6333333333333333,0.6666666666666666,0.48333333333333334,1.1058978189632423e-16,False
SSI_1159647883,90,0.6444444444444445,0.20269738525794895,1.2406460613080668e-19,7681.5,0.6333333333333333,0.6833333333333333,0.6166666666666667,2.8037912375352514e-19,False
SSI_1162409757,90,0.5388888888888889,0.20443982168488964,5.920689090835847e-12,3646.5,0.4666666666666667,0.6833333333333333,0.4666666666666667,6.947283116672419e-12,False
SSI_1079211630,90,0.29444444444444445,0.19015897606044452,0.015298953260594708,3944.0,0.5333333333333333,0.08333333333333333,0.26666666666666666,0.015393469034445169,False
SSI_1080314837,90,0.6222222222222222,0.19615502564097376,1.1997147356448997e-18,3367.5,0.6666666666666666,0.5666666666666667,0.6333333333333333,2.326113570778167e-18,False
SSI_1103724444,90,0.6944444444444444,0.19459693481706725,3.4176198329572e-24,7800.0,0.7833333333333333,0.7166666666666667,0.5833333333333334,1.867840101099427e-23,False
SSI_1106338005,90,0.6,0.1886645535496623,8.465814663614796e-18,5459.0,0.4166666666666667,0.6,0.7833333333333333,1.5008697549499962e-17,False
SSI_1131938804,90,0.7111111111111111,0.19251765398492998,1.984952628067711e-26,8309.5,0.6666666666666666,0.7666666666666667,0.7,2.0812185709739993e-25,False
SSI_1139864785,90,0.6722222222222223,0.18733839308022462,3.427032739637742e-23,3859.5,0.6166666666666667,0.6166666666666667,0.7833333333333333,1.5305742199149916e-22,False
SSI_1147213957,90,0.6166666666666667,0.18858072177764834,1.80465544366735e-19,7197.5,0.4,0.6333333333333333,0.8166666666666667,3.997074568340287e-19,False
SSI_1153809915,90,0.6944444444444444,0.18984644244765508,8.673765674281359e-25,4808.0,0.7166666666666667,0.6833333333333333,0.6833333333333333,5.54712291682444e-24,False
SSI_1157422971,90,0.6222222222222222,0.19370665741440396,6.567295952475227e-19,4474.0,0.65,0.48333333333333334,0.7333333333333333,1.3270392069393698e-18,False
SSI_1129829827,90,0.4981481481481481,0.22620067834191634,1.2597402718371433e-08,2587.5,0.4277777777777778,0.5333333333333333,0.5333333333333333,1.3259566928471094e-08,False
SSI_1131922295,90,0.6592592592592592,0.2202690304444627,1.1677646061989529e-18,4510.5,0.5611111111111112,0.6833333333333333,0.7333333333333333,2.2695695568369465e-18,False
SSI_1132033962,90,0.6925925925925925,0.220981259110225,3.6421118073182266e-21,2750.0,0.6166666666666667,0.7611111111111111,0.7,1.0707195120671995e-20,False
SSI_1132111033,90,0.7166666666666667,0.2225478131919599,8.089900345026528e-23,3207.5,0.65,0.7166666666666667,0.7833333333333333,3.338450429543886e-22,False
SSI_1132225849,90,0.624074074074074,0.2238327026351753,6.098756265412827e-16,12963.0,0.40555555555555556,0.7,0.7666666666666667,9.02438616378167e-16,False
SSI_1135967152,90,0.7555555555555555,0.22766339735400123,3.953560632870881e-26,6484.5,0.6166666666666667,0.85,0.8,3.7728705570717044e-25,False
SSI_1156760618,90,0.6833333333333333,0.22596635399818127,1.2183266026713526e-20,3095.0,0.5666666666666667,0.75,0.7333333333333333,3.242235174647184e-20,False
SSI_1161819062,90,0.7,0.22895819993586808,3.24441644262563e-21,3236.0,0.4,0.8166666666666667,0.8833333333333333,9.59577405488428e-21,False
SSI_1162210093,90,0.5944444444444444,0.22050138227591504,9.453477915297343e-15,2639.0,0.5333333333333333,0.6166666666666667,0.6333333333333333,1.2873381575848053e-14,False
SSI_1079219666,90,0.5648148148148148,0.2007388660111182,2.5142786317235182e-14,3320.5,0.4166666666666667,0.5444444444444444,0.7333333333333333,3.336438184302311e-14,False
SSI_1079221786,90,0.5074074074074074,0.20678930298159565,1.636095181482993e-10,2326.5,0.49444444444444446,0.4166666666666667,0.611111111111111,1.8217778160268696e-10,False
SSI_1083779239,90,0.6666666666666666,0.19931027820515543,9.122601613528438e-22,4404.0,0.6166666666666667,0.6833333333333333,0.7,3.007626955715246e-21,False
SSI_1105384707,90,0.6037037037037037,0.19989483306308228,1.1789140456450115e-16,5793.5,0.43333333333333335,0.6277777777777778,0.75,1.8762781846975655e-16,False
SSI_1106367776,90,0.6777777777777778,0.20484691787369244,4.8475812656445765e-22,4481.5,0.5833333333333334,0.7333333333333333,0.7166666666666667,1.6845862065390754e-21,False
SSI_1132305043,90,0.6759259259259259,0.20126074724160176,1.8751017718073803e-22,4963.5,0.6333333333333333,0.6333333333333333,0.7611111111111111,7.135317178388519e-22,False
SSI_1143508592,90,0.5037037037037037,0.1933132929457229,6.51854903289321e-11,7062.5,0.4777777777777778,0.45,0.5833333333333334,7.331867075210917e-11,False
SSI_1155301846,90,0.6388888888888888,0.20224342925812297,1.108895446512438e-19,4362.5,0.5777777777777777,0.611111111111111,0.7277777777777777,2.5318052110559677e-19,False
SSI_1161206271,90,0.5277777777777778,0.20428561168617432,5.755253401590894e-12,3906.0,0.4666666666666667,0.4166666666666667,0.7,6.756407525269848e-12,False
SSI_1105346775,90,0.5833333333333334,0.206282426331724,1.4951670541257783e-14,4767.0,0.45,0.6333333333333333,0.6666666666666666,2.0136125210745734e-14,False
SSI_1115983708,90,0.575,0.19380401016804794,1.0368610486191399e-15,4499.5,0.5416666666666666,0.5,0.6833333333333333,1.512269577180035e-15,False
SSI_1117641761,90,0.4666666666666667,0.20066663328568957,1.2746405072795734e-08,4508.0,0.4666666666666667,0.3333333333333333,0.6,1.3399082440981058e-08,False
SSI_1126583425,90,0.5583333333333333,0.20393329064614446,2.431382554547731e-13,4258.5,0.4583333333333333,0.5166666666666667,0.7,3.053916493964065e-13,False
SSI_1127903307,90,0.6,0.21149769822989783,1.4875661058390527e-15,6156.0,0.43333333333333335,0.6333333333333333,0.7333333333333333,2.149097573367715e-15,False
SSI_1132180890,90,0.5925925925925926,0.20587846593167825,2.5323804092010837e-15,4393.5,0.3944444444444445,0.6333333333333333,0.75,3.59895598585122e-15,False
SSI_1132298485,90,0.6481481481481481,0.20252970485484165,1.1902915890743056e-19,4904.0,0.5277777777777778,0.6,0.8166666666666667,2.705006839170724e-19,False
SSI_1132762988,90,0.4888888888888889,0.20510440659243953,1.899516464831547e-09,3288.5,0.48333333333333334,0.4,0.5833333333333334,2.048794138447448e-09,False
SSI_1160451658,90,0.673148148148148,0.20904615206687258,1.4385839953811589e-21,4020.0,0.5027777777777778,0.6833333333333333,0.8333333333333334,4.546520958235668e-21,False
SSI_1096595131,90,0.7055555555555556,0.19085060293125441,1.199014461963082e-26,6270.0,0.6166666666666667,0.8,0.7,1.3498582168552116e-25,False
SSI_1103357230,90,0.5685185185185185,0.18977952876175794,2.404400915881371e-15,5460.0,0.6,0.5111111111111111,0.5944444444444446,3.42504456996979e-15,False
SSI_1106157487,90,0.7129629629629629,0.19647201005070872,6.43580952361309e-26,5945.5,0.5666666666666667,0.8444444444444444,0.7277777777777777,5.676058724255155e-25,False
SSI_1106910429,90,0.624074074074074,0.20122227482254976,4.05833760518551e-18,3439.0,0.75,0.5333333333333333,0.5888888888888888,7.426605819826368e-18,False
SSI_1120350609,90,0.6518518518518518,0.1949700178133032,2.295114264579204e-21,3118.5,0.7,0.5611111111111112,0.6944444444444444,6.973836005431587e-21,False
SSI_1129777227,90,0.7,0.20029865859049328,1.8649834909474242e-24,6320.5,0.5833333333333334,0.7333333333333333,0.7833333333333333,1.0847987305677517e-23,False
SSI_1153268132,90,0.6444444444444445,0.20036071686154075,6.938591491136428e-20,4755.0,0.6833333333333333,0.5833333333333334,0.6666666666666666,1.6489279195375772e-19,False
SSI_1153960666,90,0.65,0.20204367445657287,1.0553447606936642e-19,5746.0,0.5,0.7166666666666667,0.7333333333333333,2.4276904429139564e-19,False
SSI_1160239489,90,0.65,0.200722925751603,7.596649318684087e-20,5473.0,0.6,0.65,0.7,1.7900061215393673e-19,False
SSI_1161165669,90,0.6944444444444444,0.19358789362999917,2.562324014549267e-24,5960.5,0.65,0.7333333333333333,0.7,1.4423404533511196e-23,False
SSI_1078174029,90,0.7675925925925925,0.21398027774321662,7.361565279983722e-29,3853.5,0.6444444444444444,0.8416666666666667,0.8166666666666667,1.9132238275532162e-27,False
SSI_1079189738,90,0.6398148148148148,0.21959971235038833,6.6170370838808195e-18,5945.5,0.5444444444444444,0.675,0.7,1.1860177253060044e-17,False
SSI_1083257098,90,0.5648148148148149,0.22136896735778777,1.3721376883264986e-12,6743.5,0.42777777777777776,0.6666666666666666,0.6,1.6586503575366829e-12,False
SSI_1114482217,90,0.5666666666666667,0.21831813993103286,7.838765009083525e-13,4820.0,0.48333333333333334,0.6,0.6166666666666667,9.546482982293916e-13,False
SSI_1131854187,90,0.775,0.21772275732940044,1.8329448977223715e-29,4680.0,0.6333333333333333,0.8583333333333333,0.8333333333333334,5.869196902086063e-28,False
SSI_1142232942,90,0.6166666666666667,0.2212048610795003,3.520500804973501e-16,4540.5,0.4,0.65,0.8,5.318851865522735e-16,False
SSI_1155747272,90,0.48333333333333334,0.21624361335926937,1.0418127201459658e-08,3835.0,0.4166666666666667,0.6833333333333333,0.35,1.0984671883110032e-08,False
SSI_1160239143,90,0.6555555555555556,0.2164005292402186,4.76807435907909e-19,3315.0,0.5,0.6833333333333333,0.7833333333333333,9.846496753364511e-19,False
SSI_1079565951,90,0.6907407407407408,0.21378068731769015,6.007522132993182e-22,8875.5,0.75,0.7333333333333333,0.5888888888888889,2.049773264092506e-21,False
SSI_1081027847,90,0.6888888888888889,0.21755328564911336,1.557964765313941e-21,3779.5,0.7333333333333333,0.6333333333333333,0.7,4.885889501491601e-21,False
SSI_1090224747,90,0.6787037037037037,0.21441236330236993,5.567210542452688e-21,13097.0,0.75,0.675,0.611111111111111,1.56870765342698e-20,False
SSI_1090297575,90,0.7361111111111112,0.21462324509628392,1.1490914315634827e-25,3563.5,0.7166666666666667,0.6916666666666667,0.8,9.42023613191137e-25,False
SSI_1099042797,90,0.6203703703703703,0.21916688499174414,2.2859546542977934e-16,4508.0,0.4666666666666667,0.5777777777777777,0.8166666666666667,3.5167425821470465e-16,False
SSI_1114710674,90,0.7018518518518517,0.21402806901837337,7.691096528916237e-23,8811.5,0.6666666666666666,0.7277777777777777,0.7111111111111111,3.19546748641877e-22,False
SSI_1132045553,89,0.7621722846441947,0.21475744526210222,3.311144513708441e-28,3688.0,0.7333333333333333,0.7,0.8563218390804599,6.465756635636862e-27,False
SSI_1134649639,90,0.5101851851851852,0.21904512872075668,1.193690891169952e-09,2953.0,0.4,0.5194444444444444,0.611111111111111,1.2955072621626798e-09,False
SSI_1161740134,90,0.6555555555555556,0.21924969678945808,9.239757034171823e-19,3862.5,0.45,0.75,0.7666666666666667,1.815987645573754e-18,False
SSI_1079215906,90,0.6833333333333333,0.21102596433090867,2.95834438841518e-22,4890.5,0.5166666666666667,0.8333333333333334,0.7,1.0659639145867677e-21,False
SSI_1079310771,90,0.6277777777777778,0.2103055168639685,3.292922229231208e-17,8133.0,0.6333333333333333,0.6166666666666667,0.6333333333333333,5.52894089760264e-17,False
SSI_1079362898,90,0.6935185185185185,0.20468323307238848,5.552848131212696e-23,1764.5,0.7416666666666667,0.711111111111111,0.6277777777777779,2.3674708524524635e-22,False
SSI_1106188607,90,0.5833333333333334,0.2086296147936398,2.4139365132146924e-14,2954.5,0.48333333333333334,0.5833333333333334,0.6833333333333333,3.206768298957854e-14,False
SSI_1124733502,90,0.6009259259259259,0.20216323904724626,1.9629581007515928e-16,6151.0,0.6916666666666667,0.39444444444444443,0.7166666666666667,3.042834162522932e-16,False
SSI_1132136168,90,0.6842592592592592,0.20720245157988115,1.0868705299795554e-22,2958.0,0.7416666666666667,0.6777777777777777,0.6333333333333333,4.352827384819761e-22,False
SSI_1142696352,90,0.7425925925925926,0.20511608993442157,7.045267538262325e-28,8965.5,0.65,0.8444444444444446,0.7333333333333333,1.2036075941241161e-26,False
SSI_1159620332,90,0.6444444444444445,0.20471043519690224,2.0337371104830142e-19,4314.0,0.4666666666666667,0.6833333333333333,0.7833333333333333,4.42818160508913e-19,False
SSI_1160607149,90,0.6166666666666667,0.2157445424631317,1.0944079786889003e-16,3763.0,0.5166666666666667,0.6166666666666667,0.7166666666666667,1.7509094249751036e-16,False
SSI_1079299400,90,0.6,0.2025108816927595,2.1211580376004656e-16,3423.5,0.45,0.7,0.65,3.277665455950625e-16,False
SSI_1106325590,90,0.6805555555555556,0.204328197720585,4.230416356562061e-22,4824.0,0.6833333333333333,0.6416666666666667,0.7166666666666667,1.4913285943839992e-21,False
SSI_1114657498,90,0.625,0.19968111051429974,2.8125579493753934e-18,5401.5,0.55,0.575,0.75,5.22515518655824e-18,False
SSI_1139561271,90,0.7083333333333334,0.20327504053765627,4.578848678689796e-25,6065.0,0.6416666666666667,0.7333333333333333,0.75,3.1510217808561044e-24,False
SSI_1150469147,90,0.6361111111111111,0.208155958959606,3.1515684660901763e-18,6491.5,0.5833333333333334,0.5583333333333333,0.7666666666666667,5.8327892141350766e-18,False
SSI_1157436094,90,0.6666666666666666,0.20988301990618932,1.3734468715672987e-20,7596.0,0.5333333333333333,0.7166666666666667,0.75,3.6313102892196005e-20,False
SSI_1161691192,90,0.7638888888888888,0.20736319868661027,1.0014681630127975e-29,3867.5,0.7083333333333334,0.75,0.8333333333333334,3.76397957267733e-28,False
SSI_1161849883,90,0.6277777777777778,0.21071797424000113,3.611755249404695e-17,6286.0,0.5333333333333333,0.6333333333333333,0.7166666666666667,6.055949261699156e-17,False
SSI_1162129331,90,0.4666666666666667,0.20229256504485696,1.628502912695177e-08,2310.0,0.3,0.6166666666666667,0.48333333333333334,1.7089487180903425e-08,False
SSI_1094755169,90,0.75,0.21555819062965625,1.3459348878701236e-27,6796.0,0.7166666666666667,0.7333333333333333,0.8,2.1077685455555848e-26,False
SSI_1111385930,90,0.6666666666666666,0.21621915926468788,6.462495535343569e-20,3116.0,0.5166666666666667,0.7166666666666667,0.7666666666666667,1.543291944559564e-19,False
SSI_1131903678,90,0.7055555555555556,0.21259851181534858,5.986313844403868e-24,4841.5,0.6333333333333333,0.8333333333333334,0.65,3.0723875466131617e-23,False
SSI_1131960261,90,0.7055555555555556,0.20802777094985064,1.7259208823651174e-24,2947.5,0.6833333333333333,0.7666666666666667,0.6666666666666666,1.0184600762362276e-23,False
SSI_1132118752,90,0.7333333333333333,0.2146864919324248,1.1694405484571057e-25,3230.0,0.6,0.8333333333333334,0.7666666666666667,9.554994180203042e-25,False
SSI_1140235564,90,0.6722222222222223,0.2183057485077186,1.0635458138219909e-19,2695.5,0.7333333333333333,0.7166666666666667,0.5666666666666667,2.444254396206137e-19,False
SSI_1143977328,90,0.6611111111111111,0.21198316384900875,2.3088442250179122e-20,3968.0,0.55,0.75,0.6833333333333333,5.918684618802476e-20,False
SSI_1147595992,90,0.7333333333333333,0.20877492319846405,2.2089575474297847e-26,2536.5,0.5833333333333334,0.7833333333333333,0.8333333333333334,2.286645461174137e-25,False
SSI_1149014317,90,0.7777777777777778,0.2121649637310626,3.446261198094303e-30,4380.5,0.7166666666666667,0.7833333333333333,0.8333333333333334,1.6846460525559816e-28,False
SSI_1161280552,90,0.7722222222222223,0.21314636445755406,4.645443103974726e-30,5500.0,0.6833333333333333,0.7666666666666667,0.8666666666666667,2.031570510799484e-28,False
SSI_1077739276,90,0.6722222222222223,0.19479381514558997,2.71929202294939e-22,2942.5,0.7333333333333333,0.65,0.6333333333333333,9.871070448834115e-22,False
SSI_1080005391,90,0.7055555555555556,0.19375444447479076,2.87603145180116e-26,7519.5,0.65,0.7166666666666667,0.75,2.8490777914594087e-25,False
SSI_1102322183,90,0.6537037037037037,0.1893832476723512,5.091032141928325e-22,2688.0,0.5611111111111111,0.7166666666666667,0.6833333333333333,1.7616701873556512e-21,False
SSI_1127674721,90,0.55,0.1936296957172206,2.9979729378619244e-14,4882.0,0.4666666666666667,0.5666666666666667,0.6166666666666667,3.969673651597117e-14,False
SSI_1131952045,90,0.6703703703703704,0.1907985420942551,9.067197493986586e-23,2913.0,0.6777777777777777,0.6333333333333333,0.7,3.698023952889688e-22,False
SSI_1154483016,90,0.6481481481481481,0.19156577350636148,7.227131058915015e-21,6189.5,0.611111111111111,0.65,0.6833333333333333,1.9882749073118673e-20,False
SSI_1157980807,90,0.6481481481481481,0.19594447259910694,2.2623540476061598e-20,3540.0,0.5833333333333334,0.65,0.711111111111111,5.811704456679126e-20,False
SSI_1159052366,90,0.6611111111111111,0.19130544403274574,1.0438308656877136e-22,3601.5,0.7,0.6166666666666667,0.6666666666666666,4.201118294687124e-22,False
SSI_1160269250,90,0.5555555555555556,0.19407148789130346,3.289082059219597e-14,3880.5,0.4166666666666667,0.65,0.6,4.352777611415751e-14,False
SSI_1162593762,90,0.6870370370370371,0.19066458827936575,1.101479678718317e-24,5819.0,0.6444444444444444,0.6333333333333333,0.7833333333333333,6.812442671161642e-24,False
SSI_1079267820,90,0.5888888888888889,0.20717667404757165,3.331615488910809e-15,8332.0,0.5,0.5666666666666667,0.7,4.680354594254805e-15,False
SSI_1099815237,90,0.5166666666666667,0.21845367006984043,1.08850221784295e-09,4125.5,0.45,0.45,0.65,1.1823970289863615e-09,False
SSI_1108063585,90,0.45555555555555555,0.22274274629681892,8.578568729353134e-07,6351.5,0.35,0.5,0.5166666666666667,8.805648489836011e-07,False
SSI_1131976504,90,0.55,0.216572163097431,2.6426876026519254e-12,6055.5,0.45,0.6333333333333333,0.5666666666666667,3.1493101528188556e-12,False
SSI_1132092469,90,0.6333333333333333,0.21916796397282184,3.7936162594170376e-17,7477.5,0.5666666666666667,0.7166666666666667,0.6166666666666667,6.342299337376724e-17,False
SSI_1159571440,90,0.6722222222222223,0.2177069645868295,9.224088484008337e-20,4219.0,0.6,0.6,0.8166666666666667,2.1379931846710024e-19,False
SSI_1160229722,90,0.6055555555555555,0.2165874374233123,4.2825812619587385e-15,5157.5,0.55,0.65,0.6166666666666667,5.981901671220811e-15,False
SSI_1162729733,90,0.5555555555555556,0.22175953321929853,6.671560275336434e-12,3517.0,0.38333333333333336,0.5833333333333334,0.7,7.805853329811739e-12,False
SSI_1079232894,90,0.6222222222222222,0.20193589436235757,4.803787180178975e-18,4968.5,0.5333333333333333,0.6333333333333333,0.7,8.731883988971157e-18,False
SSI_1079306540,90,0.5611111111111111,0.19548631025898583,4.417508819621949e-14,4740.0,0.4,0.5833333333333334,0.7,5.82091372510055e-14,False
SSI_1079928642,90,0.6537037037037037,0.2050293836893802,3.051744312120458e-20,6502.0,0.6277777777777779,0.65,0.6833333333333333,7.701871233998221e-20,False
SSI_1113304065,90,0.5388888888888889,0.20243086850221578,4.083661201924576e-12,3832.5,0.48333333333333334,0.65,0.48333333333333334,4.8358624897245465e-12,False
SSI_1131980707,90,0.6009259259259259,0.20376910007246035,2.804183891993952e-16,2566.5,0.4277777777777778,0.625,0.75,4.2816382800882657e-16,False
SSI_1132062417,90,0.5203703703703704,0.2059488357288399,3.4000719012703323e-11,3468.5,0.2777777777777778,0.6833333333333333,0.6,3.858047215421933e-11,False
SSI_1134812884,90,0.49444444444444446,0.2036318755961792,1.5017018666889765e-09,5976.5,0.3,0.6,0.5833333333333334,1.6254575366952458e-09,False
SSI_1151508640,90,0.600925925925926,0.2117034801523117,1.5535101409121891e-15,2516.5,0.46111111111111114,0.6583333333333333,0.6833333333333333,2.240392723877496e-15,False
SSI_1159215077,90,0.6222222222222222,0.20545870014475204,1.0928048878315384e-17,4743.5,0.45,0.65,0.7666666666666667,1.9137794558942282e-17,False
SSI_1079189047,90,0.7722222222222223,0.19279749784288083,6.827497347690847e-33,5401.5,0.8666666666666667,0.7166666666666667,0.7333333333333333,1.111971734693916e-30,False
SSI_1079457298,90,0.6888888888888889,0.19606117114629265,5.175184678470292e-24,5948.0,0.65,0.6833333333333333,0.7333333333333333,2.6729336510577e-23,False
SSI_1097276446,90,0.6833333333333333,0.1960283970960573,5.127543041853788e-24,4390.5,0.6166666666666667,0.8,0.6333333333333333,2.659572749734353e-23,False
SSI_1115034836,90,0.7444444444444445,0.19614854332496792,4.538867427247076e-29,5416.5,0.7666666666666667,0.8,0.6666666666666666,1.245893609524113e-27,False
SSI_1124078829,90,0.6944444444444444,0.1987795712466379,1.1076689083812492e-23,2068.0,0.6333333333333333,0.8166666666666667,0.6333333333333333,5.397799661308827e-23,False
SSI_1127667197,90,0.7666666666666667,0.19374417729547327,1.3101734032671951e-31,5369.5,0.7166666666666667,0.75,0.8333333333333334,1.2310590862237529e-29,False
SSI_1158044770,90,0.7388888888888889,0.1933099969957121,2.167043224053916e-28,2445.0,0.7333333333333333,0.75,0.7333333333333333,4.643935610845366e-27,False
SSI_1160982825,90,0.6111111111111112,0.19683983301419097,9.330122631710432e-18,8504.5,0.43333333333333335,0.6333333333333333,0.7666666666666667,1.64218224706546e-17,False
SSI_1079279232,90,0.7111111111111111,0.2141012879999434,8.950243236565542e-24,4835.5,0.65,0.75,0.7333333333333333,4.4532472967270096e-23,False
SSI_1124367896,90,0.7148148148148148,0.2110994783463671,3.994815954958406e-24,3484.5,0.55,0.7444444444444444,0.85,2.1308592528304336e-23,False
SSI_1129092130,90,0.6592592592592593,0.209396213990271,8.957213851275343e-20,4271.0,0.5,0.7944444444444444,0.6833333333333333,2.0800830264891312e-19,False
SSI_1131929952,90,0.5925925925925926,0.20892485942056693,4.803778451873614e-15,3568.0,0.3333333333333333,0.7944444444444444,0.65,6.686969092836033e-15,False
SSI_1132036666,90,0.5055555555555555,0.21092880545667705,3.260105647502346e-10,5937.5,0.36666666666666664,0.48333333333333334,0.6666666666666666,3.600559718285819e-10,False
SSI_1132241739,90,0.5833333333333334,0.19807817453935098,2.648957945409782e-15,5031.5,0.48333333333333334,0.55,0.7166666666666667,3.758074483528512e-15,False
SSI_1132271464,90,0.6333333333333333,0.2133322105186494,1.0350490308056332e-17,2801.0,0.5,0.7,0.7,1.8152367424681707e-17,False
SSI_1142234892,90,0.6722222222222223,0.20894552022229715,1.0870388982530824e-20,5546.0,0.5833333333333334,0.8,0.6333333333333333,2.9066952686799396e-20,False
SSI_1145693960,90,0.6166666666666667,0.21104738379120908,3.8878008621711524e-17,2770.5,0.4,0.7333333333333333,0.7166666666666667,6.4920693822858e-17,False
SSI_1155599451,90,0.5314814814814814,0.20686080233707307,9.20388651672623e-12,4485.0,0.35,0.6777777777777777,0.5666666666666667,1.0681755230575856e-11,False
SSI_1162924788,90,0.6666666666666666,0.2110097796147431,1.816236385087461e-20,6591.0,0.4166666666666667,0.7833333333333333,0.8,4.730347002951671e-20,False
SSI_1080685340,90,0.5388888888888889,0.20672034934709846,8.973016945979305e-12,4887.5,0.48333333333333334,0.4666666666666667,0.6666666666666666,1.0418764448206959e-11,False
SSI_1103368865,90,0.6083333333333333,0.2085517132027834,1.3582276736330584e-16,6105.5,0.4583333333333333,0.6166666666666667,0.75,2.1468822372782423e-16,False
SSI_1106395265,90,0.5648148148148148,0.21588027491089135,4.973687680530399e-13,6150.0,0.3777777777777777,0.5666666666666667,0.75,6.136726769462507e-13,False
SSI_1114624064,90,0.6787037037037037,0.20347854648435934,3.38165887046661e-22,3067.5,0.5361111111111111,0.7,0.8,1.2131266696842772e-21,False
SSI_1132251840,90,0.6129629629629629,0.2127372030315322,3.381809198999592e-16,5823.0,0.5388888888888889,0.65,0.65,5.125161211635238e-16,False
SSI_1141205421,90,0.6277777777777778,0.207388794983817,1.701975271715246e-17,5069.5,0.5166666666666667,0.6333333333333333,0.7333333333333333,2.93638812768386e-17,False
SSI_1157453231,90,0.6981481481481481,0.21265521732870588,5.369505222888689e-23,2250.0,0.4611111111111111,0.7333333333333333,0.9,2.301351098160889e-22,False
SSI_1158281871,90,0.7222222222222222,0.21646511637316695,1.8378998824089644e-24,6121.0,0.5666666666666667,0.8,0.8,1.0741601465849522e-23,False
SSI_1160579056,90,0.6166666666666667,0.21114780489729282,3.9759658251388796e-17,4571.0,0.5666666666666667,0.6166666666666667,0.6666666666666666,6.62979258260859e-17,False
SSI_1162300015,90,0.5175925925925925,0.2122216313114914,1.0017217633365565e-10,3860.5,0.4694444444444444,0.4666666666666667,0.6166666666666667,1.1215427441939539e-10,False
SSI_1079248208,90,0.6592592592592592,0.21931935007574785,9.389183573208713e-19,4838.0,0.5611111111111111,0.7,0.7166666666666667,1.8423916039637663e-18,False
SSI_1079261169,90,0.6555555555555556,0.22839390969130693,7.210414346211072e-18,7528.0,0.7166666666666667,0.6833333333333333,0.5666666666666667,1.2895345715807941e-17,False
SSI_1079383174,90,0.6814814814814815,0.22797364656154026,1.4328413768204888e-19,5089.0,0.6777777777777778,0.6666666666666666,0.7,3.2202681541604914e-19,False
SSI_1079388242,90,0.7194444444444444,0.21673279640537457,1.97504744844117e-24,3242.0,0.75,0.625,0.7833333333333333,1.1460904789885461e-23,False
SSI_1093445474,90,0.625,0.21381466679209826,7.17779778177292e-17,2234.5,0.6666666666666666,0.575,0.6333333333333333,1.1690239987247496e-16,False
SSI_1109239270,90,0.662037037037037,0.22675149818208548,7.546260713237543e-19,2538.0,0.6277777777777778,0.5583333333333333,0.8,1.5037124732821628e-18,False
SSI_1131895026,90,0.7055555555555556,0.22576672563972622,1.8250378923950393e-22,4190.0,0.5833333333333334,0.75,0.7833333333333333,6.988350424954672e-22,False
SSI_1131975329,90,0.6481481481481481,0.22593148942210786,2.668838487376918e-17,3710.5,0.6777777777777777,0.6,0.6666666666666666,4.5152163605691206e-17,False
SSI_1135943093,90,0.5944444444444444,0.22979720044872132,5.777331552380286e-14,3172.5,0.45,0.6,0.7333333333333333,7.543570808372549e-14,False
SSI_1079221532,90,0.687037037037037,0.2044613507292057,5.231519974964906e-23,3313.0,0.5944444444444446,0.7666666666666667,0.7,2.258057119936266e-22,False
SSI_1081505821,90,0.6722222222222223,0.20655503764463828,5.953909386312001e-21,6289.0,0.5166666666666667,0.7666666666666667,0.7333333333333333,1.6718851299724388e-20,False
SSI_1095837725,88,0.6856060606060606,0.20958718904309429,2.196481707987716e-21,3359.0,0.6777777777777777,0.8166666666666667,0.5535714285714286,6.6991321006416855e-21,False
SSI_1116292027,90,0.6777777777777778,0.19692475219682232,5.790197963238758e-23,3127.5,0.6,0.7,0.7333333333333333,2.4558079208667165e-22,False
SSI_1126763238,90,0.6481481481481481,0.1923911434535689,8.98259454345115e-21,4914.0,0.5611111111111112,0.7,0.6833333333333333,2.4248042507901834e-20,False
SSI_1131861711,90,0.6481481481481481,0.20380167181374362,1.6282092966849746e-19,4092.0,0.55,0.7944444444444444,0.6,3.622691540802726e-19,False
SSI_1131891188,90,0.7388888888888889,0.20288674643708648,3.9797745750185186e-27,3195.0,0.65,0.7833333333333333,0.7833333333333333,5.255453668524454e-26,False
SSI_1147869977,90,0.6555555555555556,0.2021813456984565,1.4897938593891393e-20,4031.5,0.6666666666666666,0.6,0.7,3.92617734464689e-20,False
SSI_1158423712,90,0.7518518518518518,0.19843449961072387,7.706552425042482e-30,6547.0,0.7444444444444444,0.7611111111111111,0.75,3.137851262396464e-28,False
SSI_1079490872,90,0.6166666666666667,0.20255250675964787,5.554058061535603e-18,9097.5,0.6,0.6333333333333333,0.6166666666666667,1.0013700254119171e-17,False
SSI_1130203456,90,0.6666666666666666,0.19990686201619082,1.0678522106071557e-21,3305.5,0.6666666666666666,0.7666666666666667,0.5666666666666667,3.473718975383864e-21,False
SSI_1131438580,90,0.6833333333333333,0.20103769319240494,2.0653852520455182e-23,4218.0,0.6,0.8,0.65,9.592654317009888e-23,False
SSI_1131989004,90,0.6425925925925925,0.20683432515297084,3.4043190975160777e-19,1859.0,0.75,0.5777777777777778,0.6,7.219402391694252e-19,False
SSI_1132175688,90,0.7203703703703703,0.20198240856225433,3.19272484683486e-26,3177.0,0.5833333333333334,0.8444444444444444,0.7333333333333333,3.1324605625773345e-25,False
SSI_1152891955,90,0.6833333333333333,0.20117172287315127,2.1426509622272073e-23,4535.0,0.8333333333333334,0.6666666666666666,0.55,9.895078073196725e-23,False
SSI_1153005825,90,0.6314814814814814,0.20423951053372136,1.2510346427357482e-18,4250.0,0.7,0.6444444444444444,0.55,2.419855607445315e-18,False
SSI_1153117570,90,0.5055555555555555,0.20608563872813754,1.452368925337637e-10,1980.0,0.45,0.6333333333333333,0.43333333333333335,1.6201540112328067e-10,False
SSI_1079209555,90,0.6231481481481481,0.20640814870112595,1.3597803391357266e-17,5329.5,0.5083333333333333,0.6611111111111111,0.7,2.362690873761437e-17,False
SSI_1079486216,90,0.65,0.19980231886520863,6.0317003452752e-20,6046.0,0.6666666666666666,0.6,0.6833333333333333,1.4531995999514118e-19,False
SSI_1087216392,90,0.6583333333333333,0.19633077311354488,3.2867887075571455e-21,5180.5,0.6333333333333333,0.5416666666666666,0.8,9.697614507925249e-21,False
SSI_1123997277,90,0.6666666666666666,0.1987577977456714,7.880758767825101e-22,4945.5,0.5833333333333334,0.6833333333333333,0.7333333333333333,2.6265612100677656e-21,False
SSI_1124158701,90,0.6064814814814814,0.206963461485939,9.55072324184576e-17,4949.5,0.525,0.5944444444444444,0.7,1.5431492645389677e-16,False
SSI_1133431796,90,0.7592592592592592,0.20138146667920984,1.9395948947633957e-29,6241.0,0.65,0.7444444444444444,0.8833333333333333,6.074910676803815e-28,False
SSI_1156860582,90,0.7027777777777777,0.19272016524595206,2.106695863625624e-25,4634.5,0.6666666666666666,0.7083333333333334,0.7333333333333333,1.5835870753345846e-24,False
SSI_1160084267,90,0.7305555555555555,0.19920970536735766,1.3261893867684371e-27,4350.0,0.7,0.775,0.7166666666666667,2.103818618100839e-26,False
SSI_1162574994,90,0.6277777777777778,0.20111194057781462,3.953637383502564e-18,4661.5,0.5333333333333333,0.6666666666666666,0.6833333333333333,7.245863561813026e-18,False
SSI_1079200166,90,0.7537037037037038,0.23236688661021576,1.3922972580181115e-25,2015.5,0.7666666666666667,0.7833333333333333,0.711111111111111,1.1152072791272939e-24,False
SSI_1103810584,90,0.6814814814814815,0.2292955838316034,1.9422374079588559e-19,2202.0,0.6833333333333333,0.611111111111111,0.75,4.2669838018376663e-19,False
SSI_1108533422,90,0.5111111111111111,0.2334419985292139,1.0137612127794847e-08,3335.5,0.6333333333333333,0.36666666666666664,0.5333333333333333,1.069813668604873e-08,False
SSI_1131918248,90,0.7481481481481482,0.22700551393048865,3.350619088196254e-25,4309.0,0.7833333333333333,0.6833333333333333,0.7777777777777779,2.380868157011517e-24,False
SSI_1131952773,90,0.5148148148148147,0.23738816951197347,1.7614856978025553e-08,3266.0,0.5166666666666667,0.4777777777777778,0.55,1.846121647246522e-08,False
SSI_1141396897,90,0.5129629629629631,0.22972365271510414,5.945914662753725e-09,3906.5,0.48333333333333334,0.49444444444444446,0.5611111111111111,6.326598223478811e-09,False
SSI_1150061049,90,0.7018518518518518,0.22837707590058673,2.8199217156813066e-21,2796.5,0.6666666666666666,0.7,0.7388888888888888,8.411561357032273e-21,False
SSI_1160091141,90,0.7092592592592593,0.22521116839826272,1.587491552550241e-22,3382.0,0.7666666666666667,0.65,0.711111111111111,6.16572633208305e-22,False
SSI_1160270775,90,0.5907407407407407,0.2249507209110916,1.1567318277959925e-13,4631.5,0.45,0.6277777777777778,0.6944444444444445,1.4779790038209255e-13,False
SSI_1082010306,90,0.6777777777777778,0.2136488998944959,4.603514926693374e-21,2191.0,0.5833333333333334,0.7166666666666667,0.7333333333333333,1.3215495847135031e-20,False
SSI_1082416522,90,0.5925925925925926,0.22091228018710882,5.337658902620105e-14,6250.0,0.4944444444444444,0.6166666666666667,0.6666666666666666,6.984413872041197e-14,False
SSI_1099701605,90,0.5944444444444444,0.2201639815211003,8.836006923852457e-15,3583.0,0.48333333333333334,0.6666666666666666,0.6333333333333333,1.2052688394735652e-14,False
SSI_1131195513,90,0.6388888888888888,0.22456733701737938,1.9843553058251644e-17,2751.0,0.5333333333333333,0.6833333333333333,0.7,3.404339896159324e-17,False
SSI_1131918699,90,0.5907407407407408,0.21287245499553065,1.0821984046459263e-14,6254.0,0.5388888888888889,0.5833333333333334,0.65,1.46816944900624e-14,False
SSI_1132194131,90,0.735185185185185,0.22104151345978312,6.625545247766698e-25,3534.0,0.6888888888888888,0.6833333333333333,0.8333333333333334,4.410410637682301e-24,False
SSI_1150060854,90,0.6611111111111111,0.21696664026534845,7.73022578205991e-20,1922.0,0.5166666666666667,0.6666666666666666,0.8,1.8193585342555258e-19,False
SSI_1158925293,90,0.6888888888888889,0.21585801249662395,1.0177334641170718e-21,3765.0,0.6666666666666666,0.6,0.8,3.3195231680080193e-21,False
SSI_1099488022,90,0.7,0.19981433095923778,1.6269823932155478e-24,5961.0,0.6333333333333333,0.8,0.6666666666666666,9.643544703498846e-24,False
SSI_1108782306,90,0.7222222222222222,0.1970697824268375,7.487572799839607e-27,4633.5,0.65,0.7,0.8166666666666667,9.055515024756516e-26,False
SSI_1131925740,90,0.49444444444444446,0.19316767264793083,2.6299502715724903e-10,3890.5,0.43333333333333335,0.6833333333333333,0.36666666666666664,2.912497059588211e-10,False
SSI_1131926334,90,0.6611111111111111,0.20277304880602315,2.2583148110847924e-21,9559.0,0.75,0.5,0.7333333333333333,6.870564238455975e-21,False
SSI_1132081755,90,0.7537037037037037,0.1960806433829294,3.646921584091498e-30,3100.0,0.7666666666666667,0.7777777777777779,0.7166666666666667,1.7086856037999588e-28,False
SSI_1132217643,90,0.687037037037037,0.193639229526587,2.6002561546843996e-24,6789.5,0.8,0.5944444444444446,0.6666666666666666,1.460327766872181e-23,False
SSI_1158304338,90,0.5425925925925926,0.20148955023685322,7.323531347607979e-13,5108.0,0.5666666666666667,0.5777777777777778,0.48333333333333334,8.950168625415854e-13,False
SSI_1158565956,90,0.6333333333333333,0.20399456497000265,1.1799508555512006e-18,3769.5,0.5333333333333333,0.7,0.6666666666666666,2.2914307950012583e-18,False
SSI_1159686106,90,0.7425925925925926,0.1927641168657893,1.5546888041525084e-29,7985.0,0.65,0.7777777777777778,0.8,5.1325739845197005e-28,False
SSI_1079326345,90,0.75,0.213079703657847,6.562003801628964e-28,2437.5,0.65,0.8333333333333334,0.7666666666666667,1.1369486019418127e-26,False
SSI_1092141537,90,0.6611111111111111,0.2164002004881715,6.749492444712657e-20,6470.0,0.5333333333333333,0.7,0.75,1.6071159885412302e-19,False
SSI_1106450145,90,0.7611111111111111,0.207233809467452,1.160943859359013e-28,6998.5,0.7166666666666667,0.85,0.7166666666666667,2.8361858484140687e-27,False
SSI_1123802001,90,0.7333333333333333,0.21274495820802825,6.804275628643739e-26,4125.0,0.7333333333333333,0.75,0.7166666666666667,5.958009089884106e-25,False
SSI_1124004897,90,0.6888888888888889,0.2086795345275631,1.6042631829640315e-22,3178.0,0.7333333333333333,0.7,0.6333333333333333,6.211117204407494e-22,False
SSI_1132052272,90,0.6333333333333333,0.20991162133428823,4.736215864917484e-18,3350.0,0.4166666666666667,0.75,0.7333333333333333,8.621889238445166e-18,False
SSI_1132064746,90,0.637037037037037,0.218596137719796,3.3465983991155956e-17,4687.5,0.4777777777777778,0.7333333333333333,0.7,5.615205967746841e-17,False
SSI_1139172425,90,0.6777777777777778,0.21570951772580466,7.675303785945526e-21,4242.0,0.6666666666666666,0.6666666666666666,0.7,2.0997499607015587e-20,False
SSI_1079278399,90,0.6759259259259258,0.19533199910579443,3.7320610205841723e-23,4560.0,0.5666666666666667,0.6833333333333333,0.7777777777777778,1.6607331645331755e-22,False
SSI_1082469068,89,0.698501872659176,0.1981992616564309,3.641290729191461e-24,3835.0,0.5611111111111111,0.7068965517241379,0.8277777777777777,1.9724330934400753e-23,False
SSI_1084028383,90,0.6314814814814815,0.2001058075819326,4.608072794659209e-19,4476.5,0.55,0.6833333333333333,0.6611111111111111,9.54836457790708e-19,False
SSI_1089866143,90,0.5981481481481481,0.19337545237124637,2.6145367969642907e-17,2492.0,0.47777777777777775,0.6333333333333333,0.6833333333333333,4.432556138087274e-17,False
SSI_1132232225,90,0.6,0.19934590986933878,1.0409518725841398e-16,4815.0,0.43333333333333335,0.6333333333333333,0.7333333333333333,1.6730562004756932e-16,False
SSI_1136423884,90,0.6888888888888889,0.19839343932299333,9.949124081827993e-24,2974.0,0.6333333333333333,0.6333333333333333,0.8,4.9003447846584245e-23,False
SSI_1161990188,90,0.6055555555555555,0.2071014994127983,5.813374864994492e-16,5264.5,0.3333333333333333,0.65,0.8333333333333334,8.612537777550967e-16,False
SSI_1079233800,90,0.6388888888888888,0.20484925285618094,2.1037940937339275e-19,9664.0,0.38333333333333336,0.8166666666666667,0.7166666666666667,4.576642004445222e-19,False
SSI_1079277924,90,0.6722222222222223,0.2146059476808819,4.379332389268533e-20,4281.5,0.4666666666666667,0.7833333333333333,0.7666666666666667,1.0763288759540268e-19,False
SSI_1079315375,90,0.7333333333333333,0.2157004644001995,1.5482874194394842e-25,4384.5,0.6333333333333333,0.7666666666666667,0.8,1.2162270629230418e-24,False
SSI_1084074220,90,0.7333333333333333,0.21408479982034967,9.893470147624222e-26,4143.0,0.65,0.7166666666666667,0.8333333333333334,8.221002575049651e-25,False
SSI_1095155653,90,0.8055555555555556,0.2131371594002349,2.5009925417281463e-32,4729.0,0.6833333333333333,0.8666666666666667,0.8666666666666667,3.594073399671683e-30,False
SSI_1124180241,90,0.7833333333333333,0.2095058401536739,1.5227536009277942e-30,2832.0,0.65,0.8166666666666667,0.8833333333333333,9.538684736068208e-29,False
SSI_1155944595,90,0.5444444444444444,0.21802610695871985,1.5217662659688075e-11,6455.5,0.4,0.6333333333333333,0.6,1.748671207790121e-11,False
SSI_1159012790,90,0.7055555555555556,0.21135231395921655,4.277849377264553e-24,3542.0,0.5333333333333333,0.8666666666666667,0.7166666666666667,2.276859701232528e-23,False
SSI_1163175783,90,0.6444444444444445,0.21645285139294773,3.248023107643957e-18,4302.0,0.4166666666666667,0.65,0.8666666666666667,6.002209116470641e-18,False
SSI_1079208561,90,0.6888888888888889,0.2192342454432437,2.3672945903290055e-21,6048.0,0.6833333333333333,0.6166666666666667,0.7666666666666667,7.17531102254809e-21,False
SSI_1081912242,90,0.7333333333333333,0.22528295435808887,2.0431998469719135e-24,3769.5,0.8166666666666667,0.6333333333333333,0.75,1.1772493457906568e-23,False
SSI_1115726858,90,0.7388888888888889,0.21826427517254424,3.1269457232719528e-25,2531.5,0.7833333333333333,0.6666666666666666,0.7666666666666667,2.253430207065894e-24,False
SSI_1125258882,90,0.7166666666666667,0.22596827593322588,1.9195506445158877e-22,3028.0,0.6666666666666666,0.7166666666666667,0.7666666666666667,7.281773640609182e-22,False
SSI_1132240905,90,0.7166666666666667,0.21955242684761178,3.747706955847075e-23,4676.0,0.7,0.6666666666666666,0.7833333333333333,1.664663289660801e-22,False
SSI_1147973100,90,0.7111111111111111,0.2145471769303056,1.0078385840122865e-23,2538.5,0.65,0.6333333333333333,0.85,4.954023462257577e-23,False
SSI_1152639212,90,0.6888888888888889,0.22261723045113885,5.432294223923361e-21,5342.0,0.6666666666666666,0.6666666666666666,0.7333333333333333,1.5360063413246263e-20,False
SSI_1157576597,90,0.6027777777777777,0.22052492598021217,9.498094525647677e-15,3235.5,0.375,0.6833333333333333,0.75,1.2926933106494304e-14,False
SSI_1163245918,90,0.6638888888888889,0.21884839169440826,1.2095284426897437e-19,3325.5,0.6583333333333333,0.5666666666666667,0.7666666666666667,2.74107419804364e-19,False
SSI_1079437815,90,0.735185185185185,0.20744859413823302,1.5087212231354032e-26,5229.5,0.8166666666666667,0.6777777777777777,0.711111111111111,1.630887587663624e-25,False
SSI_1088902893,90,0.7666666666666667,0.20800756534326265,1.2199369032570234e-29,5078.0,0.75,0.8,0.75,4.298953717457826e-28,False
SSI_1093543373,90,0.7333333333333333,0.2152215991106498,1.356363804436485e-25,5817.0,0.7333333333333333,0.7666666666666667,0.7,1.0899989388941884e-24,False
SSI_1102987861,90,0.6277777777777778,0.20914608425965545,2.5364895431911632e-17,2766.0,0.6,0.5333333333333333,0.75,4.315211667142069e-17,False
SSI_1106243882,90,0.7333333333333333,0.20722248016613615,1.4133891887354653e-26,2305.0,0.7833333333333333,0.7666666666666667,0.65,1.5542149281121348e-25,False
SSI_1132064350,90,0.6833333333333333,0.21111452507467732,3.0269977339281533e-22,10760.5,0.5833333333333334,0.6666666666666666,0.8,1.0890950609700263e-21,False
SSI_1157143818,90,0.7203703703703703,0.21126082816518257,4.443180572448744e-25,4907.5,0.65,0.6666666666666666,0.8444444444444444,3.0749830420658022e-24,False
SSI_1158794783,90,0.6277777777777778,0.2188862487570644,2.1531386105812195e-16,7367.0,0.5833333333333334,0.6666666666666666,0.6333333333333333,3.3249795358090515e-16,False
SSI_1161441200,90,0.5,0.2132620093122811,1.8251166530171712e-09,5134.5,0.6333333333333333,0.4666666666666667,0.4,1.97115825964675e-09,False
SSI_1158667909,87,0.6781609195402298,0.20473811577046075,2.1273693399334228e-21,4473.0,0.75,0.6166666666666667,0.6724137931034483,6.510559258341317e-21,False
SSI_1079227384,90,0.7111111111111111,0.1897735100704339,8.634265640683649e-27,6738.0,0.5833333333333334,0.85,0.7,1.0141111038552958e-25,False
SSI_1079438013,90,0.5314814814814814,0.18972694950806898,3.4610454040571217e-13,2363.0,0.6,0.4666666666666667,0.5277777777777778,4.3007802248787125e-13,False
SSI_1120739091,90,0.7444444444444445,0.20168284801101638,2.5056874361957074e-28,4020.5,0.6555555555555554,0.8,0.7777777777777778,5.187622378496706e-27,False
SSI_1122038458,90,0.7277777777777777,0.19914281697007954,1.2996685892796755e-27,3837.0,0.6666666666666666,0.7833333333333333,0.7333333333333333,2.0752224598759786e-26,False
SSI_1131917133,90,0.6703703703703704,0.19703026895963632,4.971784150861523e-22,5648.5,0.6777777777777777,0.6833333333333333,0.65,1.725293846669702e-21,False
SSI_1131939245,90,0.7111111111111111,0.19657909049313144,6.641625483468991e-26,3704.5,0.6222222222222221,0.7833333333333333,0.7277777777777777,5.836507574141994e-25,False
SSI_1131941759,90,0.4592592592592592,0.18912774832496618,7.664817579829357e-09,3586.0,0.5666666666666667,0.43333333333333335,0.3777777777777777,8.130763937265793e-09,False
SSI_1143890506,90,0.6351851851851852,0.20031629740225193,4.851391642177394e-19,4120.5,0.5277777777777778,0.7,0.6777777777777777,9.976388705251997e-19,False
SSI_1163174760,90,0.7370370370370369,0.19944854372958581,1.4252928519701414e-27,2835.5,0.7,0.75,0.7611111111111111,2.213888678447497e-26,False
SSI_1106185511,90,0.6694444444444444,0.21465849743118204,4.4354395528962896e-20,3828.5,0.6583333333333333,0.65,0.7,1.0879296011772728e-19,False
SSI_1106332156,90,0.5148148148148147,0.22307830941198567,2.2180896225947784e-09,4924.5,0.4,0.6444444444444444,0.5,2.3892385132270914e-09,False
SSI_1129694575,90,0.6555555555555556,0.21743766608300533,6.073765345080135e-19,3633.0,0.6166666666666667,0.6,0.75,1.2344599615666198e-18,False
SSI_1131882622,90,0.7416666666666667,0.21401333418303095,9.403411659251111e-27,3617.0,0.7083333333333334,0.7333333333333333,0.7833333333333333,1.0868650860240977e-25,False
SSI_1132184579,90,0.55,0.22303317765659467,8.337376389660704e-12,3183.0,0.5,0.4666666666666667,0.6833333333333333,9.69914786663862e-12,False
SSI_1135650293,90,0.5555555555555556,0.22055243999769367,5.392421146591205e-12,7191.5,0.5833333333333334,0.55,0.5333333333333333,6.3426503905259095e-12,False
SSI_1154723197,90,0.6925925925925925,0.2195074552534746,2.5329598602153482e-21,6492.0,0.6166666666666667,0.6777777777777777,0.7833333333333333,7.639532022847032e-21,False
SSI_1163175818,90,0.6388888888888888,0.21730062705659695,3.939263369393266e-18,4345.0,0.5,0.6833333333333333,0.7333333333333333,7.224940248819631e-18,False
